mode: set
github.com/niiniyare/erp/internal/core/abac/workflows/cache_management_workflow.go:32.119,42.23 3 0
github.com/niiniyare/erp/internal/core/abac/workflows/cache_management_workflow.go:42.23,44.3 1 0
github.com/niiniyare/erp/internal/core/abac/workflows/cache_management_workflow.go:45.2,45.26 1 0
github.com/niiniyare/erp/internal/core/abac/workflows/cache_management_workflow.go:45.26,47.3 1 0
github.com/niiniyare/erp/internal/core/abac/workflows/cache_management_workflow.go:48.2,48.37 1 0
github.com/niiniyare/erp/internal/core/abac/workflows/cache_management_workflow.go:48.37,50.3 1 0
github.com/niiniyare/erp/internal/core/abac/workflows/cache_management_workflow.go:52.2,67.6 4 0
github.com/niiniyare/erp/internal/core/abac/workflows/cache_management_workflow.go:67.6,79.17 5 0
github.com/niiniyare/erp/internal/core/abac/workflows/cache_management_workflow.go:79.17,81.4 1 0
github.com/niiniyare/erp/internal/core/abac/workflows/cache_management_workflow.go:81.9,89.4 3 0
github.com/niiniyare/erp/internal/core/abac/workflows/cache_management_workflow.go:92.3,93.17 2 0
github.com/niiniyare/erp/internal/core/abac/workflows/cache_management_workflow.go:93.17,95.9 1 0
github.com/niiniyare/erp/internal/core/abac/workflows/cache_management_workflow.go:99.2,103.8 1 0
github.com/niiniyare/erp/internal/core/abac/workflows/cache_management_workflow.go:132.116,156.45 8 0
github.com/niiniyare/erp/internal/core/abac/workflows/cache_management_workflow.go:156.45,175.17 5 0
github.com/niiniyare/erp/internal/core/abac/workflows/cache_management_workflow.go:175.17,179.12 2 0
github.com/niiniyare/erp/internal/core/abac/workflows/cache_management_workflow.go:182.3,192.37 5 0
github.com/niiniyare/erp/internal/core/abac/workflows/cache_management_workflow.go:192.37,194.4 1 0
github.com/niiniyare/erp/internal/core/abac/workflows/cache_management_workflow.go:197.2,207.8 2 0
github.com/niiniyare/erp/internal/core/abac/workflows/cache_management_workflow.go:227.134,253.61 9 0
github.com/niiniyare/erp/internal/core/abac/workflows/cache_management_workflow.go:253.61,260.3 3 0
github.com/niiniyare/erp/internal/core/abac/workflows/cache_management_workflow.go:263.2,263.33 1 0
github.com/niiniyare/erp/internal/core/abac/workflows/cache_management_workflow.go:263.33,266.17 3 0
github.com/niiniyare/erp/internal/core/abac/workflows/cache_management_workflow.go:266.17,271.4 2 0
github.com/niiniyare/erp/internal/core/abac/workflows/cache_management_workflow.go:271.9,278.4 3 0
github.com/niiniyare/erp/internal/core/abac/workflows/cache_management_workflow.go:281.2,291.8 2 0
github.com/niiniyare/erp/internal/core/abac/workflows/cache_management_workflow.go:297.59,301.32 2 0
github.com/niiniyare/erp/internal/core/abac/workflows/cache_management_workflow.go:301.32,302.47 1 0
github.com/niiniyare/erp/internal/core/abac/workflows/cache_management_workflow.go:302.47,304.4 1 0
github.com/niiniyare/erp/internal/core/abac/workflows/cache_management_workflow.go:306.2,306.14 1 0
github.com/niiniyare/erp/internal/core/abac/workflows/policy_evaluation_workflow.go:35.131,58.22 6 0
github.com/niiniyare/erp/internal/core/abac/workflows/policy_evaluation_workflow.go:58.22,71.38 4 0
github.com/niiniyare/erp/internal/core/abac/workflows/policy_evaluation_workflow.go:71.38,81.4 2 0
github.com/niiniyare/erp/internal/core/abac/workflows/policy_evaluation_workflow.go:84.2,95.16 5 0
github.com/niiniyare/erp/internal/core/abac/workflows/policy_evaluation_workflow.go:95.16,98.3 2 0
github.com/niiniyare/erp/internal/core/abac/workflows/policy_evaluation_workflow.go:101.2,110.16 4 0
github.com/niiniyare/erp/internal/core/abac/workflows/policy_evaluation_workflow.go:110.16,113.3 2 0
github.com/niiniyare/erp/internal/core/abac/workflows/policy_evaluation_workflow.go:116.2,123.16 4 0
github.com/niiniyare/erp/internal/core/abac/workflows/policy_evaluation_workflow.go:123.16,126.3 2 0
github.com/niiniyare/erp/internal/core/abac/workflows/policy_evaluation_workflow.go:129.2,132.41 2 0
github.com/niiniyare/erp/internal/core/abac/workflows/policy_evaluation_workflow.go:132.41,134.3 1 0
github.com/niiniyare/erp/internal/core/abac/workflows/policy_evaluation_workflow.go:137.2,137.45 1 0
github.com/niiniyare/erp/internal/core/abac/workflows/policy_evaluation_workflow.go:137.45,139.3 1 0
github.com/niiniyare/erp/internal/core/abac/workflows/policy_evaluation_workflow.go:142.2,142.39 1 0
github.com/niiniyare/erp/internal/core/abac/workflows/policy_evaluation_workflow.go:142.39,144.3 1 0
github.com/niiniyare/erp/internal/core/abac/workflows/policy_evaluation_workflow.go:147.2,147.55 1 0
github.com/niiniyare/erp/internal/core/abac/workflows/policy_evaluation_workflow.go:147.55,149.3 1 0
github.com/niiniyare/erp/internal/core/abac/workflows/policy_evaluation_workflow.go:152.2,157.16 4 0
github.com/niiniyare/erp/internal/core/abac/workflows/policy_evaluation_workflow.go:157.16,160.3 2 0
github.com/niiniyare/erp/internal/core/abac/workflows/policy_evaluation_workflow.go:163.2,163.51 1 0
github.com/niiniyare/erp/internal/core/abac/workflows/policy_evaluation_workflow.go:163.51,184.3 3 0
github.com/niiniyare/erp/internal/core/abac/workflows/policy_evaluation_workflow.go:186.2,198.8 2 0
github.com/niiniyare/erp/internal/core/abac/workflows/policy_evaluation_workflow.go:222.143,230.31 4 0
github.com/niiniyare/erp/internal/core/abac/workflows/policy_evaluation_workflow.go:230.31,232.3 1 0
github.com/niiniyare/erp/internal/core/abac/workflows/policy_evaluation_workflow.go:234.2,243.55 6 0
github.com/niiniyare/erp/internal/core/abac/workflows/policy_evaluation_workflow.go:243.55,245.47 1 0
github.com/niiniyare/erp/internal/core/abac/workflows/policy_evaluation_workflow.go:245.47,247.17 2 0
github.com/niiniyare/erp/internal/core/abac/workflows/policy_evaluation_workflow.go:247.17,247.42 1 0
github.com/niiniyare/erp/internal/core/abac/workflows/policy_evaluation_workflow.go:250.4,263.23 5 0
github.com/niiniyare/erp/internal/core/abac/workflows/policy_evaluation_workflow.go:268.2,268.33 1 0
github.com/niiniyare/erp/internal/core/abac/workflows/policy_evaluation_workflow.go:268.33,271.17 3 0
github.com/niiniyare/erp/internal/core/abac/workflows/policy_evaluation_workflow.go:271.17,285.4 3 0
github.com/niiniyare/erp/internal/core/abac/workflows/policy_evaluation_workflow.go:285.9,288.4 2 0
github.com/niiniyare/erp/internal/core/abac/workflows/policy_evaluation_workflow.go:291.2,305.8 3 0
github.com/niiniyare/erp/internal/core/abac/workflows/policy_evaluation_workflow.go:311.60,314.31 2 0
github.com/niiniyare/erp/internal/core/abac/workflows/policy_evaluation_workflow.go:314.31,316.3 1 0
github.com/niiniyare/erp/internal/core/abac/workflows/policy_evaluation_workflow.go:317.2,317.13 1 0
github.com/niiniyare/erp/internal/core/abac/workflows/policy_evaluation_workflow.go:321.110,323.37 2 0
github.com/niiniyare/erp/internal/core/abac/workflows/policy_evaluation_workflow.go:323.37,332.3 1 0
github.com/niiniyare/erp/internal/core/abac/workflows/policy_evaluation_workflow.go:333.2,333.16 1 0
github.com/niiniyare/erp/internal/core/abac/services/attribute_cache_service.go:111.62,113.2 1 0
github.com/niiniyare/erp/internal/core/abac/services/attribute_cache_service.go:129.25,136.2 1 0
github.com/niiniyare/erp/internal/core/abac/services/attribute_cache_service.go:139.140,167.65 6 0
github.com/niiniyare/erp/internal/core/abac/services/attribute_cache_service.go:167.65,174.3 4 0
github.com/niiniyare/erp/internal/core/abac/services/attribute_cache_service.go:176.2,184.12 3 0
github.com/niiniyare/erp/internal/core/abac/services/attribute_cache_service.go:188.117,196.61 5 0
github.com/niiniyare/erp/internal/core/abac/services/attribute_cache_service.go:196.61,200.3 2 0
github.com/niiniyare/erp/internal/core/abac/services/attribute_cache_service.go:203.2,203.46 1 0
github.com/niiniyare/erp/internal/core/abac/services/attribute_cache_service.go:203.46,209.3 3 0
github.com/niiniyare/erp/internal/core/abac/services/attribute_cache_service.go:212.2,216.12 3 0
github.com/niiniyare/erp/internal/core/abac/services/attribute_cache_service.go:216.12,218.3 1 0
github.com/niiniyare/erp/internal/core/abac/services/attribute_cache_service.go:220.2,229.41 3 0
github.com/niiniyare/erp/internal/core/abac/services/attribute_cache_service.go:233.92,241.49 5 0
github.com/niiniyare/erp/internal/core/abac/services/attribute_cache_service.go:241.49,248.3 4 0
github.com/niiniyare/erp/internal/core/abac/services/attribute_cache_service.go:250.2,253.12 3 0
github.com/niiniyare/erp/internal/core/abac/services/attribute_cache_service.go:257.172,284.80 6 0
github.com/niiniyare/erp/internal/core/abac/services/attribute_cache_service.go:284.80,291.3 4 0
github.com/niiniyare/erp/internal/core/abac/services/attribute_cache_service.go:293.2,301.12 3 0
github.com/niiniyare/erp/internal/core/abac/services/attribute_cache_service.go:305.148,313.76 5 0
github.com/niiniyare/erp/internal/core/abac/services/attribute_cache_service.go:313.76,317.3 2 0
github.com/niiniyare/erp/internal/core/abac/services/attribute_cache_service.go:320.2,320.51 1 0
github.com/niiniyare/erp/internal/core/abac/services/attribute_cache_service.go:320.51,326.3 3 0
github.com/niiniyare/erp/internal/core/abac/services/attribute_cache_service.go:329.2,333.12 3 0
github.com/niiniyare/erp/internal/core/abac/services/attribute_cache_service.go:333.12,335.3 1 0
github.com/niiniyare/erp/internal/core/abac/services/attribute_cache_service.go:337.2,346.42 3 0
github.com/niiniyare/erp/internal/core/abac/services/attribute_cache_service.go:350.112,358.59 5 0
github.com/niiniyare/erp/internal/core/abac/services/attribute_cache_service.go:358.59,365.3 4 0
github.com/niiniyare/erp/internal/core/abac/services/attribute_cache_service.go:367.2,370.12 3 0
github.com/niiniyare/erp/internal/core/abac/services/attribute_cache_service.go:374.158,402.74 7 0
github.com/niiniyare/erp/internal/core/abac/services/attribute_cache_service.go:402.74,409.3 4 0
github.com/niiniyare/erp/internal/core/abac/services/attribute_cache_service.go:411.2,419.12 3 0
github.com/niiniyare/erp/internal/core/abac/services/attribute_cache_service.go:423.133,431.70 5 0
github.com/niiniyare/erp/internal/core/abac/services/attribute_cache_service.go:431.70,435.3 2 0
github.com/niiniyare/erp/internal/core/abac/services/attribute_cache_service.go:438.2,438.48 1 0
github.com/niiniyare/erp/internal/core/abac/services/attribute_cache_service.go:438.48,444.3 3 0
github.com/niiniyare/erp/internal/core/abac/services/attribute_cache_service.go:447.2,451.12 3 0
github.com/niiniyare/erp/internal/core/abac/services/attribute_cache_service.go:451.12,453.3 1 0
github.com/niiniyare/erp/internal/core/abac/services/attribute_cache_service.go:455.2,465.45 4 0
github.com/niiniyare/erp/internal/core/abac/services/attribute_cache_service.go:469.106,477.56 5 0
github.com/niiniyare/erp/internal/core/abac/services/attribute_cache_service.go:477.56,484.3 4 0
github.com/niiniyare/erp/internal/core/abac/services/attribute_cache_service.go:486.2,489.12 3 0
github.com/niiniyare/erp/internal/core/abac/services/attribute_cache_service.go:493.113,505.31 7 0
github.com/niiniyare/erp/internal/core/abac/services/attribute_cache_service.go:505.31,506.74 1 0
github.com/niiniyare/erp/internal/core/abac/services/attribute_cache_service.go:506.74,510.4 2 0
github.com/niiniyare/erp/internal/core/abac/services/attribute_cache_service.go:510.9,512.4 1 0
github.com/niiniyare/erp/internal/core/abac/services/attribute_cache_service.go:515.2,515.42 1 0
github.com/niiniyare/erp/internal/core/abac/services/attribute_cache_service.go:515.42,519.3 2 0
github.com/niiniyare/erp/internal/core/abac/services/attribute_cache_service.go:521.2,521.21 1 0
github.com/niiniyare/erp/internal/core/abac/services/attribute_cache_service.go:521.21,530.3 2 0
github.com/niiniyare/erp/internal/core/abac/services/attribute_cache_service.go:530.8,533.3 1 0
github.com/niiniyare/erp/internal/core/abac/services/attribute_cache_service.go:535.2,543.12 2 0
github.com/niiniyare/erp/internal/core/abac/services/attribute_cache_service.go:547.140,559.27 8 0
github.com/niiniyare/erp/internal/core/abac/services/attribute_cache_service.go:559.27,560.67 1 0
github.com/niiniyare/erp/internal/core/abac/services/attribute_cache_service.go:560.67,563.4 2 0
github.com/niiniyare/erp/internal/core/abac/services/attribute_cache_service.go:563.9,565.4 1 0
github.com/niiniyare/erp/internal/core/abac/services/attribute_cache_service.go:569.2,581.20 4 0
github.com/niiniyare/erp/internal/core/abac/services/attribute_cache_service.go:585.104,596.27 7 0
github.com/niiniyare/erp/internal/core/abac/services/attribute_cache_service.go:596.27,597.57 1 0
github.com/niiniyare/erp/internal/core/abac/services/attribute_cache_service.go:597.57,601.4 2 0
github.com/niiniyare/erp/internal/core/abac/services/attribute_cache_service.go:601.9,603.4 1 0
github.com/niiniyare/erp/internal/core/abac/services/attribute_cache_service.go:606.2,606.42 1 0
github.com/niiniyare/erp/internal/core/abac/services/attribute_cache_service.go:606.42,610.3 2 0
github.com/niiniyare/erp/internal/core/abac/services/attribute_cache_service.go:612.2,612.21 1 0
github.com/niiniyare/erp/internal/core/abac/services/attribute_cache_service.go:612.21,615.3 1 0
github.com/niiniyare/erp/internal/core/abac/services/attribute_cache_service.go:615.8,618.3 1 0
github.com/niiniyare/erp/internal/core/abac/services/attribute_cache_service.go:620.2,628.12 2 0
github.com/niiniyare/erp/internal/core/abac/services/attribute_cache_service.go:632.96,640.60 5 0
github.com/niiniyare/erp/internal/core/abac/services/attribute_cache_service.go:640.60,647.3 4 0
github.com/niiniyare/erp/internal/core/abac/services/attribute_cache_service.go:649.2,656.12 3 0
github.com/niiniyare/erp/internal/core/abac/services/attribute_cache_service.go:660.97,674.35 5 0
github.com/niiniyare/erp/internal/core/abac/services/attribute_cache_service.go:674.35,675.61 1 0
github.com/niiniyare/erp/internal/core/abac/services/attribute_cache_service.go:675.61,678.4 1 0
github.com/niiniyare/erp/internal/core/abac/services/attribute_cache_service.go:681.2,682.12 2 0
github.com/niiniyare/erp/internal/core/abac/services/attribute_cache_service.go:686.106,700.35 5 0
github.com/niiniyare/erp/internal/core/abac/services/attribute_cache_service.go:700.35,701.61 1 0
github.com/niiniyare/erp/internal/core/abac/services/attribute_cache_service.go:701.61,704.4 1 0
github.com/niiniyare/erp/internal/core/abac/services/attribute_cache_service.go:707.2,708.12 2 0
github.com/niiniyare/erp/internal/core/abac/services/attribute_cache_service.go:712.98,730.2 4 0
github.com/niiniyare/erp/internal/core/abac/services/attribute_cache_service.go:733.82,748.2 7 0
github.com/niiniyare/erp/internal/core/abac/services/attribute_cache_service.go:753.74,755.2 1 0
github.com/niiniyare/erp/internal/core/abac/services/attribute_cache_service.go:758.104,759.23 1 0
github.com/niiniyare/erp/internal/core/abac/services/attribute_cache_service.go:759.23,761.3 1 0
github.com/niiniyare/erp/internal/core/abac/services/attribute_cache_service.go:762.2,762.82 1 0
github.com/niiniyare/erp/internal/core/abac/services/attribute_cache_service.go:766.83,768.2 1 0
github.com/niiniyare/erp/internal/core/abac/services/attribute_cache_service.go:771.77,773.2 1 0
github.com/niiniyare/erp/internal/core/abac/services/attribute_cache_service.go:776.73,778.2 1 0
github.com/niiniyare/erp/internal/core/abac/services/attribute_cache_service.go:781.78,783.2 1 0
github.com/niiniyare/erp/internal/core/abac/services/attribute_cache_service.go:786.92,790.2 2 0
github.com/niiniyare/erp/internal/core/abac/services/attribute_cache_service.go:793.98,799.27 4 0
github.com/niiniyare/erp/internal/core/abac/services/attribute_cache_service.go:799.27,801.3 1 0
github.com/niiniyare/erp/internal/core/abac/services/attribute_cache_service.go:803.2,805.25 2 0
github.com/niiniyare/erp/internal/core/abac/services/attribute_cache_service.go:805.25,807.3 1 0
github.com/niiniyare/erp/internal/core/abac/services/attribute_cache_service.go:810.2,810.32 1 0
github.com/niiniyare/erp/internal/core/abac/services/attribute_cache_service.go:810.32,814.3 3 0
github.com/niiniyare/erp/internal/core/abac/services/attribute_cache_service.go:817.2,817.28 1 0
github.com/niiniyare/erp/internal/core/abac/services/attribute_cache_service.go:817.28,821.3 3 0
github.com/niiniyare/erp/internal/core/abac/services/attribute_cache_service.go:824.2,827.23 3 0
github.com/niiniyare/erp/internal/core/abac/services/attribute_cache_service.go:833.123,858.2 4 0
github.com/niiniyare/erp/internal/core/abac/services/attribute_cache_service.go:861.145,864.20 3 0
github.com/niiniyare/erp/internal/core/abac/services/attribute_cache_service.go:864.20,866.3 1 0
github.com/niiniyare/erp/internal/core/abac/services/attribute_cache_service.go:869.2,913.4 8 0
github.com/niiniyare/erp/internal/core/abac/services/attribute_collection_service.go:87.30,97.2 1 0
github.com/niiniyare/erp/internal/core/abac/services/attribute_collection_service.go:100.142,111.70 7 0
github.com/niiniyare/erp/internal/core/abac/services/attribute_collection_service.go:111.70,114.3 2 0
github.com/niiniyare/erp/internal/core/abac/services/attribute_collection_service.go:117.2,118.16 2 0
github.com/niiniyare/erp/internal/core/abac/services/attribute_collection_service.go:118.16,125.3 4 0
github.com/niiniyare/erp/internal/core/abac/services/attribute_collection_service.go:128.2,129.16 2 0
github.com/niiniyare/erp/internal/core/abac/services/attribute_collection_service.go:129.16,136.3 4 0
github.com/niiniyare/erp/internal/core/abac/services/attribute_collection_service.go:138.2,141.90 2 0
github.com/niiniyare/erp/internal/core/abac/services/attribute_collection_service.go:141.90,145.3 3 0
github.com/niiniyare/erp/internal/core/abac/services/attribute_collection_service.go:148.2,148.26 1 0
github.com/niiniyare/erp/internal/core/abac/services/attribute_collection_service.go:148.26,149.98 1 0
github.com/niiniyare/erp/internal/core/abac/services/attribute_collection_service.go:149.98,152.4 1 0
github.com/niiniyare/erp/internal/core/abac/services/attribute_collection_service.go:156.2,156.28 1 0
github.com/niiniyare/erp/internal/core/abac/services/attribute_collection_service.go:156.28,157.102 1 0
github.com/niiniyare/erp/internal/core/abac/services/attribute_collection_service.go:157.102,160.4 1 0
github.com/niiniyare/erp/internal/core/abac/services/attribute_collection_service.go:164.2,165.73 2 0
github.com/niiniyare/erp/internal/core/abac/services/attribute_collection_service.go:165.73,168.3 1 0
github.com/niiniyare/erp/internal/core/abac/services/attribute_collection_service.go:170.2,178.24 3 0
github.com/niiniyare/erp/internal/core/abac/services/attribute_collection_service.go:182.172,186.50 1 0
github.com/niiniyare/erp/internal/core/abac/services/attribute_collection_service.go:186.50,187.26 1 0
github.com/niiniyare/erp/internal/core/abac/services/attribute_collection_service.go:187.26,189.6 1 0
github.com/niiniyare/erp/internal/core/abac/services/attribute_collection_service.go:190.5,190.17 1 0
github.com/niiniyare/erp/internal/core/abac/services/attribute_collection_service.go:193.2,201.23 5 0
github.com/niiniyare/erp/internal/core/abac/services/attribute_collection_service.go:201.23,203.3 1 0
github.com/niiniyare/erp/internal/core/abac/services/attribute_collection_service.go:203.8,205.3 1 0
github.com/niiniyare/erp/internal/core/abac/services/attribute_collection_service.go:207.2,208.70 2 0
github.com/niiniyare/erp/internal/core/abac/services/attribute_collection_service.go:208.70,211.3 2 0
github.com/niiniyare/erp/internal/core/abac/services/attribute_collection_service.go:214.2,215.16 2 0
github.com/niiniyare/erp/internal/core/abac/services/attribute_collection_service.go:215.16,222.3 4 0
github.com/niiniyare/erp/internal/core/abac/services/attribute_collection_service.go:224.2,230.23 3 0
github.com/niiniyare/erp/internal/core/abac/services/attribute_collection_service.go:230.23,231.123 1 0
github.com/niiniyare/erp/internal/core/abac/services/attribute_collection_service.go:231.123,234.4 1 0
github.com/niiniyare/erp/internal/core/abac/services/attribute_collection_service.go:238.2,239.73 2 0
github.com/niiniyare/erp/internal/core/abac/services/attribute_collection_service.go:239.73,242.3 1 0
github.com/niiniyare/erp/internal/core/abac/services/attribute_collection_service.go:244.2,253.24 3 0
github.com/niiniyare/erp/internal/core/abac/services/attribute_collection_service.go:257.165,266.16 6 0
github.com/niiniyare/erp/internal/core/abac/services/attribute_collection_service.go:266.16,272.3 4 0
github.com/niiniyare/erp/internal/core/abac/services/attribute_collection_service.go:274.2,278.28 3 0
github.com/niiniyare/erp/internal/core/abac/services/attribute_collection_service.go:278.28,280.3 1 0
github.com/niiniyare/erp/internal/core/abac/services/attribute_collection_service.go:283.2,289.25 5 0
github.com/niiniyare/erp/internal/core/abac/services/attribute_collection_service.go:289.25,292.3 2 0
github.com/niiniyare/erp/internal/core/abac/services/attribute_collection_service.go:294.2,294.25 1 0
github.com/niiniyare/erp/internal/core/abac/services/attribute_collection_service.go:294.25,296.3 1 0
github.com/niiniyare/erp/internal/core/abac/services/attribute_collection_service.go:299.2,299.25 1 0
github.com/niiniyare/erp/internal/core/abac/services/attribute_collection_service.go:299.25,300.40 1 0
github.com/niiniyare/erp/internal/core/abac/services/attribute_collection_service.go:300.40,303.4 2 0
github.com/niiniyare/erp/internal/core/abac/services/attribute_collection_service.go:307.2,307.27 1 0
github.com/niiniyare/erp/internal/core/abac/services/attribute_collection_service.go:307.27,308.42 1 0
github.com/niiniyare/erp/internal/core/abac/services/attribute_collection_service.go:308.42,311.4 2 0
github.com/niiniyare/erp/internal/core/abac/services/attribute_collection_service.go:315.2,315.28 1 0
github.com/niiniyare/erp/internal/core/abac/services/attribute_collection_service.go:315.28,316.43 1 0
github.com/niiniyare/erp/internal/core/abac/services/attribute_collection_service.go:316.43,319.4 2 0
github.com/niiniyare/erp/internal/core/abac/services/attribute_collection_service.go:322.2,329.24 3 0
github.com/niiniyare/erp/internal/core/abac/services/attribute_collection_service.go:333.155,342.16 6 0
github.com/niiniyare/erp/internal/core/abac/services/attribute_collection_service.go:342.16,348.3 4 0
github.com/niiniyare/erp/internal/core/abac/services/attribute_collection_service.go:350.2,353.38 2 0
github.com/niiniyare/erp/internal/core/abac/services/attribute_collection_service.go:353.38,361.3 3 0
github.com/niiniyare/erp/internal/core/abac/services/attribute_collection_service.go:363.2,370.24 3 0
github.com/niiniyare/erp/internal/core/abac/services/attribute_collection_service.go:374.146,385.70 7 0
github.com/niiniyare/erp/internal/core/abac/services/attribute_collection_service.go:385.70,388.3 2 0
github.com/niiniyare/erp/internal/core/abac/services/attribute_collection_service.go:391.2,392.16 2 0
github.com/niiniyare/erp/internal/core/abac/services/attribute_collection_service.go:392.16,399.3 4 0
github.com/niiniyare/erp/internal/core/abac/services/attribute_collection_service.go:401.2,409.73 4 0
github.com/niiniyare/erp/internal/core/abac/services/attribute_collection_service.go:409.73,412.3 1 0
github.com/niiniyare/erp/internal/core/abac/services/attribute_collection_service.go:414.2,422.24 3 0
github.com/niiniyare/erp/internal/core/abac/services/attribute_collection_service.go:426.141,437.70 7 0
github.com/niiniyare/erp/internal/core/abac/services/attribute_collection_service.go:437.70,440.3 2 0
github.com/niiniyare/erp/internal/core/abac/services/attribute_collection_service.go:443.2,444.16 2 0
github.com/niiniyare/erp/internal/core/abac/services/attribute_collection_service.go:444.16,451.3 4 0
github.com/niiniyare/erp/internal/core/abac/services/attribute_collection_service.go:453.2,464.73 8 0
github.com/niiniyare/erp/internal/core/abac/services/attribute_collection_service.go:464.73,467.3 1 0
github.com/niiniyare/erp/internal/core/abac/services/attribute_collection_service.go:469.2,477.24 3 0
github.com/niiniyare/erp/internal/core/abac/services/attribute_collection_service.go:481.147,508.16 8 0
github.com/niiniyare/erp/internal/core/abac/services/attribute_collection_service.go:508.16,514.3 3 0
github.com/niiniyare/erp/internal/core/abac/services/attribute_collection_service.go:515.2,519.16 3 0
github.com/niiniyare/erp/internal/core/abac/services/attribute_collection_service.go:519.16,525.3 3 0
github.com/niiniyare/erp/internal/core/abac/services/attribute_collection_service.go:526.2,532.32 3 0
github.com/niiniyare/erp/internal/core/abac/services/attribute_collection_service.go:532.32,534.67 1 0
github.com/niiniyare/erp/internal/core/abac/services/attribute_collection_service.go:534.67,536.4 1 0
github.com/niiniyare/erp/internal/core/abac/services/attribute_collection_service.go:537.3,537.70 1 0
github.com/niiniyare/erp/internal/core/abac/services/attribute_collection_service.go:537.70,539.4 1 0
github.com/niiniyare/erp/internal/core/abac/services/attribute_collection_service.go:540.3,540.75 1 0
github.com/niiniyare/erp/internal/core/abac/services/attribute_collection_service.go:540.75,542.4 1 0
github.com/niiniyare/erp/internal/core/abac/services/attribute_collection_service.go:543.3,543.80 1 0
github.com/niiniyare/erp/internal/core/abac/services/attribute_collection_service.go:543.80,545.4 1 0
github.com/niiniyare/erp/internal/core/abac/services/attribute_collection_service.go:548.2,549.16 2 0
github.com/niiniyare/erp/internal/core/abac/services/attribute_collection_service.go:549.16,554.3 3 0
github.com/niiniyare/erp/internal/core/abac/services/attribute_collection_service.go:555.2,558.28 2 0
github.com/niiniyare/erp/internal/core/abac/services/attribute_collection_service.go:558.28,560.17 2 0
github.com/niiniyare/erp/internal/core/abac/services/attribute_collection_service.go:560.17,563.4 1 0
github.com/niiniyare/erp/internal/core/abac/services/attribute_collection_service.go:563.9,565.4 1 0
github.com/niiniyare/erp/internal/core/abac/services/attribute_collection_service.go:569.2,569.25 1 0
github.com/niiniyare/erp/internal/core/abac/services/attribute_collection_service.go:569.25,571.17 2 0
github.com/niiniyare/erp/internal/core/abac/services/attribute_collection_service.go:571.17,574.4 1 0
github.com/niiniyare/erp/internal/core/abac/services/attribute_collection_service.go:574.9,576.4 1 0
github.com/niiniyare/erp/internal/core/abac/services/attribute_collection_service.go:580.2,581.16 2 0
github.com/niiniyare/erp/internal/core/abac/services/attribute_collection_service.go:581.16,584.3 1 0
github.com/niiniyare/erp/internal/core/abac/services/attribute_collection_service.go:584.8,586.3 1 0
github.com/niiniyare/erp/internal/core/abac/services/attribute_collection_service.go:589.2,590.60 2 0
github.com/niiniyare/erp/internal/core/abac/services/attribute_collection_service.go:590.60,595.3 3 0
github.com/niiniyare/erp/internal/core/abac/services/attribute_collection_service.go:598.2,598.25 1 0
github.com/niiniyare/erp/internal/core/abac/services/attribute_collection_service.go:598.25,600.3 1 0
github.com/niiniyare/erp/internal/core/abac/services/attribute_collection_service.go:603.2,621.25 4 0
github.com/niiniyare/erp/internal/core/abac/services/attribute_collection_service.go:625.130,629.42 3 0
github.com/niiniyare/erp/internal/core/abac/services/attribute_collection_service.go:629.42,632.17 2 0
github.com/niiniyare/erp/internal/core/abac/services/attribute_collection_service.go:632.17,634.62 1 0
github.com/niiniyare/erp/internal/core/abac/services/attribute_collection_service.go:634.62,637.13 2 0
github.com/niiniyare/erp/internal/core/abac/services/attribute_collection_service.go:639.4,639.14 1 0
github.com/niiniyare/erp/internal/core/abac/services/attribute_collection_service.go:643.3,643.70 1 0
github.com/niiniyare/erp/internal/core/abac/services/attribute_collection_service.go:643.70,647.4 1 0
github.com/niiniyare/erp/internal/core/abac/services/attribute_collection_service.go:650.2,650.12 1 0
github.com/niiniyare/erp/internal/core/abac/services/attribute_collection_service.go:654.154,667.2 6 0
github.com/niiniyare/erp/internal/core/abac/services/attribute_collection_service.go:677.9,688.32 8 0
github.com/niiniyare/erp/internal/core/abac/services/attribute_collection_service.go:688.32,689.47 1 0
github.com/niiniyare/erp/internal/core/abac/services/attribute_collection_service.go:689.47,693.4 3 0
github.com/niiniyare/erp/internal/core/abac/services/attribute_collection_service.go:696.2,696.12 1 0
github.com/niiniyare/erp/internal/core/abac/services/attribute_collection_service.go:705.9,707.16 2 0
github.com/niiniyare/erp/internal/core/abac/services/attribute_collection_service.go:707.16,709.3 1 0
github.com/niiniyare/erp/internal/core/abac/services/attribute_collection_service.go:712.2,718.24 6 0
github.com/niiniyare/erp/internal/core/abac/services/attribute_collection_service.go:718.24,720.3 1 0
github.com/niiniyare/erp/internal/core/abac/services/attribute_collection_service.go:723.2,723.38 1 0
github.com/niiniyare/erp/internal/core/abac/services/attribute_collection_service.go:723.38,724.53 1 0
github.com/niiniyare/erp/internal/core/abac/services/attribute_collection_service.go:724.53,728.4 3 0
github.com/niiniyare/erp/internal/core/abac/services/attribute_collection_service.go:731.2,731.12 1 0
github.com/niiniyare/erp/internal/core/abac/services/attribute_collection_service.go:740.9,742.16 2 0
github.com/niiniyare/erp/internal/core/abac/services/attribute_collection_service.go:742.16,744.3 1 0
github.com/niiniyare/erp/internal/core/abac/services/attribute_collection_service.go:747.2,752.35 5 0
github.com/niiniyare/erp/internal/core/abac/services/attribute_collection_service.go:752.35,754.3 1 0
github.com/niiniyare/erp/internal/core/abac/services/attribute_collection_service.go:756.2,756.34 1 0
github.com/niiniyare/erp/internal/core/abac/services/attribute_collection_service.go:756.34,758.3 1 0
github.com/niiniyare/erp/internal/core/abac/services/attribute_collection_service.go:760.2,760.31 1 0
github.com/niiniyare/erp/internal/core/abac/services/attribute_collection_service.go:760.31,762.3 1 0
github.com/niiniyare/erp/internal/core/abac/services/attribute_collection_service.go:765.2,765.38 1 0
github.com/niiniyare/erp/internal/core/abac/services/attribute_collection_service.go:765.38,766.53 1 0
github.com/niiniyare/erp/internal/core/abac/services/attribute_collection_service.go:766.53,770.4 3 0
github.com/niiniyare/erp/internal/core/abac/services/attribute_collection_service.go:773.2,773.12 1 0
github.com/niiniyare/erp/internal/core/abac/services/attribute_collection_service.go:783.3,786.23 2 0
github.com/niiniyare/erp/internal/core/abac/services/attribute_collection_service.go:786.23,788.3 1 0
github.com/niiniyare/erp/internal/core/abac/services/attribute_collection_service.go:791.2,791.170 1 0
github.com/niiniyare/erp/internal/core/abac/services/attribute_collection_service.go:801.9,808.2 2 0
github.com/niiniyare/erp/internal/core/abac/services/attribute_collection_service.go:818.3,821.31 2 0
github.com/niiniyare/erp/internal/core/abac/services/attribute_collection_service.go:821.31,822.23 1 0
github.com/niiniyare/erp/internal/core/abac/services/attribute_collection_service.go:822.23,824.9 2 0
github.com/niiniyare/erp/internal/core/abac/services/attribute_collection_service.go:828.2,828.20 1 0
github.com/niiniyare/erp/internal/core/abac/services/attribute_collection_service.go:828.20,831.3 1 0
github.com/niiniyare/erp/internal/core/abac/services/attribute_collection_service.go:834.2,846.30 3 0
github.com/niiniyare/erp/internal/core/abac/services/attribute_collection_service.go:850.138,852.44 1 0
github.com/niiniyare/erp/internal/core/abac/services/attribute_collection_service.go:852.44,854.3 1 0
github.com/niiniyare/erp/internal/core/abac/services/attribute_collection_service.go:857.2,857.53 1 0
github.com/niiniyare/erp/internal/core/abac/services/attribute_collection_service.go:857.53,858.37 1 0
github.com/niiniyare/erp/internal/core/abac/services/attribute_collection_service.go:858.37,860.50 2 0
github.com/niiniyare/erp/internal/core/abac/services/attribute_collection_service.go:860.50,861.28 1 0
github.com/niiniyare/erp/internal/core/abac/services/attribute_collection_service.go:861.28,863.6 1 0
github.com/niiniyare/erp/internal/core/abac/services/attribute_collection_service.go:865.4,865.100 1 0
github.com/niiniyare/erp/internal/core/abac/services/attribute_collection_service.go:871.2,871.12 1 0
github.com/niiniyare/erp/internal/core/abac/services/attribute_collection_service.go:875.81,881.2 4 0
github.com/niiniyare/erp/internal/core/abac/services/attribute_collection_service.go:884.87,885.22 1 0
github.com/niiniyare/erp/internal/core/abac/services/attribute_collection_service.go:886.12,887.40 1 0
github.com/niiniyare/erp/internal/core/abac/services/attribute_collection_service.go:888.43,889.39 1 0
github.com/niiniyare/erp/internal/core/abac/services/attribute_collection_service.go:890.17,891.37 1 0
github.com/niiniyare/erp/internal/core/abac/services/attribute_collection_service.go:892.13,893.38 1 0
github.com/niiniyare/erp/internal/core/abac/services/attribute_collection_service.go:894.22,895.37 1 0
github.com/niiniyare/erp/internal/core/abac/services/attribute_collection_service.go:896.10,897.39 1 0
github.com/niiniyare/erp/internal/core/abac/services/attribute_collection_service.go:902.67,909.2 1 0
github.com/niiniyare/erp/internal/core/abac/services/attribute_collection_service.go:912.77,914.9 2 0
github.com/niiniyare/erp/internal/core/abac/services/attribute_collection_service.go:915.147,916.16 1 0
github.com/niiniyare/erp/internal/core/abac/services/attribute_collection_service.go:917.188,918.17 1 0
github.com/niiniyare/erp/internal/core/abac/services/attribute_collection_service.go:919.80,920.18 1 0
github.com/niiniyare/erp/internal/core/abac/services/attribute_collection_service.go:921.78,922.19 1 0
github.com/niiniyare/erp/internal/core/abac/services/attribute_collection_service.go:923.10,924.17 1 0
github.com/niiniyare/erp/internal/core/abac/services/attribute_collection_service.go:929.71,931.2 1 0
github.com/niiniyare/erp/internal/core/abac/services/attribute_collection_service.go:934.72,936.2 1 0
github.com/niiniyare/erp/internal/core/abac/services/attribute_collection_service.go:939.73,941.2 1 0
github.com/niiniyare/erp/internal/core/abac/services/attribute_collection_service.go:944.89,946.9 2 0
github.com/niiniyare/erp/internal/core/abac/services/attribute_collection_service.go:947.136,948.20 1 0
github.com/niiniyare/erp/internal/core/abac/services/attribute_collection_service.go:949.92,950.20 1 0
github.com/niiniyare/erp/internal/core/abac/services/attribute_collection_service.go:951.93,952.18 1 0
github.com/niiniyare/erp/internal/core/abac/services/attribute_collection_service.go:953.46,954.16 1 0
github.com/niiniyare/erp/internal/core/abac/services/attribute_collection_service.go:955.10,956.19 1 0
github.com/niiniyare/erp/internal/core/abac/services/attribute_collection_service.go:961.98,965.78 1 0
github.com/niiniyare/erp/internal/core/abac/services/attribute_collection_service.go:965.78,974.3 1 0
github.com/niiniyare/erp/internal/core/abac/services/attribute_collection_service.go:977.2,977.79 1 0
github.com/niiniyare/erp/internal/core/abac/services/attribute_collection_service.go:977.79,986.3 1 0
github.com/niiniyare/erp/internal/core/abac/services/attribute_collection_service.go:990.98,994.2 0 0
github.com/niiniyare/erp/internal/core/abac/services/attribute_collection_service.go:997.105,1008.2 2 0
github.com/niiniyare/erp/internal/core/abac/services/attribute_collection_service.go:1011.104,1019.2 1 0
github.com/niiniyare/erp/internal/core/abac/services/attribute_collection_service.go:1022.100,1029.2 6 0
github.com/niiniyare/erp/internal/core/abac/services/attribute_collection_service.go:1032.105,1033.37 1 0
github.com/niiniyare/erp/internal/core/abac/services/attribute_collection_service.go:1033.37,1034.23 1 0
github.com/niiniyare/erp/internal/core/abac/services/attribute_collection_service.go:1034.23,1036.4 1 0
github.com/niiniyare/erp/internal/core/abac/services/attribute_collection_service.go:1041.143,1068.15 5 0
github.com/niiniyare/erp/internal/core/abac/services/attribute_collection_service.go:1068.15,1080.3 2 0
github.com/niiniyare/erp/internal/core/abac/services/attribute_validation_service.go:91.30,98.2 1 0
github.com/niiniyare/erp/internal/core/abac/services/attribute_validation_service.go:101.157,110.15 4 0
github.com/niiniyare/erp/internal/core/abac/services/attribute_validation_service.go:110.15,112.3 1 0
github.com/niiniyare/erp/internal/core/abac/services/attribute_validation_service.go:115.2,115.88 1 0
github.com/niiniyare/erp/internal/core/abac/services/attribute_validation_service.go:115.88,122.3 4 0
github.com/niiniyare/erp/internal/core/abac/services/attribute_validation_service.go:125.2,125.28 1 0
github.com/niiniyare/erp/internal/core/abac/services/attribute_validation_service.go:125.28,127.3 1 0
github.com/niiniyare/erp/internal/core/abac/services/attribute_validation_service.go:130.2,130.86 1 0
github.com/niiniyare/erp/internal/core/abac/services/attribute_validation_service.go:130.86,134.3 3 0
github.com/niiniyare/erp/internal/core/abac/services/attribute_validation_service.go:137.2,137.39 1 0
github.com/niiniyare/erp/internal/core/abac/services/attribute_validation_service.go:137.39,138.97 1 0
github.com/niiniyare/erp/internal/core/abac/services/attribute_validation_service.go:138.97,142.4 3 0
github.com/niiniyare/erp/internal/core/abac/services/attribute_validation_service.go:146.2,146.39 1 0
github.com/niiniyare/erp/internal/core/abac/services/attribute_validation_service.go:146.39,149.46 2 0
github.com/niiniyare/erp/internal/core/abac/services/attribute_validation_service.go:149.46,151.4 1 0
github.com/niiniyare/erp/internal/core/abac/services/attribute_validation_service.go:152.3,152.83 1 0
github.com/niiniyare/erp/internal/core/abac/services/attribute_validation_service.go:152.83,156.4 3 0
github.com/niiniyare/erp/internal/core/abac/services/attribute_validation_service.go:160.2,160.74 1 0
github.com/niiniyare/erp/internal/core/abac/services/attribute_validation_service.go:160.74,167.3 4 0
github.com/niiniyare/erp/internal/core/abac/services/attribute_validation_service.go:169.2,169.12 1 0
github.com/niiniyare/erp/internal/core/abac/services/attribute_validation_service.go:173.160,179.15 4 0
github.com/niiniyare/erp/internal/core/abac/services/attribute_validation_service.go:179.15,181.3 1 0
github.com/niiniyare/erp/internal/core/abac/services/attribute_validation_service.go:183.2,187.31 3 0
github.com/niiniyare/erp/internal/core/abac/services/attribute_validation_service.go:187.31,189.3 1 0
github.com/niiniyare/erp/internal/core/abac/services/attribute_validation_service.go:192.2,197.16 4 0
github.com/niiniyare/erp/internal/core/abac/services/attribute_validation_service.go:197.16,201.3 3 0
github.com/niiniyare/erp/internal/core/abac/services/attribute_validation_service.go:204.2,206.38 3 0
github.com/niiniyare/erp/internal/core/abac/services/attribute_validation_service.go:206.38,208.3 1 0
github.com/niiniyare/erp/internal/core/abac/services/attribute_validation_service.go:209.2,209.37 1 0
github.com/niiniyare/erp/internal/core/abac/services/attribute_validation_service.go:209.37,210.24 1 0
github.com/niiniyare/erp/internal/core/abac/services/attribute_validation_service.go:210.24,212.4 1 0
github.com/niiniyare/erp/internal/core/abac/services/attribute_validation_service.go:216.2,217.34 2 0
github.com/niiniyare/erp/internal/core/abac/services/attribute_validation_service.go:217.34,219.3 1 0
github.com/niiniyare/erp/internal/core/abac/services/attribute_validation_service.go:222.2,222.42 1 0
github.com/niiniyare/erp/internal/core/abac/services/attribute_validation_service.go:222.42,224.14 2 0
github.com/niiniyare/erp/internal/core/abac/services/attribute_validation_service.go:224.14,230.12 2 0
github.com/niiniyare/erp/internal/core/abac/services/attribute_validation_service.go:233.3,233.73 1 0
github.com/niiniyare/erp/internal/core/abac/services/attribute_validation_service.go:233.73,234.58 1 0
github.com/niiniyare/erp/internal/core/abac/services/attribute_validation_service.go:234.58,241.5 1 0
github.com/niiniyare/erp/internal/core/abac/services/attribute_validation_service.go:241.10,248.5 1 0
github.com/niiniyare/erp/internal/core/abac/services/attribute_validation_service.go:252.2,252.31 1 0
github.com/niiniyare/erp/internal/core/abac/services/attribute_validation_service.go:252.31,255.3 1 0
github.com/niiniyare/erp/internal/core/abac/services/attribute_validation_service.go:257.2,257.30 1 0
github.com/niiniyare/erp/internal/core/abac/services/attribute_validation_service.go:261.149,266.15 4 0
github.com/niiniyare/erp/internal/core/abac/services/attribute_validation_service.go:266.15,268.3 1 0
github.com/niiniyare/erp/internal/core/abac/services/attribute_validation_service.go:270.2,273.39 2 0
github.com/niiniyare/erp/internal/core/abac/services/attribute_validation_service.go:273.39,274.96 1 0
github.com/niiniyare/erp/internal/core/abac/services/attribute_validation_service.go:274.96,276.4 1 0
github.com/niiniyare/erp/internal/core/abac/services/attribute_validation_service.go:276.9,278.4 1 0
github.com/niiniyare/erp/internal/core/abac/services/attribute_validation_service.go:282.2,282.43 1 0
github.com/niiniyare/erp/internal/core/abac/services/attribute_validation_service.go:282.43,283.100 1 0
github.com/niiniyare/erp/internal/core/abac/services/attribute_validation_service.go:283.100,285.4 1 0
github.com/niiniyare/erp/internal/core/abac/services/attribute_validation_service.go:285.9,287.4 1 0
github.com/niiniyare/erp/internal/core/abac/services/attribute_validation_service.go:291.2,291.46 1 0
github.com/niiniyare/erp/internal/core/abac/services/attribute_validation_service.go:291.46,292.103 1 0
github.com/niiniyare/erp/internal/core/abac/services/attribute_validation_service.go:292.103,294.4 1 0
github.com/niiniyare/erp/internal/core/abac/services/attribute_validation_service.go:294.9,296.4 1 0
github.com/niiniyare/erp/internal/core/abac/services/attribute_validation_service.go:300.2,300.41 1 0
github.com/niiniyare/erp/internal/core/abac/services/attribute_validation_service.go:300.41,301.98 1 0
github.com/niiniyare/erp/internal/core/abac/services/attribute_validation_service.go:301.98,303.4 1 0
github.com/niiniyare/erp/internal/core/abac/services/attribute_validation_service.go:303.9,305.4 1 0
github.com/niiniyare/erp/internal/core/abac/services/attribute_validation_service.go:309.2,309.41 1 0
github.com/niiniyare/erp/internal/core/abac/services/attribute_validation_service.go:309.41,310.98 1 0
github.com/niiniyare/erp/internal/core/abac/services/attribute_validation_service.go:310.98,312.4 1 0
github.com/niiniyare/erp/internal/core/abac/services/attribute_validation_service.go:312.9,314.4 1 0
github.com/niiniyare/erp/internal/core/abac/services/attribute_validation_service.go:318.2,318.42 1 0
github.com/niiniyare/erp/internal/core/abac/services/attribute_validation_service.go:318.42,319.99 1 0
github.com/niiniyare/erp/internal/core/abac/services/attribute_validation_service.go:319.99,321.4 1 0
github.com/niiniyare/erp/internal/core/abac/services/attribute_validation_service.go:321.9,323.4 1 0
github.com/niiniyare/erp/internal/core/abac/services/attribute_validation_service.go:326.2,326.33 1 0
github.com/niiniyare/erp/internal/core/abac/services/attribute_validation_service.go:330.127,335.18 3 0
github.com/niiniyare/erp/internal/core/abac/services/attribute_validation_service.go:336.37,337.35 1 0
github.com/niiniyare/erp/internal/core/abac/services/attribute_validation_service.go:337.35,341.4 1 0
github.com/niiniyare/erp/internal/core/abac/services/attribute_validation_service.go:343.37,344.23 1 0
github.com/niiniyare/erp/internal/core/abac/services/attribute_validation_service.go:345.94,345.94 0 0
github.com/niiniyare/erp/internal/core/abac/services/attribute_validation_service.go:347.11,350.57 1 0
github.com/niiniyare/erp/internal/core/abac/services/attribute_validation_service.go:353.38,354.33 1 0
github.com/niiniyare/erp/internal/core/abac/services/attribute_validation_service.go:354.33,358.4 1 0
github.com/niiniyare/erp/internal/core/abac/services/attribute_validation_service.go:360.35,361.28 1 0
github.com/niiniyare/erp/internal/core/abac/services/attribute_validation_service.go:362.18,362.18 0 0
github.com/niiniyare/erp/internal/core/abac/services/attribute_validation_service.go:364.15,366.57 1 0
github.com/niiniyare/erp/internal/core/abac/services/attribute_validation_service.go:366.57,370.5 1 0
github.com/niiniyare/erp/internal/core/abac/services/attribute_validation_service.go:371.11,374.57 1 0
github.com/niiniyare/erp/internal/core/abac/services/attribute_validation_service.go:377.35,379.48 1 0
github.com/niiniyare/erp/internal/core/abac/services/attribute_validation_service.go:379.48,383.4 1 0
github.com/niiniyare/erp/internal/core/abac/services/attribute_validation_service.go:385.36,387.23 1 0
github.com/niiniyare/erp/internal/core/abac/services/attribute_validation_service.go:388.50,388.50 0 0
github.com/niiniyare/erp/internal/core/abac/services/attribute_validation_service.go:390.11,393.57 1 0
github.com/niiniyare/erp/internal/core/abac/services/attribute_validation_service.go:396.35,399.8 1 0
github.com/niiniyare/erp/internal/core/abac/services/attribute_validation_service.go:401.10,403.45 1 0
github.com/niiniyare/erp/internal/core/abac/services/attribute_validation_service.go:406.2,406.12 1 0
github.com/niiniyare/erp/internal/core/abac/services/attribute_validation_service.go:410.124,414.59 3 0
github.com/niiniyare/erp/internal/core/abac/services/attribute_validation_service.go:414.59,415.25 1 0
github.com/niiniyare/erp/internal/core/abac/services/attribute_validation_service.go:416.21,417.70 1 0
github.com/niiniyare/erp/internal/core/abac/services/attribute_validation_service.go:417.70,419.5 1 0
github.com/niiniyare/erp/internal/core/abac/services/attribute_validation_service.go:420.21,421.70 1 0
github.com/niiniyare/erp/internal/core/abac/services/attribute_validation_service.go:421.70,423.5 1 0
github.com/niiniyare/erp/internal/core/abac/services/attribute_validation_service.go:424.20,425.69 1 0
github.com/niiniyare/erp/internal/core/abac/services/attribute_validation_service.go:425.69,427.5 1 0
github.com/niiniyare/erp/internal/core/abac/services/attribute_validation_service.go:428.20,429.69 1 0
github.com/niiniyare/erp/internal/core/abac/services/attribute_validation_service.go:429.69,431.5 1 0
github.com/niiniyare/erp/internal/core/abac/services/attribute_validation_service.go:432.18,433.68 1 0
github.com/niiniyare/erp/internal/core/abac/services/attribute_validation_service.go:433.68,435.5 1 0
github.com/niiniyare/erp/internal/core/abac/services/attribute_validation_service.go:436.17,437.82 1 0
github.com/niiniyare/erp/internal/core/abac/services/attribute_validation_service.go:437.82,439.5 1 0
github.com/niiniyare/erp/internal/core/abac/services/attribute_validation_service.go:443.2,443.12 1 0
github.com/niiniyare/erp/internal/core/abac/services/attribute_validation_service.go:447.116,451.45 3 0
github.com/niiniyare/erp/internal/core/abac/services/attribute_validation_service.go:451.45,452.41 1 0
github.com/niiniyare/erp/internal/core/abac/services/attribute_validation_service.go:452.41,454.4 1 0
github.com/niiniyare/erp/internal/core/abac/services/attribute_validation_service.go:457.2,459.65 1 0
github.com/niiniyare/erp/internal/core/abac/services/attribute_validation_service.go:463.141,467.18 3 0
github.com/niiniyare/erp/internal/core/abac/services/attribute_validation_service.go:468.37,469.36 1 0
github.com/niiniyare/erp/internal/core/abac/services/attribute_validation_service.go:469.36,471.4 1 0
github.com/niiniyare/erp/internal/core/abac/services/attribute_validation_service.go:472.3,472.39 1 0
github.com/niiniyare/erp/internal/core/abac/services/attribute_validation_service.go:474.37,475.28 1 0
github.com/niiniyare/erp/internal/core/abac/services/attribute_validation_service.go:476.15,477.57 1 0
github.com/niiniyare/erp/internal/core/abac/services/attribute_validation_service.go:477.57,479.5 1 0
github.com/niiniyare/erp/internal/core/abac/services/attribute_validation_service.go:480.94,481.17 1 0
github.com/niiniyare/erp/internal/core/abac/services/attribute_validation_service.go:484.38,485.28 1 0
github.com/niiniyare/erp/internal/core/abac/services/attribute_validation_service.go:486.13,487.17 1 0
github.com/niiniyare/erp/internal/core/abac/services/attribute_validation_service.go:488.15,489.44 1 0
github.com/niiniyare/erp/internal/core/abac/services/attribute_validation_service.go:490.39,491.22 1 0
github.com/niiniyare/erp/internal/core/abac/services/attribute_validation_service.go:494.35,495.28 1 0
github.com/niiniyare/erp/internal/core/abac/services/attribute_validation_service.go:496.18,497.17 1 0
github.com/niiniyare/erp/internal/core/abac/services/attribute_validation_service.go:498.15,499.57 1 0
github.com/niiniyare/erp/internal/core/abac/services/attribute_validation_service.go:499.57,501.5 1 0
github.com/niiniyare/erp/internal/core/abac/services/attribute_validation_service.go:504.10,505.20 1 0
github.com/niiniyare/erp/internal/core/abac/services/attribute_validation_service.go:508.2,508.19 1 0
github.com/niiniyare/erp/internal/core/abac/services/attribute_validation_service.go:512.126,518.16 4 0
github.com/niiniyare/erp/internal/core/abac/services/attribute_validation_service.go:518.16,520.3 1 0
github.com/niiniyare/erp/internal/core/abac/services/attribute_validation_service.go:523.2,524.45 2 0
github.com/niiniyare/erp/internal/core/abac/services/attribute_validation_service.go:524.45,526.3 1 0
github.com/niiniyare/erp/internal/core/abac/services/attribute_validation_service.go:528.2,536.39 2 0
github.com/niiniyare/erp/internal/core/abac/services/attribute_validation_service.go:536.39,537.71 1 0
github.com/niiniyare/erp/internal/core/abac/services/attribute_validation_service.go:537.71,539.4 1 0
github.com/niiniyare/erp/internal/core/abac/services/attribute_validation_service.go:540.3,540.71 1 0
github.com/niiniyare/erp/internal/core/abac/services/attribute_validation_service.go:540.71,542.4 1 0
github.com/niiniyare/erp/internal/core/abac/services/attribute_validation_service.go:543.3,543.74 1 0
github.com/niiniyare/erp/internal/core/abac/services/attribute_validation_service.go:543.74,545.4 1 0
github.com/niiniyare/erp/internal/core/abac/services/attribute_validation_service.go:546.3,546.74 1 0
github.com/niiniyare/erp/internal/core/abac/services/attribute_validation_service.go:546.74,548.4 1 0
github.com/niiniyare/erp/internal/core/abac/services/attribute_validation_service.go:549.3,549.72 1 0
github.com/niiniyare/erp/internal/core/abac/services/attribute_validation_service.go:549.72,551.4 1 0
github.com/niiniyare/erp/internal/core/abac/services/attribute_validation_service.go:552.3,552.83 1 0
github.com/niiniyare/erp/internal/core/abac/services/attribute_validation_service.go:552.83,554.4 1 0
github.com/niiniyare/erp/internal/core/abac/services/attribute_validation_service.go:557.2,557.19 1 0
github.com/niiniyare/erp/internal/core/abac/services/attribute_validation_service.go:561.157,567.46 4 0
github.com/niiniyare/erp/internal/core/abac/services/attribute_validation_service.go:567.46,568.101 1 0
github.com/niiniyare/erp/internal/core/abac/services/attribute_validation_service.go:568.101,570.4 1 0
github.com/niiniyare/erp/internal/core/abac/services/attribute_validation_service.go:573.2,573.32 1 0
github.com/niiniyare/erp/internal/core/abac/services/attribute_validation_service.go:573.32,576.3 1 0
github.com/niiniyare/erp/internal/core/abac/services/attribute_validation_service.go:578.2,578.12 1 0
github.com/niiniyare/erp/internal/core/abac/services/attribute_validation_service.go:583.89,585.9 2 0
github.com/niiniyare/erp/internal/core/abac/services/attribute_validation_service.go:585.9,587.3 1 0
github.com/niiniyare/erp/internal/core/abac/services/attribute_validation_service.go:589.2,590.9 2 0
github.com/niiniyare/erp/internal/core/abac/services/attribute_validation_service.go:590.9,592.3 1 0
github.com/niiniyare/erp/internal/core/abac/services/attribute_validation_service.go:594.2,594.26 1 0
github.com/niiniyare/erp/internal/core/abac/services/attribute_validation_service.go:594.26,598.3 1 0
github.com/niiniyare/erp/internal/core/abac/services/attribute_validation_service.go:600.2,600.12 1 0
github.com/niiniyare/erp/internal/core/abac/services/attribute_validation_service.go:603.89,605.9 2 0
github.com/niiniyare/erp/internal/core/abac/services/attribute_validation_service.go:605.9,607.3 1 0
github.com/niiniyare/erp/internal/core/abac/services/attribute_validation_service.go:609.2,610.9 2 0
github.com/niiniyare/erp/internal/core/abac/services/attribute_validation_service.go:610.9,612.3 1 0
github.com/niiniyare/erp/internal/core/abac/services/attribute_validation_service.go:614.2,614.26 1 0
github.com/niiniyare/erp/internal/core/abac/services/attribute_validation_service.go:614.26,618.3 1 0
github.com/niiniyare/erp/internal/core/abac/services/attribute_validation_service.go:620.2,620.12 1 0
github.com/niiniyare/erp/internal/core/abac/services/attribute_validation_service.go:623.88,625.9 2 0
github.com/niiniyare/erp/internal/core/abac/services/attribute_validation_service.go:625.9,627.3 1 0
github.com/niiniyare/erp/internal/core/abac/services/attribute_validation_service.go:629.2,630.27 2 0
github.com/niiniyare/erp/internal/core/abac/services/attribute_validation_service.go:631.11,632.24 1 0
github.com/niiniyare/erp/internal/core/abac/services/attribute_validation_service.go:633.13,634.24 1 0
github.com/niiniyare/erp/internal/core/abac/services/attribute_validation_service.go:635.15,636.24 1 0
github.com/niiniyare/erp/internal/core/abac/services/attribute_validation_service.go:637.15,638.15 1 0
github.com/niiniyare/erp/internal/core/abac/services/attribute_validation_service.go:639.10,640.13 1 0
github.com/niiniyare/erp/internal/core/abac/services/attribute_validation_service.go:643.2,643.25 1 0
github.com/niiniyare/erp/internal/core/abac/services/attribute_validation_service.go:643.25,647.3 1 0
github.com/niiniyare/erp/internal/core/abac/services/attribute_validation_service.go:649.2,649.12 1 0
github.com/niiniyare/erp/internal/core/abac/services/attribute_validation_service.go:652.88,654.9 2 0
github.com/niiniyare/erp/internal/core/abac/services/attribute_validation_service.go:654.9,656.3 1 0
github.com/niiniyare/erp/internal/core/abac/services/attribute_validation_service.go:658.2,659.27 2 0
github.com/niiniyare/erp/internal/core/abac/services/attribute_validation_service.go:660.11,661.24 1 0
github.com/niiniyare/erp/internal/core/abac/services/attribute_validation_service.go:662.13,663.24 1 0
github.com/niiniyare/erp/internal/core/abac/services/attribute_validation_service.go:664.15,665.24 1 0
github.com/niiniyare/erp/internal/core/abac/services/attribute_validation_service.go:666.15,667.15 1 0
github.com/niiniyare/erp/internal/core/abac/services/attribute_validation_service.go:668.10,669.13 1 0
github.com/niiniyare/erp/internal/core/abac/services/attribute_validation_service.go:672.2,672.25 1 0
github.com/niiniyare/erp/internal/core/abac/services/attribute_validation_service.go:672.25,676.3 1 0
github.com/niiniyare/erp/internal/core/abac/services/attribute_validation_service.go:678.2,678.12 1 0
github.com/niiniyare/erp/internal/core/abac/services/attribute_validation_service.go:681.87,683.9 2 0
github.com/niiniyare/erp/internal/core/abac/services/attribute_validation_service.go:683.9,685.3 1 0
github.com/niiniyare/erp/internal/core/abac/services/attribute_validation_service.go:687.2,688.9 2 0
github.com/niiniyare/erp/internal/core/abac/services/attribute_validation_service.go:688.9,690.3 1 0
github.com/niiniyare/erp/internal/core/abac/services/attribute_validation_service.go:692.2,693.16 2 0
github.com/niiniyare/erp/internal/core/abac/services/attribute_validation_service.go:693.16,697.3 1 0
github.com/niiniyare/erp/internal/core/abac/services/attribute_validation_service.go:699.2,699.29 1 0
github.com/niiniyare/erp/internal/core/abac/services/attribute_validation_service.go:699.29,703.3 1 0
github.com/niiniyare/erp/internal/core/abac/services/attribute_validation_service.go:705.2,705.12 1 0
github.com/niiniyare/erp/internal/core/abac/services/attribute_validation_service.go:708.117,714.2 2 0
github.com/niiniyare/erp/internal/core/abac/services/attribute_validation_service.go:718.35,719.18 1 0
github.com/niiniyare/erp/internal/core/abac/services/attribute_validation_service.go:719.18,721.3 1 0
github.com/niiniyare/erp/internal/core/abac/services/attribute_validation_service.go:723.2,723.27 1 0
github.com/niiniyare/erp/internal/core/abac/services/attribute_validation_service.go:724.14,725.36 1 0
github.com/niiniyare/erp/internal/core/abac/services/attribute_validation_service.go:726.13,727.21 1 0
github.com/niiniyare/erp/internal/core/abac/services/attribute_validation_service.go:728.22,729.21 1 0
github.com/niiniyare/erp/internal/core/abac/services/attribute_validation_service.go:730.10,731.15 1 0
github.com/niiniyare/erp/internal/core/abac/services/attribute_validation_service.go:735.35,737.24 1 0
github.com/niiniyare/erp/internal/core/abac/services/attribute_validation_service.go:738.11,739.25 1 0
github.com/niiniyare/erp/internal/core/abac/services/attribute_validation_service.go:740.12,741.19 1 0
github.com/niiniyare/erp/internal/core/abac/services/attribute_validation_service.go:742.16,743.28 1 0
github.com/niiniyare/erp/internal/core/abac/services/attribute_validation_service.go:745.15,746.25 1 0
github.com/niiniyare/erp/internal/core/abac/services/attribute_validation_service.go:747.12,748.28 1 0
github.com/niiniyare/erp/internal/core/abac/services/attribute_validation_service.go:749.16,750.19 1 0
github.com/niiniyare/erp/internal/core/abac/services/attribute_validation_service.go:752.14,753.31 1 0
github.com/niiniyare/erp/internal/core/abac/services/attribute_validation_service.go:753.31,755.4 1 0
github.com/niiniyare/erp/internal/core/abac/services/attribute_validation_service.go:756.12,757.29 1 0
github.com/niiniyare/erp/internal/core/abac/services/attribute_validation_service.go:757.29,759.4 1 0
github.com/niiniyare/erp/internal/core/abac/services/attribute_validation_service.go:762.2,762.53 1 0
github.com/niiniyare/erp/internal/core/abac/services/attribute_validation_service.go:766.133,791.2 4 0
github.com/niiniyare/erp/internal/core/abac/services/mock.go:34.91,38.2 3 0
github.com/niiniyare/erp/internal/core/abac/services/mock.go:41.89,43.2 1 0
github.com/niiniyare/erp/internal/core/abac/services/mock.go:46.156,51.2 4 0
github.com/niiniyare/erp/internal/core/abac/services/mock.go:54.119,57.2 2 0
github.com/niiniyare/erp/internal/core/abac/services/mock.go:60.149,66.2 5 0
github.com/niiniyare/erp/internal/core/abac/services/mock.go:69.103,72.2 2 0
github.com/niiniyare/erp/internal/core/abac/services/mock.go:75.165,81.2 5 0
github.com/niiniyare/erp/internal/core/abac/services/mock.go:84.116,87.2 2 0
github.com/niiniyare/erp/internal/core/abac/services/mock.go:90.169,96.2 5 0
github.com/niiniyare/erp/internal/core/abac/services/mock.go:99.110,102.2 2 0
github.com/niiniyare/erp/internal/core/abac/services/mock.go:105.179,111.2 5 0
github.com/niiniyare/erp/internal/core/abac/services/mock.go:114.115,117.2 2 0
github.com/niiniyare/erp/internal/core/abac/services/mock.go:120.167,126.2 5 0
github.com/niiniyare/erp/internal/core/abac/services/mock.go:129.106,132.2 2 0
github.com/niiniyare/erp/internal/core/abac/services/mock.go:135.156,141.2 5 0
github.com/niiniyare/erp/internal/core/abac/services/mock.go:144.110,147.2 2 0
github.com/niiniyare/erp/internal/core/abac/services/mock.go:150.136,156.2 5 0
github.com/niiniyare/erp/internal/core/abac/services/mock.go:159.110,162.2 2 0
github.com/niiniyare/erp/internal/core/abac/services/mock.go:165.140,171.2 5 0
github.com/niiniyare/erp/internal/core/abac/services/mock.go:174.98,177.2 2 0
github.com/niiniyare/erp/internal/core/abac/services/policy_combining_service.go:216.26,222.2 1 0
github.com/niiniyare/erp/internal/core/abac/services/policy_combining_service.go:225.127,234.15 4 0
github.com/niiniyare/erp/internal/core/abac/services/policy_combining_service.go:234.15,236.3 1 0
github.com/niiniyare/erp/internal/core/abac/services/policy_combining_service.go:239.2,239.73 1 0
github.com/niiniyare/erp/internal/core/abac/services/policy_combining_service.go:239.73,241.3 1 0
github.com/niiniyare/erp/internal/core/abac/services/policy_combining_service.go:243.2,251.29 3 0
github.com/niiniyare/erp/internal/core/abac/services/policy_combining_service.go:251.29,253.42 2 0
github.com/niiniyare/erp/internal/core/abac/services/policy_combining_service.go:253.42,254.27 1 0
github.com/niiniyare/erp/internal/core/abac/services/policy_combining_service.go:254.27,256.5 1 0
github.com/niiniyare/erp/internal/core/abac/services/policy_combining_service.go:258.3,258.34 1 0
github.com/niiniyare/erp/internal/core/abac/services/policy_combining_service.go:262.2,266.16 3 0
github.com/niiniyare/erp/internal/core/abac/services/policy_combining_service.go:266.16,268.3 1 0
github.com/niiniyare/erp/internal/core/abac/services/policy_combining_service.go:270.2,271.32 2 0
github.com/niiniyare/erp/internal/core/abac/services/policy_combining_service.go:271.32,273.17 2 0
github.com/niiniyare/erp/internal/core/abac/services/policy_combining_service.go:273.17,275.4 1 0
github.com/niiniyare/erp/internal/core/abac/services/policy_combining_service.go:276.3,276.41 1 0
github.com/niiniyare/erp/internal/core/abac/services/policy_combining_service.go:280.2,280.23 1 0
github.com/niiniyare/erp/internal/core/abac/services/policy_combining_service.go:281.45,283.17 2 0
github.com/niiniyare/erp/internal/core/abac/services/policy_combining_service.go:283.17,285.4 1 0
github.com/niiniyare/erp/internal/core/abac/services/policy_combining_service.go:286.3,287.57 2 0
github.com/niiniyare/erp/internal/core/abac/services/policy_combining_service.go:289.47,291.17 2 0
github.com/niiniyare/erp/internal/core/abac/services/policy_combining_service.go:291.17,293.4 1 0
github.com/niiniyare/erp/internal/core/abac/services/policy_combining_service.go:294.3,295.57 2 0
github.com/niiniyare/erp/internal/core/abac/services/policy_combining_service.go:297.47,299.17 2 0
github.com/niiniyare/erp/internal/core/abac/services/policy_combining_service.go:299.17,301.4 1 0
github.com/niiniyare/erp/internal/core/abac/services/policy_combining_service.go:302.3,303.57 2 0
github.com/niiniyare/erp/internal/core/abac/services/policy_combining_service.go:305.49,307.17 2 0
github.com/niiniyare/erp/internal/core/abac/services/policy_combining_service.go:307.17,309.4 1 0
github.com/niiniyare/erp/internal/core/abac/services/policy_combining_service.go:310.3,311.57 2 0
github.com/niiniyare/erp/internal/core/abac/services/policy_combining_service.go:313.52,315.17 2 0
github.com/niiniyare/erp/internal/core/abac/services/policy_combining_service.go:315.17,317.4 1 0
github.com/niiniyare/erp/internal/core/abac/services/policy_combining_service.go:318.3,319.57 2 0
github.com/niiniyare/erp/internal/core/abac/services/policy_combining_service.go:321.54,323.17 2 0
github.com/niiniyare/erp/internal/core/abac/services/policy_combining_service.go:323.17,325.4 1 0
github.com/niiniyare/erp/internal/core/abac/services/policy_combining_service.go:326.3,327.57 2 0
github.com/niiniyare/erp/internal/core/abac/services/policy_combining_service.go:329.10,331.50 1 0
github.com/niiniyare/erp/internal/core/abac/services/policy_combining_service.go:335.2,335.49 1 0
github.com/niiniyare/erp/internal/core/abac/services/policy_combining_service.go:335.49,337.3 1 0
github.com/niiniyare/erp/internal/core/abac/services/policy_combining_service.go:339.2,351.20 3 0
github.com/niiniyare/erp/internal/core/abac/services/policy_combining_service.go:355.185,371.41 5 0
github.com/niiniyare/erp/internal/core/abac/services/policy_combining_service.go:371.41,372.28 1 0
github.com/niiniyare/erp/internal/core/abac/services/policy_combining_service.go:372.28,374.4 1 0
github.com/niiniyare/erp/internal/core/abac/services/policy_combining_service.go:376.2,380.41 3 0
github.com/niiniyare/erp/internal/core/abac/services/policy_combining_service.go:380.41,390.3 2 0
github.com/niiniyare/erp/internal/core/abac/services/policy_combining_service.go:393.2,402.16 3 0
github.com/niiniyare/erp/internal/core/abac/services/policy_combining_service.go:402.16,404.3 1 0
github.com/niiniyare/erp/internal/core/abac/services/policy_combining_service.go:406.2,409.54 2 0
github.com/niiniyare/erp/internal/core/abac/services/policy_combining_service.go:409.54,416.3 2 0
github.com/niiniyare/erp/internal/core/abac/services/policy_combining_service.go:418.2,418.20 1 0
github.com/niiniyare/erp/internal/core/abac/services/policy_combining_service.go:422.128,438.37 5 0
github.com/niiniyare/erp/internal/core/abac/services/policy_combining_service.go:438.37,439.75 1 0
github.com/niiniyare/erp/internal/core/abac/services/policy_combining_service.go:439.75,445.4 5 0
github.com/niiniyare/erp/internal/core/abac/services/policy_combining_service.go:449.2,449.37 1 0
github.com/niiniyare/erp/internal/core/abac/services/policy_combining_service.go:449.37,450.76 1 0
github.com/niiniyare/erp/internal/core/abac/services/policy_combining_service.go:450.76,456.4 5 0
github.com/niiniyare/erp/internal/core/abac/services/policy_combining_service.go:460.2,465.20 5 0
github.com/niiniyare/erp/internal/core/abac/services/policy_combining_service.go:469.129,485.37 5 0
github.com/niiniyare/erp/internal/core/abac/services/policy_combining_service.go:485.37,486.76 1 0
github.com/niiniyare/erp/internal/core/abac/services/policy_combining_service.go:486.76,492.4 5 0
github.com/niiniyare/erp/internal/core/abac/services/policy_combining_service.go:496.2,496.37 1 0
github.com/niiniyare/erp/internal/core/abac/services/policy_combining_service.go:496.37,497.75 1 0
github.com/niiniyare/erp/internal/core/abac/services/policy_combining_service.go:497.75,503.4 5 0
github.com/niiniyare/erp/internal/core/abac/services/policy_combining_service.go:507.2,512.20 5 0
github.com/niiniyare/erp/internal/core/abac/services/policy_combining_service.go:516.130,534.50 7 0
github.com/niiniyare/erp/internal/core/abac/services/policy_combining_service.go:534.50,536.3 1 0
github.com/niiniyare/erp/internal/core/abac/services/policy_combining_service.go:539.2,539.43 1 0
github.com/niiniyare/erp/internal/core/abac/services/policy_combining_service.go:539.43,540.26 1 0
github.com/niiniyare/erp/internal/core/abac/services/policy_combining_service.go:540.26,546.4 5 0
github.com/niiniyare/erp/internal/core/abac/services/policy_combining_service.go:550.2,555.20 5 0
github.com/niiniyare/erp/internal/core/abac/services/policy_combining_service.go:559.132,578.37 7 0
github.com/niiniyare/erp/internal/core/abac/services/policy_combining_service.go:578.37,579.26 1 0
github.com/niiniyare/erp/internal/core/abac/services/policy_combining_service.go:579.26,582.4 2 0
github.com/niiniyare/erp/internal/core/abac/services/policy_combining_service.go:585.2,585.26 1 0
github.com/niiniyare/erp/internal/core/abac/services/policy_combining_service.go:585.26,589.3 3 0
github.com/niiniyare/erp/internal/core/abac/services/policy_combining_service.go:589.8,589.33 1 0
github.com/niiniyare/erp/internal/core/abac/services/policy_combining_service.go:589.33,593.3 3 0
github.com/niiniyare/erp/internal/core/abac/services/policy_combining_service.go:593.8,598.3 3 0
github.com/niiniyare/erp/internal/core/abac/services/policy_combining_service.go:600.2,601.20 2 0
github.com/niiniyare/erp/internal/core/abac/services/policy_combining_service.go:605.135,612.50 5 0
github.com/niiniyare/erp/internal/core/abac/services/policy_combining_service.go:612.50,614.3 1 0
github.com/niiniyare/erp/internal/core/abac/services/policy_combining_service.go:617.2,617.51 1 0
github.com/niiniyare/erp/internal/core/abac/services/policy_combining_service.go:621.136,628.50 5 0
github.com/niiniyare/erp/internal/core/abac/services/policy_combining_service.go:628.50,630.3 1 0
github.com/niiniyare/erp/internal/core/abac/services/policy_combining_service.go:633.2,633.52 1 0
github.com/niiniyare/erp/internal/core/abac/services/policy_combining_service.go:637.126,649.37 4 0
github.com/niiniyare/erp/internal/core/abac/services/policy_combining_service.go:649.37,650.27 1 0
github.com/niiniyare/erp/internal/core/abac/services/policy_combining_service.go:650.27,651.12 1 0
github.com/niiniyare/erp/internal/core/abac/services/policy_combining_service.go:654.3,654.28 1 0
github.com/niiniyare/erp/internal/core/abac/services/policy_combining_service.go:655.34,656.71 1 0
github.com/niiniyare/erp/internal/core/abac/services/policy_combining_service.go:657.33,658.69 1 0
github.com/niiniyare/erp/internal/core/abac/services/policy_combining_service.go:663.2,666.37 3 0
github.com/niiniyare/erp/internal/core/abac/services/policy_combining_service.go:666.37,674.40 5 0
github.com/niiniyare/erp/internal/core/abac/services/policy_combining_service.go:674.40,676.4 1 0
github.com/niiniyare/erp/internal/core/abac/services/policy_combining_service.go:676.9,676.45 1 0
github.com/niiniyare/erp/internal/core/abac/services/policy_combining_service.go:676.45,678.4 1 0
github.com/niiniyare/erp/internal/core/abac/services/policy_combining_service.go:678.9,680.4 1 0
github.com/niiniyare/erp/internal/core/abac/services/policy_combining_service.go:681.8,681.27 1 0
github.com/niiniyare/erp/internal/core/abac/services/policy_combining_service.go:681.27,686.3 3 0
github.com/niiniyare/erp/internal/core/abac/services/policy_combining_service.go:686.8,686.26 1 0
github.com/niiniyare/erp/internal/core/abac/services/policy_combining_service.go:686.26,691.3 3 0
github.com/niiniyare/erp/internal/core/abac/services/policy_combining_service.go:691.8,694.3 2 0
github.com/niiniyare/erp/internal/core/abac/services/policy_combining_service.go:696.2,700.22 4 0
github.com/niiniyare/erp/internal/core/abac/services/policy_combining_service.go:704.172,713.19 4 0
github.com/niiniyare/erp/internal/core/abac/services/policy_combining_service.go:714.91,715.39 1 0
github.com/niiniyare/erp/internal/core/abac/services/policy_combining_service.go:715.39,720.4 4 0
github.com/niiniyare/erp/internal/core/abac/services/policy_combining_service.go:720.9,720.47 1 0
github.com/niiniyare/erp/internal/core/abac/services/policy_combining_service.go:720.47,724.4 3 0
github.com/niiniyare/erp/internal/core/abac/services/policy_combining_service.go:726.95,727.40 1 0
github.com/niiniyare/erp/internal/core/abac/services/policy_combining_service.go:727.40,732.4 4 0
github.com/niiniyare/erp/internal/core/abac/services/policy_combining_service.go:732.9,732.46 1 0
github.com/niiniyare/erp/internal/core/abac/services/policy_combining_service.go:732.46,736.4 3 0
github.com/niiniyare/erp/internal/core/abac/services/policy_combining_service.go:738.47,741.48 2 0
github.com/niiniyare/erp/internal/core/abac/services/policy_combining_service.go:741.48,743.4 1 0
github.com/niiniyare/erp/internal/core/abac/services/policy_combining_service.go:744.3,744.28 1 0
github.com/niiniyare/erp/internal/core/abac/services/policy_combining_service.go:744.28,748.4 3 0
github.com/niiniyare/erp/internal/core/abac/services/policy_combining_service.go:750.10,752.46 1 0
github.com/niiniyare/erp/internal/core/abac/services/policy_combining_service.go:755.2,755.24 1 0
github.com/niiniyare/erp/internal/core/abac/services/policy_combining_service.go:759.130,769.48 2 0
github.com/niiniyare/erp/internal/core/abac/services/policy_combining_service.go:769.48,770.29 1 0
github.com/niiniyare/erp/internal/core/abac/services/policy_combining_service.go:770.29,772.4 1 0
github.com/niiniyare/erp/internal/core/abac/services/policy_combining_service.go:775.2,777.98 1 0
github.com/niiniyare/erp/internal/core/abac/services/policy_combining_service.go:781.120,790.2 1 0
github.com/niiniyare/erp/internal/core/abac/services/policy_combining_service.go:793.145,806.2 4 0
github.com/niiniyare/erp/internal/core/abac/services/policy_combining_service.go:810.102,811.37 1 0
github.com/niiniyare/erp/internal/core/abac/services/policy_combining_service.go:811.37,812.26 1 0
github.com/niiniyare/erp/internal/core/abac/services/policy_combining_service.go:812.26,814.29 2 0
github.com/niiniyare/erp/internal/core/abac/services/policy_combining_service.go:815.35,816.24 1 0
github.com/niiniyare/erp/internal/core/abac/services/policy_combining_service.go:817.34,818.23 1 0
github.com/niiniyare/erp/internal/core/abac/services/policy_combining_service.go:820.9,822.4 1 0
github.com/niiniyare/erp/internal/core/abac/services/policy_combining_service.go:826.155,827.24 1 0
github.com/niiniyare/erp/internal/core/abac/services/policy_combining_service.go:827.24,829.38 2 0
github.com/niiniyare/erp/internal/core/abac/services/policy_combining_service.go:829.38,830.77 1 0
github.com/niiniyare/erp/internal/core/abac/services/policy_combining_service.go:830.77,832.5 1 0
github.com/niiniyare/erp/internal/core/abac/services/policy_combining_service.go:836.2,836.19 1 0
github.com/niiniyare/erp/internal/core/abac/services/policy_combining_service.go:836.19,838.38 2 0
github.com/niiniyare/erp/internal/core/abac/services/policy_combining_service.go:838.38,839.27 1 0
github.com/niiniyare/erp/internal/core/abac/services/policy_combining_service.go:839.27,841.5 1 0
github.com/niiniyare/erp/internal/core/abac/services/policy_combining_service.go:846.105,848.33 2 0
github.com/niiniyare/erp/internal/core/abac/services/policy_combining_service.go:848.33,850.3 1 0
github.com/niiniyare/erp/internal/core/abac/services/policy_combining_service.go:851.2,851.16 1 0
github.com/niiniyare/erp/internal/core/abac/services/policy_combining_service.go:854.107,864.53 2 0
github.com/niiniyare/erp/internal/core/abac/services/policy_combining_service.go:864.53,866.3 1 0
github.com/niiniyare/erp/internal/core/abac/services/policy_combining_service.go:867.2,867.28 1 0
github.com/niiniyare/erp/internal/core/abac/services/policy_combining_service.go:870.131,895.2 4 0
github.com/niiniyare/erp/internal/core/abac/services/policy_decision_service.go:250.25,259.2 1 0
github.com/niiniyare/erp/internal/core/abac/services/policy_decision_service.go:262.116,272.15 4 0
github.com/niiniyare/erp/internal/core/abac/services/policy_decision_service.go:272.15,274.3 1 0
github.com/niiniyare/erp/internal/core/abac/services/policy_decision_service.go:276.2,283.24 3 0
github.com/niiniyare/erp/internal/core/abac/services/policy_decision_service.go:283.24,291.3 2 0
github.com/niiniyare/erp/internal/core/abac/services/policy_decision_service.go:294.2,308.16 3 0
github.com/niiniyare/erp/internal/core/abac/services/policy_decision_service.go:308.16,317.3 8 0
github.com/niiniyare/erp/internal/core/abac/services/policy_decision_service.go:320.2,328.23 7 0
github.com/niiniyare/erp/internal/core/abac/services/policy_decision_service.go:328.23,330.3 1 0
github.com/niiniyare/erp/internal/core/abac/services/policy_decision_service.go:333.2,333.25 1 0
github.com/niiniyare/erp/internal/core/abac/services/policy_decision_service.go:333.25,343.17 3 0
github.com/niiniyare/erp/internal/core/abac/services/policy_decision_service.go:343.17,346.4 1 0
github.com/niiniyare/erp/internal/core/abac/services/policy_decision_service.go:346.9,348.4 1 0
github.com/niiniyare/erp/internal/core/abac/services/policy_decision_service.go:352.2,369.53 2 0
github.com/niiniyare/erp/internal/core/abac/services/policy_decision_service.go:369.53,372.3 1 0
github.com/niiniyare/erp/internal/core/abac/services/policy_decision_service.go:374.2,386.22 2 0
github.com/niiniyare/erp/internal/core/abac/services/policy_decision_service.go:390.128,399.15 4 0
github.com/niiniyare/erp/internal/core/abac/services/policy_decision_service.go:399.15,401.3 1 0
github.com/niiniyare/erp/internal/core/abac/services/policy_decision_service.go:403.2,410.44 2 0
github.com/niiniyare/erp/internal/core/abac/services/policy_decision_service.go:410.44,417.17 5 0
github.com/niiniyare/erp/internal/core/abac/services/policy_decision_service.go:417.17,420.20 2 0
github.com/niiniyare/erp/internal/core/abac/services/policy_decision_service.go:420.20,424.5 3 0
github.com/niiniyare/erp/internal/core/abac/services/policy_decision_service.go:427.4,434.5 2 0
github.com/niiniyare/erp/internal/core/abac/services/policy_decision_service.go:435.9,437.4 1 0
github.com/niiniyare/erp/internal/core/abac/services/policy_decision_service.go:439.3,439.64 1 0
github.com/niiniyare/erp/internal/core/abac/services/policy_decision_service.go:442.2,455.22 4 0
github.com/niiniyare/erp/internal/core/abac/services/policy_decision_service.go:459.182,474.16 5 0
github.com/niiniyare/erp/internal/core/abac/services/policy_decision_service.go:474.16,476.3 1 0
github.com/niiniyare/erp/internal/core/abac/services/policy_decision_service.go:478.2,478.30 1 0
github.com/niiniyare/erp/internal/core/abac/services/policy_decision_service.go:482.133,499.16 5 0
github.com/niiniyare/erp/internal/core/abac/services/policy_decision_service.go:499.16,507.3 2 0
github.com/niiniyare/erp/internal/core/abac/services/policy_decision_service.go:509.2,516.8 1 0
github.com/niiniyare/erp/internal/core/abac/services/policy_decision_service.go:520.151,527.31 4 0
github.com/niiniyare/erp/internal/core/abac/services/policy_decision_service.go:527.31,529.17 2 0
github.com/niiniyare/erp/internal/core/abac/services/policy_decision_service.go:529.17,538.4 2 0
github.com/niiniyare/erp/internal/core/abac/services/policy_decision_service.go:539.3,539.38 1 0
github.com/niiniyare/erp/internal/core/abac/services/policy_decision_service.go:542.2,542.23 1 0
github.com/niiniyare/erp/internal/core/abac/services/policy_decision_service.go:546.100,566.2 5 0
github.com/niiniyare/erp/internal/core/abac/services/policy_decision_service.go:569.131,580.16 5 0
github.com/niiniyare/erp/internal/core/abac/services/policy_decision_service.go:580.16,582.3 1 0
github.com/niiniyare/erp/internal/core/abac/services/policy_decision_service.go:584.2,585.35 2 0
github.com/niiniyare/erp/internal/core/abac/services/policy_decision_service.go:585.35,599.3 2 0
github.com/niiniyare/erp/internal/core/abac/services/policy_decision_service.go:601.2,601.23 1 0
github.com/niiniyare/erp/internal/core/abac/services/policy_decision_service.go:605.131,624.2 4 0
github.com/niiniyare/erp/internal/core/abac/services/policy_decision_service.go:627.133,658.2 4 0
github.com/niiniyare/erp/internal/core/abac/services/policy_decision_service.go:662.126,687.2 4 0
github.com/niiniyare/erp/internal/core/abac/services/policy_decision_service.go:689.101,711.23 5 0
github.com/niiniyare/erp/internal/core/abac/services/policy_decision_service.go:711.23,713.3 1 0
github.com/niiniyare/erp/internal/core/abac/services/policy_decision_service.go:715.2,717.4 1 0
github.com/niiniyare/erp/internal/core/abac/services/policy_evaluation_service.go:160.27,171.2 1 0
github.com/niiniyare/erp/internal/core/abac/services/policy_evaluation_service.go:174.165,183.15 4 0
github.com/niiniyare/erp/internal/core/abac/services/policy_evaluation_service.go:183.15,185.3 1 0
github.com/niiniyare/erp/internal/core/abac/services/policy_evaluation_service.go:187.2,195.26 2 0
github.com/niiniyare/erp/internal/core/abac/services/policy_evaluation_service.go:195.26,198.62 2 0
github.com/niiniyare/erp/internal/core/abac/services/policy_evaluation_service.go:198.62,199.32 1 0
github.com/niiniyare/erp/internal/core/abac/services/policy_evaluation_service.go:199.32,200.34 1 0
github.com/niiniyare/erp/internal/core/abac/services/policy_evaluation_service.go:200.34,202.6 1 0
github.com/niiniyare/erp/internal/core/abac/services/policy_evaluation_service.go:205.3,205.58 1 0
github.com/niiniyare/erp/internal/core/abac/services/policy_evaluation_service.go:205.58,206.30 1 0
github.com/niiniyare/erp/internal/core/abac/services/policy_evaluation_service.go:206.30,207.34 1 0
github.com/niiniyare/erp/internal/core/abac/services/policy_evaluation_service.go:207.34,209.6 1 0
github.com/niiniyare/erp/internal/core/abac/services/policy_evaluation_service.go:212.3,212.60 1 0
github.com/niiniyare/erp/internal/core/abac/services/policy_evaluation_service.go:212.60,213.31 1 0
github.com/niiniyare/erp/internal/core/abac/services/policy_evaluation_service.go:213.31,214.35 1 0
github.com/niiniyare/erp/internal/core/abac/services/policy_evaluation_service.go:214.35,216.6 1 0
github.com/niiniyare/erp/internal/core/abac/services/policy_evaluation_service.go:219.3,219.67 1 0
github.com/niiniyare/erp/internal/core/abac/services/policy_evaluation_service.go:219.67,221.4 1 0
github.com/niiniyare/erp/internal/core/abac/services/policy_evaluation_service.go:223.3,224.17 2 0
github.com/niiniyare/erp/internal/core/abac/services/policy_evaluation_service.go:224.17,232.4 7 0
github.com/niiniyare/erp/internal/core/abac/services/policy_evaluation_service.go:234.3,234.19 1 0
github.com/niiniyare/erp/internal/core/abac/services/policy_evaluation_service.go:234.19,239.4 4 0
github.com/niiniyare/erp/internal/core/abac/services/policy_evaluation_service.go:242.2,250.24 4 0
github.com/niiniyare/erp/internal/core/abac/services/policy_evaluation_service.go:250.24,253.47 2 0
github.com/niiniyare/erp/internal/core/abac/services/policy_evaluation_service.go:253.47,255.4 1 0
github.com/niiniyare/erp/internal/core/abac/services/policy_evaluation_service.go:255.9,255.53 1 0
github.com/niiniyare/erp/internal/core/abac/services/policy_evaluation_service.go:255.53,257.4 1 0
github.com/niiniyare/erp/internal/core/abac/services/policy_evaluation_service.go:257.9,259.4 1 0
github.com/niiniyare/erp/internal/core/abac/services/policy_evaluation_service.go:261.3,273.28 3 0
github.com/niiniyare/erp/internal/core/abac/services/policy_evaluation_service.go:273.28,274.31 1 0
github.com/niiniyare/erp/internal/core/abac/services/policy_evaluation_service.go:275.35,276.17 1 0
github.com/niiniyare/erp/internal/core/abac/services/policy_evaluation_service.go:277.34,278.16 1 0
github.com/niiniyare/erp/internal/core/abac/services/policy_evaluation_service.go:283.2,302.20 6 0
github.com/niiniyare/erp/internal/core/abac/services/policy_evaluation_service.go:306.175,312.15 4 0
github.com/niiniyare/erp/internal/core/abac/services/policy_evaluation_service.go:312.15,314.3 1 0
github.com/niiniyare/erp/internal/core/abac/services/policy_evaluation_service.go:316.2,324.63 3 0
github.com/niiniyare/erp/internal/core/abac/services/policy_evaluation_service.go:324.63,326.3 1 0
github.com/niiniyare/erp/internal/core/abac/services/policy_evaluation_service.go:327.2,331.34 3 0
github.com/niiniyare/erp/internal/core/abac/services/policy_evaluation_service.go:331.34,333.17 2 0
github.com/niiniyare/erp/internal/core/abac/services/policy_evaluation_service.go:333.17,336.12 2 0
github.com/niiniyare/erp/internal/core/abac/services/policy_evaluation_service.go:339.3,341.30 2 0
github.com/niiniyare/erp/internal/core/abac/services/policy_evaluation_service.go:341.30,344.4 2 0
github.com/niiniyare/erp/internal/core/abac/services/policy_evaluation_service.go:348.2,352.24 3 0
github.com/niiniyare/erp/internal/core/abac/services/policy_evaluation_service.go:352.24,359.3 1 0
github.com/niiniyare/erp/internal/core/abac/services/policy_evaluation_service.go:362.2,375.20 4 0
github.com/niiniyare/erp/internal/core/abac/services/policy_evaluation_service.go:379.163,392.28 5 0
github.com/niiniyare/erp/internal/core/abac/services/policy_evaluation_service.go:392.28,395.64 2 0
github.com/niiniyare/erp/internal/core/abac/services/policy_evaluation_service.go:395.64,396.32 1 0
github.com/niiniyare/erp/internal/core/abac/services/policy_evaluation_service.go:396.32,397.34 1 0
github.com/niiniyare/erp/internal/core/abac/services/policy_evaluation_service.go:397.34,399.6 1 0
github.com/niiniyare/erp/internal/core/abac/services/policy_evaluation_service.go:402.3,403.17 2 0
github.com/niiniyare/erp/internal/core/abac/services/policy_evaluation_service.go:403.17,411.4 7 0
github.com/niiniyare/erp/internal/core/abac/services/policy_evaluation_service.go:412.3,414.19 2 0
github.com/niiniyare/erp/internal/core/abac/services/policy_evaluation_service.go:414.19,419.4 4 0
github.com/niiniyare/erp/internal/core/abac/services/policy_evaluation_service.go:420.8,422.3 1 0
github.com/niiniyare/erp/internal/core/abac/services/policy_evaluation_service.go:425.2,425.30 1 0
github.com/niiniyare/erp/internal/core/abac/services/policy_evaluation_service.go:425.30,428.3 1 0
github.com/niiniyare/erp/internal/core/abac/services/policy_evaluation_service.go:428.8,430.3 1 0
github.com/niiniyare/erp/internal/core/abac/services/policy_evaluation_service.go:433.2,438.20 4 0
github.com/niiniyare/erp/internal/core/abac/services/policy_evaluation_service.go:442.152,447.30 3 0
github.com/niiniyare/erp/internal/core/abac/services/policy_evaluation_service.go:447.30,449.43 2 0
github.com/niiniyare/erp/internal/core/abac/services/policy_evaluation_service.go:449.43,457.68 2 0
github.com/niiniyare/erp/internal/core/abac/services/policy_evaluation_service.go:457.68,459.10 2 0
github.com/niiniyare/erp/internal/core/abac/services/policy_evaluation_service.go:462.3,462.20 1 0
github.com/niiniyare/erp/internal/core/abac/services/policy_evaluation_service.go:462.20,464.4 1 0
github.com/niiniyare/erp/internal/core/abac/services/policy_evaluation_service.go:468.2,468.31 1 0
github.com/niiniyare/erp/internal/core/abac/services/policy_evaluation_service.go:468.31,470.45 2 0
github.com/niiniyare/erp/internal/core/abac/services/policy_evaluation_service.go:470.45,478.72 2 0
github.com/niiniyare/erp/internal/core/abac/services/policy_evaluation_service.go:478.72,480.10 2 0
github.com/niiniyare/erp/internal/core/abac/services/policy_evaluation_service.go:483.3,483.21 1 0
github.com/niiniyare/erp/internal/core/abac/services/policy_evaluation_service.go:483.21,485.4 1 0
github.com/niiniyare/erp/internal/core/abac/services/policy_evaluation_service.go:489.2,489.29 1 0
github.com/niiniyare/erp/internal/core/abac/services/policy_evaluation_service.go:489.29,491.41 2 0
github.com/niiniyare/erp/internal/core/abac/services/policy_evaluation_service.go:491.41,499.70 2 0
github.com/niiniyare/erp/internal/core/abac/services/policy_evaluation_service.go:499.70,501.10 2 0
github.com/niiniyare/erp/internal/core/abac/services/policy_evaluation_service.go:504.3,504.19 1 0
github.com/niiniyare/erp/internal/core/abac/services/policy_evaluation_service.go:504.19,506.4 1 0
github.com/niiniyare/erp/internal/core/abac/services/policy_evaluation_service.go:510.2,510.62 1 0
github.com/niiniyare/erp/internal/core/abac/services/policy_evaluation_service.go:510.63,513.3 0 0
github.com/niiniyare/erp/internal/core/abac/services/policy_evaluation_service.go:515.2,515.18 1 0
github.com/niiniyare/erp/internal/core/abac/services/policy_evaluation_service.go:519.161,523.24 3 0
github.com/niiniyare/erp/internal/core/abac/services/policy_evaluation_service.go:524.30,525.68 1 0
github.com/niiniyare/erp/internal/core/abac/services/policy_evaluation_service.go:526.28,527.66 1 0
github.com/niiniyare/erp/internal/core/abac/services/policy_evaluation_service.go:528.23,529.61 1 0
github.com/niiniyare/erp/internal/core/abac/services/policy_evaluation_service.go:530.23,531.61 1 0
github.com/niiniyare/erp/internal/core/abac/services/policy_evaluation_service.go:532.10,534.48 1 0
github.com/niiniyare/erp/internal/core/abac/services/policy_evaluation_service.go:539.136,549.15 4 0
github.com/niiniyare/erp/internal/core/abac/services/policy_evaluation_service.go:549.15,551.3 1 0
github.com/niiniyare/erp/internal/core/abac/services/policy_evaluation_service.go:553.2,559.18 2 0
github.com/niiniyare/erp/internal/core/abac/services/policy_evaluation_service.go:559.18,561.82 2 0
github.com/niiniyare/erp/internal/core/abac/services/policy_evaluation_service.go:561.82,569.4 7 0
github.com/niiniyare/erp/internal/core/abac/services/policy_evaluation_service.go:573.2,584.16 3 0
github.com/niiniyare/erp/internal/core/abac/services/policy_evaluation_service.go:584.16,592.3 7 0
github.com/niiniyare/erp/internal/core/abac/services/policy_evaluation_service.go:595.2,596.16 2 0
github.com/niiniyare/erp/internal/core/abac/services/policy_evaluation_service.go:596.16,604.3 7 0
github.com/niiniyare/erp/internal/core/abac/services/policy_evaluation_service.go:606.2,608.24 2 0
github.com/niiniyare/erp/internal/core/abac/services/policy_evaluation_service.go:608.24,613.3 4 0
github.com/niiniyare/erp/internal/core/abac/services/policy_evaluation_service.go:616.2,617.16 2 0
github.com/niiniyare/erp/internal/core/abac/services/policy_evaluation_service.go:617.16,625.3 7 0
github.com/niiniyare/erp/internal/core/abac/services/policy_evaluation_service.go:627.2,634.80 6 0
github.com/niiniyare/erp/internal/core/abac/services/policy_evaluation_service.go:634.80,645.3 3 0
github.com/niiniyare/erp/internal/core/abac/services/policy_evaluation_service.go:647.2,658.22 2 0
github.com/niiniyare/erp/internal/core/abac/services/policy_evaluation_service.go:662.145,679.16 5 0
github.com/niiniyare/erp/internal/core/abac/services/policy_evaluation_service.go:679.16,681.3 1 0
github.com/niiniyare/erp/internal/core/abac/services/policy_evaluation_service.go:684.2,685.16 2 0
github.com/niiniyare/erp/internal/core/abac/services/policy_evaluation_service.go:685.16,687.3 1 0
github.com/niiniyare/erp/internal/core/abac/services/policy_evaluation_service.go:689.2,689.31 1 0
github.com/niiniyare/erp/internal/core/abac/services/policy_evaluation_service.go:689.31,692.3 1 0
github.com/niiniyare/erp/internal/core/abac/services/policy_evaluation_service.go:694.2,694.25 1 0
github.com/niiniyare/erp/internal/core/abac/services/policy_evaluation_service.go:701.163,704.37 2 0
github.com/niiniyare/erp/internal/core/abac/services/policy_evaluation_service.go:704.37,705.25 1 0
github.com/niiniyare/erp/internal/core/abac/services/policy_evaluation_service.go:705.25,706.12 1 0
github.com/niiniyare/erp/internal/core/abac/services/policy_evaluation_service.go:708.3,708.26 1 0
github.com/niiniyare/erp/internal/core/abac/services/policy_evaluation_service.go:709.34,710.16 1 0
github.com/niiniyare/erp/internal/core/abac/services/policy_evaluation_service.go:711.33,712.15 1 0
github.com/niiniyare/erp/internal/core/abac/services/policy_evaluation_service.go:716.2,716.19 1 0
github.com/niiniyare/erp/internal/core/abac/services/policy_evaluation_service.go:717.45,718.20 1 0
github.com/niiniyare/erp/internal/core/abac/services/policy_evaluation_service.go:718.20,720.4 1 0
github.com/niiniyare/erp/internal/core/abac/services/policy_evaluation_service.go:721.3,721.21 1 0
github.com/niiniyare/erp/internal/core/abac/services/policy_evaluation_service.go:721.21,723.4 1 0
github.com/niiniyare/erp/internal/core/abac/services/policy_evaluation_service.go:724.3,724.43 1 0
github.com/niiniyare/erp/internal/core/abac/services/policy_evaluation_service.go:726.47,727.21 1 0
github.com/niiniyare/erp/internal/core/abac/services/policy_evaluation_service.go:727.21,729.4 1 0
github.com/niiniyare/erp/internal/core/abac/services/policy_evaluation_service.go:730.3,730.20 1 0
github.com/niiniyare/erp/internal/core/abac/services/policy_evaluation_service.go:730.20,732.4 1 0
github.com/niiniyare/erp/internal/core/abac/services/policy_evaluation_service.go:733.3,733.43 1 0
github.com/niiniyare/erp/internal/core/abac/services/policy_evaluation_service.go:735.47,736.38 1 0
github.com/niiniyare/erp/internal/core/abac/services/policy_evaluation_service.go:736.38,737.25 1 0
github.com/niiniyare/erp/internal/core/abac/services/policy_evaluation_service.go:737.25,739.5 1 0
github.com/niiniyare/erp/internal/core/abac/services/policy_evaluation_service.go:741.3,741.43 1 0
github.com/niiniyare/erp/internal/core/abac/services/policy_evaluation_service.go:743.10,744.34 1 0
github.com/niiniyare/erp/internal/core/abac/services/policy_evaluation_service.go:748.176,751.39 2 0
github.com/niiniyare/erp/internal/core/abac/services/policy_evaluation_service.go:751.39,752.25 1 0
github.com/niiniyare/erp/internal/core/abac/services/policy_evaluation_service.go:752.25,753.12 1 0
github.com/niiniyare/erp/internal/core/abac/services/policy_evaluation_service.go:755.3,755.26 1 0
github.com/niiniyare/erp/internal/core/abac/services/policy_evaluation_service.go:756.34,757.16 1 0
github.com/niiniyare/erp/internal/core/abac/services/policy_evaluation_service.go:758.33,759.15 1 0
github.com/niiniyare/erp/internal/core/abac/services/policy_evaluation_service.go:763.2,763.19 1 0
github.com/niiniyare/erp/internal/core/abac/services/policy_evaluation_service.go:764.45,765.20 1 0
github.com/niiniyare/erp/internal/core/abac/services/policy_evaluation_service.go:765.20,767.4 1 0
github.com/niiniyare/erp/internal/core/abac/services/policy_evaluation_service.go:768.3,768.21 1 0
github.com/niiniyare/erp/internal/core/abac/services/policy_evaluation_service.go:768.21,770.4 1 0
github.com/niiniyare/erp/internal/core/abac/services/policy_evaluation_service.go:771.3,771.43 1 0
github.com/niiniyare/erp/internal/core/abac/services/policy_evaluation_service.go:773.47,774.21 1 0
github.com/niiniyare/erp/internal/core/abac/services/policy_evaluation_service.go:774.21,776.4 1 0
github.com/niiniyare/erp/internal/core/abac/services/policy_evaluation_service.go:777.3,777.20 1 0
github.com/niiniyare/erp/internal/core/abac/services/policy_evaluation_service.go:777.20,779.4 1 0
github.com/niiniyare/erp/internal/core/abac/services/policy_evaluation_service.go:780.3,780.43 1 0
github.com/niiniyare/erp/internal/core/abac/services/policy_evaluation_service.go:782.10,783.34 1 0
github.com/niiniyare/erp/internal/core/abac/services/policy_evaluation_service.go:787.107,791.39 3 0
github.com/niiniyare/erp/internal/core/abac/services/policy_evaluation_service.go:791.39,792.25 1 0
github.com/niiniyare/erp/internal/core/abac/services/policy_evaluation_service.go:792.25,793.12 1 0
github.com/niiniyare/erp/internal/core/abac/services/policy_evaluation_service.go:795.3,795.26 1 0
github.com/niiniyare/erp/internal/core/abac/services/policy_evaluation_service.go:796.34,797.60 1 0
github.com/niiniyare/erp/internal/core/abac/services/policy_evaluation_service.go:798.33,799.58 1 0
github.com/niiniyare/erp/internal/core/abac/services/policy_evaluation_service.go:803.2,803.53 1 0
github.com/niiniyare/erp/internal/core/abac/services/policy_evaluation_service.go:803.53,806.3 2 0
github.com/niiniyare/erp/internal/core/abac/services/policy_evaluation_service.go:808.2,808.18 1 0
github.com/niiniyare/erp/internal/core/abac/services/policy_evaluation_service.go:811.132,812.41 1 0
github.com/niiniyare/erp/internal/core/abac/services/policy_evaluation_service.go:812.41,813.80 1 0
github.com/niiniyare/erp/internal/core/abac/services/policy_evaluation_service.go:813.80,816.4 2 0
github.com/niiniyare/erp/internal/core/abac/services/policy_evaluation_service.go:820.148,821.45 1 0
github.com/niiniyare/erp/internal/core/abac/services/policy_evaluation_service.go:821.45,822.84 1 0
github.com/niiniyare/erp/internal/core/abac/services/policy_evaluation_service.go:822.84,825.4 2 0
github.com/niiniyare/erp/internal/core/abac/services/policy_evaluation_service.go:829.137,831.13 2 0
github.com/niiniyare/erp/internal/core/abac/services/policy_evaluation_service.go:831.13,833.3 1 0
github.com/niiniyare/erp/internal/core/abac/services/policy_evaluation_service.go:835.2,835.26 1 0
github.com/niiniyare/erp/internal/core/abac/services/policy_evaluation_service.go:836.16,837.74 1 0
github.com/niiniyare/erp/internal/core/abac/services/policy_evaluation_service.go:838.18,839.124 1 0
github.com/niiniyare/erp/internal/core/abac/services/policy_evaluation_service.go:840.15,842.15 1 0
github.com/niiniyare/erp/internal/core/abac/services/policy_evaluation_service.go:843.12,845.15 1 0
github.com/niiniyare/erp/internal/core/abac/services/policy_evaluation_service.go:846.10,847.15 1 0
github.com/niiniyare/erp/internal/core/abac/services/policy_evaluation_service.go:853.171,856.2 1 0
github.com/niiniyare/erp/internal/core/abac/services/policy_evaluation_service.go:858.169,861.2 1 0
github.com/niiniyare/erp/internal/core/abac/services/policy_evaluation_service.go:863.164,866.2 1 0
github.com/niiniyare/erp/internal/core/abac/services/policy_evaluation_service.go:868.164,871.2 1 0
github.com/niiniyare/erp/internal/core/abac/services/policy_evaluation_service.go:875.152,877.2 1 0
github.com/niiniyare/erp/internal/core/abac/services/policy_evaluation_service.go:879.132,881.60 2 0
github.com/niiniyare/erp/internal/core/abac/services/policy_evaluation_service.go:881.60,883.3 1 0
github.com/niiniyare/erp/internal/core/abac/services/policy_evaluation_service.go:884.2,884.21 1 0
github.com/niiniyare/erp/internal/core/abac/services/policy_evaluation_service.go:887.87,889.27 2 0
github.com/niiniyare/erp/internal/core/abac/services/policy_evaluation_service.go:889.27,891.3 1 0
github.com/niiniyare/erp/internal/core/abac/services/policy_evaluation_service.go:892.2,892.16 1 0
github.com/niiniyare/erp/internal/core/abac/services/policy_evaluation_service.go:896.130,921.2 4 0
github.com/niiniyare/erp/internal/core/abac/activities/attribute_collection.go:41.34,50.2 1 0
github.com/niiniyare/erp/internal/core/abac/activities/attribute_collection.go:67.157,87.16 7 0
github.com/niiniyare/erp/internal/core/abac/activities/attribute_collection.go:87.16,91.3 3 0
github.com/niiniyare/erp/internal/core/abac/activities/attribute_collection.go:94.2,94.30 1 0
github.com/niiniyare/erp/internal/core/abac/activities/attribute_collection.go:94.30,96.3 1 0
github.com/niiniyare/erp/internal/core/abac/activities/attribute_collection.go:99.2,100.16 2 0
github.com/niiniyare/erp/internal/core/abac/activities/attribute_collection.go:100.16,104.3 1 0
github.com/niiniyare/erp/internal/core/abac/activities/attribute_collection.go:104.8,105.33 1 0
github.com/niiniyare/erp/internal/core/abac/activities/attribute_collection.go:105.33,107.4 1 0
github.com/niiniyare/erp/internal/core/abac/activities/attribute_collection.go:111.2,112.16 2 0
github.com/niiniyare/erp/internal/core/abac/activities/attribute_collection.go:112.16,116.3 1 0
github.com/niiniyare/erp/internal/core/abac/activities/attribute_collection.go:116.8,117.35 1 0
github.com/niiniyare/erp/internal/core/abac/activities/attribute_collection.go:117.35,119.4 1 0
github.com/niiniyare/erp/internal/core/abac/activities/attribute_collection.go:123.2,124.16 2 0
github.com/niiniyare/erp/internal/core/abac/activities/attribute_collection.go:124.16,127.3 1 0
github.com/niiniyare/erp/internal/core/abac/activities/attribute_collection.go:127.8,128.31 1 0
github.com/niiniyare/erp/internal/core/abac/activities/attribute_collection.go:128.31,130.4 1 0
github.com/niiniyare/erp/internal/core/abac/activities/attribute_collection.go:134.2,135.16 2 0
github.com/niiniyare/erp/internal/core/abac/activities/attribute_collection.go:135.16,138.3 1 0
github.com/niiniyare/erp/internal/core/abac/activities/attribute_collection.go:138.8,139.33 1 0
github.com/niiniyare/erp/internal/core/abac/activities/attribute_collection.go:139.33,141.4 1 0
github.com/niiniyare/erp/internal/core/abac/activities/attribute_collection.go:144.2,164.8 6 0
github.com/niiniyare/erp/internal/core/abac/activities/attribute_collection.go:168.131,170.16 2 0
github.com/niiniyare/erp/internal/core/abac/activities/attribute_collection.go:170.16,172.3 1 0
github.com/niiniyare/erp/internal/core/abac/activities/attribute_collection.go:174.2,189.29 2 0
github.com/niiniyare/erp/internal/core/abac/activities/attribute_collection.go:189.29,192.3 2 0
github.com/niiniyare/erp/internal/core/abac/activities/attribute_collection.go:194.2,194.24 1 0
github.com/niiniyare/erp/internal/core/abac/activities/attribute_collection.go:198.128,201.16 2 0
github.com/niiniyare/erp/internal/core/abac/activities/attribute_collection.go:201.16,203.3 1 0
github.com/niiniyare/erp/internal/core/abac/activities/attribute_collection.go:206.2,211.24 2 0
github.com/niiniyare/erp/internal/core/abac/activities/attribute_collection.go:215.130,218.16 2 0
github.com/niiniyare/erp/internal/core/abac/activities/attribute_collection.go:218.16,220.3 1 0
github.com/niiniyare/erp/internal/core/abac/activities/attribute_collection.go:223.2,228.24 2 0
github.com/niiniyare/erp/internal/core/abac/activities/attribute_collection.go:232.147,240.2 2 0
github.com/niiniyare/erp/internal/core/abac/activities/attribute_collection.go:243.164,245.16 2 0
github.com/niiniyare/erp/internal/core/abac/activities/attribute_collection.go:245.16,247.3 1 0
github.com/niiniyare/erp/internal/core/abac/activities/attribute_collection.go:249.2,250.44 2 0
github.com/niiniyare/erp/internal/core/abac/activities/attribute_collection.go:250.44,253.3 1 0
github.com/niiniyare/erp/internal/core/abac/activities/attribute_collection.go:255.2,255.24 1 0
github.com/niiniyare/erp/internal/core/abac/activities/attribute_collection.go:274.169,295.29 7 0
github.com/niiniyare/erp/internal/core/abac/activities/attribute_collection.go:295.29,297.3 1 0
github.com/niiniyare/erp/internal/core/abac/activities/attribute_collection.go:298.2,298.27 1 0
github.com/niiniyare/erp/internal/core/abac/activities/attribute_collection.go:298.27,300.3 1 0
github.com/niiniyare/erp/internal/core/abac/activities/attribute_collection.go:303.2,304.16 2 0
github.com/niiniyare/erp/internal/core/abac/activities/attribute_collection.go:304.16,307.3 1 0
github.com/niiniyare/erp/internal/core/abac/activities/attribute_collection.go:307.8,311.3 3 0
github.com/niiniyare/erp/internal/core/abac/activities/attribute_collection.go:314.2,315.16 2 0
github.com/niiniyare/erp/internal/core/abac/activities/attribute_collection.go:315.16,318.3 1 0
github.com/niiniyare/erp/internal/core/abac/activities/attribute_collection.go:318.8,319.43 1 0
github.com/niiniyare/erp/internal/core/abac/activities/attribute_collection.go:319.43,321.4 1 0
github.com/niiniyare/erp/internal/core/abac/activities/attribute_collection.go:325.2,325.29 1 0
github.com/niiniyare/erp/internal/core/abac/activities/attribute_collection.go:325.29,327.17 2 0
github.com/niiniyare/erp/internal/core/abac/activities/attribute_collection.go:327.17,330.4 1 0
github.com/niiniyare/erp/internal/core/abac/activities/attribute_collection.go:330.9,331.34 1 0
github.com/niiniyare/erp/internal/core/abac/activities/attribute_collection.go:331.34,333.5 1 0
github.com/niiniyare/erp/internal/core/abac/activities/attribute_collection.go:337.2,355.8 5 0
github.com/niiniyare/erp/internal/core/abac/activities/attribute_collection.go:359.159,362.28 2 0
github.com/niiniyare/erp/internal/core/abac/activities/attribute_collection.go:363.14,365.42 2 0
github.com/niiniyare/erp/internal/core/abac/activities/attribute_collection.go:367.18,369.44 2 0
github.com/niiniyare/erp/internal/core/abac/activities/attribute_collection.go:371.16,373.42 2 0
github.com/niiniyare/erp/internal/core/abac/activities/attribute_collection.go:375.16,377.48 2 0
github.com/niiniyare/erp/internal/core/abac/activities/attribute_collection.go:379.10,381.42 2 0
github.com/niiniyare/erp/internal/core/abac/activities/attribute_collection.go:384.2,384.24 1 0
github.com/niiniyare/erp/internal/core/abac/activities/attribute_collection.go:404.163,423.30 7 0
github.com/niiniyare/erp/internal/core/abac/activities/attribute_collection.go:423.30,425.3 1 0
github.com/niiniyare/erp/internal/core/abac/activities/attribute_collection.go:428.2,428.27 1 0
github.com/niiniyare/erp/internal/core/abac/activities/attribute_collection.go:428.27,430.34 2 0
github.com/niiniyare/erp/internal/core/abac/activities/attribute_collection.go:430.34,432.4 1 0
github.com/niiniyare/erp/internal/core/abac/activities/attribute_collection.go:436.2,436.27 1 0
github.com/niiniyare/erp/internal/core/abac/activities/attribute_collection.go:436.27,438.33 2 0
github.com/niiniyare/erp/internal/core/abac/activities/attribute_collection.go:438.33,440.4 1 0
github.com/niiniyare/erp/internal/core/abac/activities/attribute_collection.go:444.2,444.30 1 0
github.com/niiniyare/erp/internal/core/abac/activities/attribute_collection.go:444.30,446.34 2 0
github.com/niiniyare/erp/internal/core/abac/activities/attribute_collection.go:446.34,448.4 1 0
github.com/niiniyare/erp/internal/core/abac/activities/attribute_collection.go:452.2,453.30 2 0
github.com/niiniyare/erp/internal/core/abac/activities/attribute_collection.go:453.30,455.3 1 0
github.com/niiniyare/erp/internal/core/abac/activities/attribute_collection.go:457.2,474.8 5 0
github.com/niiniyare/erp/internal/core/abac/activities/attribute_collection.go:478.99,480.26 2 0
github.com/niiniyare/erp/internal/core/abac/activities/attribute_collection.go:480.26,482.3 1 0
github.com/niiniyare/erp/internal/core/abac/activities/attribute_collection.go:484.2,495.3 1 0
github.com/niiniyare/erp/internal/core/abac/activities/attribute_collection.go:499.97,506.15 3 0
github.com/niiniyare/erp/internal/core/abac/activities/attribute_collection.go:506.15,511.3 4 0
github.com/niiniyare/erp/internal/core/abac/activities/attribute_collection.go:514.2,515.29 2 0
github.com/niiniyare/erp/internal/core/abac/activities/attribute_collection.go:515.29,517.3 1 0
github.com/niiniyare/erp/internal/core/abac/activities/attribute_collection.go:519.2,519.19 1 0
github.com/niiniyare/erp/internal/core/abac/activities/attribute_collection.go:523.96,532.41 3 0
github.com/niiniyare/erp/internal/core/abac/activities/attribute_collection.go:532.41,534.3 1 0
github.com/niiniyare/erp/internal/core/abac/activities/attribute_collection.go:534.8,534.49 1 0
github.com/niiniyare/erp/internal/core/abac/activities/attribute_collection.go:534.49,536.3 1 0
github.com/niiniyare/erp/internal/core/abac/activities/attribute_collection.go:536.8,536.48 1 0
github.com/niiniyare/erp/internal/core/abac/activities/attribute_collection.go:536.48,538.3 1 0
github.com/niiniyare/erp/internal/core/abac/activities/attribute_collection.go:538.8,538.46 1 0
github.com/niiniyare/erp/internal/core/abac/activities/attribute_collection.go:538.46,540.3 1 0
github.com/niiniyare/erp/internal/core/abac/activities/attribute_collection.go:540.8,542.3 1 0
github.com/niiniyare/erp/internal/core/abac/activities/attribute_collection.go:545.2,545.42 1 0
github.com/niiniyare/erp/internal/core/abac/activities/attribute_collection.go:545.42,547.3 1 0
github.com/niiniyare/erp/internal/core/abac/activities/attribute_collection.go:547.8,547.45 1 0
github.com/niiniyare/erp/internal/core/abac/activities/attribute_collection.go:547.45,549.3 1 0
github.com/niiniyare/erp/internal/core/abac/activities/attribute_collection.go:549.8,549.47 1 0
github.com/niiniyare/erp/internal/core/abac/activities/attribute_collection.go:549.47,551.3 1 0
github.com/niiniyare/erp/internal/core/abac/activities/attribute_collection.go:551.8,551.49 1 0
github.com/niiniyare/erp/internal/core/abac/activities/attribute_collection.go:551.49,553.3 1 0
github.com/niiniyare/erp/internal/core/abac/activities/attribute_collection.go:553.8,553.45 1 0
github.com/niiniyare/erp/internal/core/abac/activities/attribute_collection.go:553.45,555.3 1 0
github.com/niiniyare/erp/internal/core/abac/activities/attribute_collection.go:555.8,557.3 1 0
github.com/niiniyare/erp/internal/core/abac/activities/attribute_collection.go:560.2,560.120 1 0
github.com/niiniyare/erp/internal/core/abac/activities/attribute_collection.go:560.120,562.3 1 0
github.com/niiniyare/erp/internal/core/abac/activities/attribute_collection.go:562.8,562.85 1 0
github.com/niiniyare/erp/internal/core/abac/activities/attribute_collection.go:562.85,564.3 1 0
github.com/niiniyare/erp/internal/core/abac/activities/attribute_collection.go:564.8,566.3 1 0
github.com/niiniyare/erp/internal/core/abac/activities/attribute_collection.go:568.2,568.19 1 0
github.com/niiniyare/erp/internal/core/abac/activities/attribute_collection.go:572.107,575.32 2 0
github.com/niiniyare/erp/internal/core/abac/activities/attribute_collection.go:575.32,576.12 1 0
github.com/niiniyare/erp/internal/core/abac/activities/attribute_collection.go:577.49,579.12 1 0
github.com/niiniyare/erp/internal/core/abac/activities/attribute_collection.go:580.11,581.21 1 0
github.com/niiniyare/erp/internal/core/abac/activities/attribute_collection.go:586.2,586.52 1 0
github.com/niiniyare/erp/internal/core/abac/activities/attribute_collection.go:586.52,589.3 2 0
github.com/niiniyare/erp/internal/core/abac/activities/attribute_collection.go:591.2,591.19 1 0
github.com/niiniyare/erp/internal/core/abac/activities/attribute_collection.go:595.134,605.27 4 0
github.com/niiniyare/erp/internal/core/abac/activities/attribute_collection.go:605.27,607.38 2 0
github.com/niiniyare/erp/internal/core/abac/activities/attribute_collection.go:607.38,610.4 2 0
github.com/niiniyare/erp/internal/core/abac/activities/attribute_collection.go:614.2,615.18 2 0
github.com/niiniyare/erp/internal/core/abac/activities/attribute_collection.go:615.18,617.3 1 0
github.com/niiniyare/erp/internal/core/abac/activities/attribute_collection.go:618.2,618.39 1 0
github.com/niiniyare/erp/internal/core/abac/activities/attribute_collection.go:618.39,621.3 2 0
github.com/niiniyare/erp/internal/core/abac/activities/attribute_collection.go:624.2,624.68 1 0
github.com/niiniyare/erp/internal/core/abac/activities/attribute_collection.go:624.68,627.3 2 0
github.com/niiniyare/erp/internal/core/abac/activities/attribute_collection.go:630.2,631.21 2 0
github.com/niiniyare/erp/internal/core/abac/activities/attribute_collection.go:631.21,633.3 1 0
github.com/niiniyare/erp/internal/core/abac/activities/attribute_collection.go:633.8,633.28 1 0
github.com/niiniyare/erp/internal/core/abac/activities/attribute_collection.go:633.28,635.3 1 0
github.com/niiniyare/erp/internal/core/abac/activities/attribute_collection.go:637.2,641.19 4 0
github.com/niiniyare/erp/internal/core/abac/activities/attribute_collection.go:645.69,653.37 2 0
github.com/niiniyare/erp/internal/core/abac/activities/attribute_collection.go:653.37,655.27 2 0
github.com/niiniyare/erp/internal/core/abac/activities/attribute_collection.go:655.27,657.4 1 0
github.com/niiniyare/erp/internal/core/abac/activities/attribute_collection.go:659.2,659.14 1 0
github.com/niiniyare/erp/internal/core/abac/activities/attribute_collection.go:663.97,675.36 3 0
github.com/niiniyare/erp/internal/core/abac/activities/attribute_collection.go:675.36,680.3 4 0
github.com/niiniyare/erp/internal/core/abac/activities/attribute_collection.go:682.2,682.19 1 0
github.com/niiniyare/erp/internal/core/abac/activities/cache_activities.go:36.20,44.2 1 0
github.com/niiniyare/erp/internal/core/abac/activities/cache_activities.go:68.143,93.14 6 0
github.com/niiniyare/erp/internal/core/abac/activities/cache_activities.go:93.14,95.3 1 0
github.com/niiniyare/erp/internal/core/abac/activities/cache_activities.go:96.2,100.49 3 0
github.com/niiniyare/erp/internal/core/abac/activities/cache_activities.go:100.49,102.3 1 0
github.com/niiniyare/erp/internal/core/abac/activities/cache_activities.go:105.2,123.16 3 0
github.com/niiniyare/erp/internal/core/abac/activities/cache_activities.go:123.16,139.3 4 0
github.com/niiniyare/erp/internal/core/abac/activities/cache_activities.go:141.2,160.8 6 0
github.com/niiniyare/erp/internal/core/abac/activities/cache_activities.go:183.155,204.16 6 0
github.com/niiniyare/erp/internal/core/abac/activities/cache_activities.go:204.16,215.3 4 0
github.com/niiniyare/erp/internal/core/abac/activities/cache_activities.go:217.2,239.8 6 0
github.com/niiniyare/erp/internal/core/abac/activities/cache_activities.go:260.143,290.16 7 0
github.com/niiniyare/erp/internal/core/abac/activities/cache_activities.go:290.16,294.3 3 0
github.com/niiniyare/erp/internal/core/abac/activities/cache_activities.go:296.2,311.8 5 0
github.com/niiniyare/erp/internal/core/abac/activities/cache_activities.go:328.137,345.16 6 0
github.com/niiniyare/erp/internal/core/abac/activities/cache_activities.go:345.16,349.3 3 0
github.com/niiniyare/erp/internal/core/abac/activities/cache_activities.go:351.2,365.8 5 0
github.com/niiniyare/erp/internal/core/abac/activities/cache_activities.go:381.119,392.16 5 0
github.com/niiniyare/erp/internal/core/abac/activities/cache_activities.go:392.16,396.3 2 0
github.com/niiniyare/erp/internal/core/abac/activities/cache_activities.go:399.2,400.16 2 0
github.com/niiniyare/erp/internal/core/abac/activities/cache_activities.go:400.16,404.3 2 0
github.com/niiniyare/erp/internal/core/abac/activities/cache_activities.go:406.2,423.8 4 0
github.com/niiniyare/erp/internal/core/abac/activities/cache_activities.go:443.113,472.39 7 0
github.com/niiniyare/erp/internal/core/abac/activities/cache_activities.go:472.39,473.52 1 0
github.com/niiniyare/erp/internal/core/abac/activities/cache_activities.go:473.52,474.41 1 0
github.com/niiniyare/erp/internal/core/abac/activities/cache_activities.go:474.41,484.19 3 0
github.com/niiniyare/erp/internal/core/abac/activities/cache_activities.go:484.19,486.14 2 0
github.com/niiniyare/erp/internal/core/abac/activities/cache_activities.go:490.5,490.18 1 0
github.com/niiniyare/erp/internal/core/abac/activities/cache_activities.go:495.2,514.8 5 0
github.com/niiniyare/erp/internal/core/abac/activities/cache_activities.go:518.86,520.29 2 0
github.com/niiniyare/erp/internal/core/abac/activities/cache_activities.go:520.29,522.3 1 0
github.com/niiniyare/erp/internal/core/abac/activities/cache_activities.go:524.2,528.21 1 0
github.com/niiniyare/erp/internal/core/abac/activities/policy_evaluation.go:37.31,45.2 1 0
github.com/niiniyare/erp/internal/core/abac/activities/policy_evaluation.go:71.155,93.38 6 0
github.com/niiniyare/erp/internal/core/abac/activities/policy_evaluation.go:93.38,104.3 3 0
github.com/niiniyare/erp/internal/core/abac/activities/policy_evaluation.go:106.2,110.16 3 0
github.com/niiniyare/erp/internal/core/abac/activities/policy_evaluation.go:110.16,113.3 2 0
github.com/niiniyare/erp/internal/core/abac/activities/policy_evaluation.go:116.2,117.16 2 0
github.com/niiniyare/erp/internal/core/abac/activities/policy_evaluation.go:117.16,120.3 2 0
github.com/niiniyare/erp/internal/core/abac/activities/policy_evaluation.go:122.2,127.12 4 0
github.com/niiniyare/erp/internal/core/abac/activities/policy_evaluation.go:127.12,128.90 1 0
github.com/niiniyare/erp/internal/core/abac/activities/policy_evaluation.go:128.90,131.4 1 0
github.com/niiniyare/erp/internal/core/abac/activities/policy_evaluation.go:135.2,148.24 4 0
github.com/niiniyare/erp/internal/core/abac/activities/policy_evaluation.go:152.159,164.16 4 0
github.com/niiniyare/erp/internal/core/abac/activities/policy_evaluation.go:164.16,166.3 1 0
github.com/niiniyare/erp/internal/core/abac/activities/policy_evaluation.go:168.2,172.8 1 0
github.com/niiniyare/erp/internal/core/abac/activities/policy_evaluation.go:176.145,188.16 5 0
github.com/niiniyare/erp/internal/core/abac/activities/policy_evaluation.go:188.16,190.3 1 0
github.com/niiniyare/erp/internal/core/abac/activities/policy_evaluation.go:192.2,194.22 2 0
github.com/niiniyare/erp/internal/core/abac/activities/policy_evaluation.go:198.186,205.34 5 0
github.com/niiniyare/erp/internal/core/abac/activities/policy_evaluation.go:205.34,207.17 2 0
github.com/niiniyare/erp/internal/core/abac/activities/policy_evaluation.go:207.17,213.12 2 0
github.com/niiniyare/erp/internal/core/abac/activities/policy_evaluation.go:216.3,218.24 2 0
github.com/niiniyare/erp/internal/core/abac/activities/policy_evaluation.go:219.32,220.16 1 0
github.com/niiniyare/erp/internal/core/abac/activities/policy_evaluation.go:221.31,222.15 1 0
github.com/niiniyare/erp/internal/core/abac/activities/policy_evaluation.go:227.2,239.8 3 0
github.com/niiniyare/erp/internal/core/abac/activities/policy_evaluation.go:243.173,255.50 4 0
github.com/niiniyare/erp/internal/core/abac/activities/policy_evaluation.go:255.50,258.3 2 0
github.com/niiniyare/erp/internal/core/abac/activities/policy_evaluation.go:261.2,262.16 2 0
github.com/niiniyare/erp/internal/core/abac/activities/policy_evaluation.go:262.16,266.3 3 0
github.com/niiniyare/erp/internal/core/abac/activities/policy_evaluation.go:268.2,268.16 1 0
github.com/niiniyare/erp/internal/core/abac/activities/policy_evaluation.go:268.16,270.47 1 0
github.com/niiniyare/erp/internal/core/abac/activities/policy_evaluation.go:270.47,272.4 1 0
github.com/niiniyare/erp/internal/core/abac/activities/policy_evaluation.go:272.9,272.53 1 0
github.com/niiniyare/erp/internal/core/abac/activities/policy_evaluation.go:272.53,274.4 1 0
github.com/niiniyare/erp/internal/core/abac/activities/policy_evaluation.go:274.9,276.4 1 0
github.com/niiniyare/erp/internal/core/abac/activities/policy_evaluation.go:277.3,277.52 1 0
github.com/niiniyare/erp/internal/core/abac/activities/policy_evaluation.go:278.8,280.3 1 0
github.com/niiniyare/erp/internal/core/abac/activities/policy_evaluation.go:282.2,282.22 1 0
github.com/niiniyare/erp/internal/core/abac/activities/policy_evaluation.go:286.140,288.62 1 0
github.com/niiniyare/erp/internal/core/abac/activities/policy_evaluation.go:288.62,289.64 1 0
github.com/niiniyare/erp/internal/core/abac/activities/policy_evaluation.go:289.64,291.4 1 0
github.com/niiniyare/erp/internal/core/abac/activities/policy_evaluation.go:295.2,295.49 1 0
github.com/niiniyare/erp/internal/core/abac/activities/policy_evaluation.go:295.49,296.46 1 0
github.com/niiniyare/erp/internal/core/abac/activities/policy_evaluation.go:296.46,298.4 1 0
github.com/niiniyare/erp/internal/core/abac/activities/policy_evaluation.go:302.2,302.79 1 0
github.com/niiniyare/erp/internal/core/abac/activities/policy_evaluation.go:302.79,303.61 1 0
github.com/niiniyare/erp/internal/core/abac/activities/policy_evaluation.go:303.61,305.4 1 0
github.com/niiniyare/erp/internal/core/abac/activities/policy_evaluation.go:308.2,308.13 1 0
github.com/niiniyare/erp/internal/core/abac/activities/policy_evaluation.go:312.145,314.46 1 0
github.com/niiniyare/erp/internal/core/abac/activities/policy_evaluation.go:314.46,316.3 1 0
github.com/niiniyare/erp/internal/core/abac/activities/policy_evaluation.go:319.2,319.39 1 0
github.com/niiniyare/erp/internal/core/abac/activities/policy_evaluation.go:319.39,321.14 2 0
github.com/niiniyare/erp/internal/core/abac/activities/policy_evaluation.go:321.14,323.4 1 0
github.com/niiniyare/erp/internal/core/abac/activities/policy_evaluation.go:325.3,325.51 1 0
github.com/niiniyare/erp/internal/core/abac/activities/policy_evaluation.go:325.51,327.4 1 0
github.com/niiniyare/erp/internal/core/abac/activities/policy_evaluation.go:330.2,330.18 1 0
github.com/niiniyare/erp/internal/core/abac/activities/policy_evaluation.go:334.135,335.35 1 0
github.com/niiniyare/erp/internal/core/abac/activities/policy_evaluation.go:336.22,338.38 1 0
github.com/niiniyare/erp/internal/core/abac/activities/policy_evaluation.go:338.38,340.4 1 0
github.com/niiniyare/erp/internal/core/abac/activities/policy_evaluation.go:341.3,341.36 1 0
github.com/niiniyare/erp/internal/core/abac/activities/policy_evaluation.go:341.36,343.4 1 0
github.com/niiniyare/erp/internal/core/abac/activities/policy_evaluation.go:344.3,344.37 1 0
github.com/niiniyare/erp/internal/core/abac/activities/policy_evaluation.go:344.37,347.4 2 0
github.com/niiniyare/erp/internal/core/abac/activities/policy_evaluation.go:350.3,350.61 1 0
github.com/niiniyare/erp/internal/core/abac/activities/policy_evaluation.go:352.13,354.34 1 0
github.com/niiniyare/erp/internal/core/abac/activities/policy_evaluation.go:354.34,356.29 2 0
github.com/niiniyare/erp/internal/core/abac/activities/policy_evaluation.go:356.29,358.5 1 0
github.com/niiniyare/erp/internal/core/abac/activities/policy_evaluation.go:360.3,360.19 1 0
github.com/niiniyare/erp/internal/core/abac/activities/policy_evaluation.go:363.2,363.72 1 0
github.com/niiniyare/erp/internal/core/abac/activities/policy_evaluation.go:367.138,369.9 2 0
github.com/niiniyare/erp/internal/core/abac/activities/policy_evaluation.go:369.9,371.3 1 0
github.com/niiniyare/erp/internal/core/abac/activities/policy_evaluation.go:373.2,373.37 1 0
github.com/niiniyare/erp/internal/core/abac/activities/policy_evaluation.go:373.37,375.28 2 0
github.com/niiniyare/erp/internal/core/abac/activities/policy_evaluation.go:375.28,377.4 1 0
github.com/niiniyare/erp/internal/core/abac/activities/policy_evaluation.go:379.2,379.18 1 0
github.com/niiniyare/erp/internal/core/abac/activities/policy_evaluation.go:383.137,385.9 2 0
github.com/niiniyare/erp/internal/core/abac/activities/policy_evaluation.go:385.9,387.3 1 0
github.com/niiniyare/erp/internal/core/abac/activities/policy_evaluation.go:389.2,389.37 1 0
github.com/niiniyare/erp/internal/core/abac/activities/policy_evaluation.go:389.37,391.17 2 0
github.com/niiniyare/erp/internal/core/abac/activities/policy_evaluation.go:391.17,393.4 1 0
github.com/niiniyare/erp/internal/core/abac/activities/policy_evaluation.go:394.3,394.13 1 0
github.com/niiniyare/erp/internal/core/abac/activities/policy_evaluation.go:394.13,396.4 1 0
github.com/niiniyare/erp/internal/core/abac/activities/policy_evaluation.go:398.2,398.19 1 0
github.com/niiniyare/erp/internal/core/abac/activities/policy_evaluation.go:402.153,404.9 2 0
github.com/niiniyare/erp/internal/core/abac/activities/policy_evaluation.go:404.9,406.3 1 0
github.com/niiniyare/erp/internal/core/abac/activities/policy_evaluation.go:408.2,409.9 2 0
github.com/niiniyare/erp/internal/core/abac/activities/policy_evaluation.go:409.9,411.3 1 0
github.com/niiniyare/erp/internal/core/abac/activities/policy_evaluation.go:413.2,415.13 3 0
github.com/niiniyare/erp/internal/core/abac/activities/policy_evaluation.go:415.13,417.3 1 0
github.com/niiniyare/erp/internal/core/abac/activities/policy_evaluation.go:419.2,419.68 1 0
github.com/niiniyare/erp/internal/core/abac/activities/policy_evaluation.go:423.111,424.18 1 0
github.com/niiniyare/erp/internal/core/abac/activities/policy_evaluation.go:425.22,426.48 1 0
github.com/niiniyare/erp/internal/core/abac/activities/policy_evaluation.go:427.26,428.49 1 0
github.com/niiniyare/erp/internal/core/abac/activities/policy_evaluation.go:429.28,430.69 1 0
github.com/niiniyare/erp/internal/core/abac/activities/policy_evaluation.go:430.69,430.85 1 0
github.com/niiniyare/erp/internal/core/abac/activities/policy_evaluation.go:431.36,432.69 1 0
github.com/niiniyare/erp/internal/core/abac/activities/policy_evaluation.go:432.69,432.86 1 0
github.com/niiniyare/erp/internal/core/abac/activities/policy_evaluation.go:433.25,434.69 1 0
github.com/niiniyare/erp/internal/core/abac/activities/policy_evaluation.go:434.69,434.85 1 0
github.com/niiniyare/erp/internal/core/abac/activities/policy_evaluation.go:435.33,436.69 1 0
github.com/niiniyare/erp/internal/core/abac/activities/policy_evaluation.go:436.69,436.86 1 0
github.com/niiniyare/erp/internal/core/abac/activities/policy_evaluation.go:437.12,438.46 1 0
github.com/niiniyare/erp/internal/core/abac/activities/policy_evaluation.go:439.16,440.47 1 0
github.com/niiniyare/erp/internal/core/abac/activities/policy_evaluation.go:441.10,442.65 1 0
github.com/niiniyare/erp/internal/core/abac/activities/policy_evaluation.go:447.79,449.2 1 0
github.com/niiniyare/erp/internal/core/abac/activities/policy_evaluation.go:452.128,456.18 3 0
github.com/niiniyare/erp/internal/core/abac/activities/policy_evaluation.go:456.18,460.19 3 0
github.com/niiniyare/erp/internal/core/abac/activities/policy_evaluation.go:460.19,462.4 1 0
github.com/niiniyare/erp/internal/core/abac/activities/policy_evaluation.go:465.2,465.47 1 0
github.com/niiniyare/erp/internal/core/abac/activities/policy_evaluation.go:469.73,470.25 1 0
github.com/niiniyare/erp/internal/core/abac/activities/policy_evaluation.go:471.15,472.17 1 0
github.com/niiniyare/erp/internal/core/abac/activities/policy_evaluation.go:473.15,474.26 1 0
github.com/niiniyare/erp/internal/core/abac/activities/policy_evaluation.go:475.11,476.26 1 0
github.com/niiniyare/erp/internal/core/abac/activities/policy_evaluation.go:477.13,478.26 1 0
github.com/niiniyare/erp/internal/core/abac/activities/policy_evaluation.go:479.13,480.26 1 0
github.com/niiniyare/erp/internal/core/abac/activities/policy_evaluation.go:481.10,482.18 1 0
github.com/niiniyare/erp/internal/core/abac/activities/policy_evaluation.go:487.76,489.9 2 0
github.com/niiniyare/erp/internal/core/abac/activities/policy_evaluation.go:489.9,491.3 1 0
github.com/niiniyare/erp/internal/core/abac/activities/policy_evaluation.go:493.2,493.33 1 0
github.com/niiniyare/erp/internal/core/abac/activities/policy_evaluation.go:493.33,494.35 1 0
github.com/niiniyare/erp/internal/core/abac/activities/policy_evaluation.go:494.35,496.4 1 0
github.com/niiniyare/erp/internal/core/abac/activities/policy_evaluation.go:498.2,498.14 1 0
github.com/niiniyare/erp/internal/core/abac/activities/policy_evaluation.go:502.144,504.37 1 0
github.com/niiniyare/erp/internal/core/abac/activities/policy_evaluation.go:504.37,505.52 1 0
github.com/niiniyare/erp/internal/core/abac/activities/policy_evaluation.go:505.52,507.4 1 0
github.com/niiniyare/erp/internal/core/abac/activities/policy_evaluation.go:510.2,510.37 1 0
github.com/niiniyare/erp/internal/core/abac/activities/policy_evaluation.go:510.37,511.53 1 0
github.com/niiniyare/erp/internal/core/abac/activities/policy_evaluation.go:511.53,513.4 1 0
github.com/niiniyare/erp/internal/core/abac/activities/policy_evaluation.go:516.2,516.33 1 0
github.com/niiniyare/erp/internal/core/abac/activities/policy_evaluation.go:520.92,524.2 2 0
github.com/niiniyare/erp/internal/core/abac/activities/policy_evaluation.go:527.165,532.50 3 0
github.com/niiniyare/erp/internal/core/abac/activities/policy_evaluation.go:532.50,534.3 1 0
github.com/niiniyare/erp/internal/core/abac/activities/policy_evaluation.go:536.2,552.68 2 0
github.com/niiniyare/erp/internal/core/abac/activities/policy_evaluation.go:556.185,567.2 4 0
github.com/niiniyare/erp/internal/core/abac/activities/policy_evaluation.go:570.159,584.2 1 0
github.com/niiniyare/erp/internal/core/abac/activities/policy_evaluation.go:587.102,589.29 2 0
github.com/niiniyare/erp/internal/core/abac/activities/policy_evaluation.go:589.29,591.33 2 0
github.com/niiniyare/erp/internal/core/abac/activities/policy_evaluation.go:591.33,593.4 1 0
github.com/niiniyare/erp/internal/core/abac/activities/policy_evaluation.go:594.3,601.4 1 0
github.com/niiniyare/erp/internal/core/abac/activities/policy_evaluation.go:603.2,603.18 1 0
github.com/niiniyare/erp/internal/core/abac/activities/policy_evaluation.go:607.99,609.37 2 0
github.com/niiniyare/erp/internal/core/abac/activities/policy_evaluation.go:609.37,611.33 2 0
github.com/niiniyare/erp/internal/core/abac/activities/policy_evaluation.go:611.33,613.4 1 0
github.com/niiniyare/erp/internal/core/abac/activities/policy_evaluation.go:614.3,621.4 1 0
github.com/niiniyare/erp/internal/core/abac/activities/policy_evaluation.go:623.2,623.14 1 0
github.com/niiniyare/erp/internal/core/abac/repository/attribute.go:39.24,47.2 1 0
github.com/niiniyare/erp/internal/core/abac/repository/attribute.go:49.142,51.2 1 0
github.com/niiniyare/erp/internal/core/abac/repository/attribute.go:54.154,71.16 5 0
github.com/niiniyare/erp/internal/core/abac/repository/attribute.go:71.16,73.3 1 0
github.com/niiniyare/erp/internal/core/abac/repository/attribute.go:75.2,76.16 2 0
github.com/niiniyare/erp/internal/core/abac/repository/attribute.go:76.16,78.3 1 0
github.com/niiniyare/erp/internal/core/abac/repository/attribute.go:80.2,96.16 3 0
github.com/niiniyare/erp/internal/core/abac/repository/attribute.go:96.16,100.3 3 0
github.com/niiniyare/erp/internal/core/abac/repository/attribute.go:102.2,105.16 3 0
github.com/niiniyare/erp/internal/core/abac/repository/attribute.go:105.16,107.3 1 0
github.com/niiniyare/erp/internal/core/abac/repository/attribute.go:109.2,115.20 2 0
github.com/niiniyare/erp/internal/core/abac/repository/attribute.go:119.130,129.61 5 0
github.com/niiniyare/erp/internal/core/abac/repository/attribute.go:129.61,132.3 2 0
github.com/niiniyare/erp/internal/core/abac/repository/attribute.go:135.2,136.16 2 0
github.com/niiniyare/erp/internal/core/abac/repository/attribute.go:136.16,137.27 1 0
github.com/niiniyare/erp/internal/core/abac/repository/attribute.go:137.27,140.4 2 0
github.com/niiniyare/erp/internal/core/abac/repository/attribute.go:141.3,143.160 3 0
github.com/niiniyare/erp/internal/core/abac/repository/attribute.go:147.2,148.16 2 0
github.com/niiniyare/erp/internal/core/abac/repository/attribute.go:148.16,150.3 1 0
github.com/niiniyare/erp/internal/core/abac/repository/attribute.go:153.2,153.76 1 0
github.com/niiniyare/erp/internal/core/abac/repository/attribute.go:153.76,155.3 1 0
github.com/niiniyare/erp/internal/core/abac/repository/attribute.go:157.2,158.21 2 0
github.com/niiniyare/erp/internal/core/abac/repository/attribute.go:162.131,172.61 5 0
github.com/niiniyare/erp/internal/core/abac/repository/attribute.go:172.61,175.3 2 0
github.com/niiniyare/erp/internal/core/abac/repository/attribute.go:178.2,179.16 2 0
github.com/niiniyare/erp/internal/core/abac/repository/attribute.go:179.16,180.27 1 0
github.com/niiniyare/erp/internal/core/abac/repository/attribute.go:180.27,183.4 2 0
github.com/niiniyare/erp/internal/core/abac/repository/attribute.go:184.3,186.168 3 0
github.com/niiniyare/erp/internal/core/abac/repository/attribute.go:190.2,191.16 2 0
github.com/niiniyare/erp/internal/core/abac/repository/attribute.go:191.16,193.3 1 0
github.com/niiniyare/erp/internal/core/abac/repository/attribute.go:196.2,196.76 1 0
github.com/niiniyare/erp/internal/core/abac/repository/attribute.go:196.76,198.3 1 0
github.com/niiniyare/erp/internal/core/abac/repository/attribute.go:200.2,201.21 2 0
github.com/niiniyare/erp/internal/core/abac/repository/attribute.go:205.154,213.16 4 0
github.com/niiniyare/erp/internal/core/abac/repository/attribute.go:213.16,215.3 1 0
github.com/niiniyare/erp/internal/core/abac/repository/attribute.go:217.2,218.16 2 0
github.com/niiniyare/erp/internal/core/abac/repository/attribute.go:218.16,220.3 1 0
github.com/niiniyare/erp/internal/core/abac/repository/attribute.go:222.2,239.16 3 0
github.com/niiniyare/erp/internal/core/abac/repository/attribute.go:239.16,243.3 3 0
github.com/niiniyare/erp/internal/core/abac/repository/attribute.go:245.2,246.57 2 0
github.com/niiniyare/erp/internal/core/abac/repository/attribute.go:250.98,258.16 4 0
github.com/niiniyare/erp/internal/core/abac/repository/attribute.go:258.16,262.3 3 0
github.com/niiniyare/erp/internal/core/abac/repository/attribute.go:264.2,269.12 3 0
github.com/niiniyare/erp/internal/core/abac/repository/attribute.go:273.154,282.22 4 0
github.com/niiniyare/erp/internal/core/abac/repository/attribute.go:282.22,284.3 1 0
github.com/niiniyare/erp/internal/core/abac/repository/attribute.go:286.2,286.25 1 0
github.com/niiniyare/erp/internal/core/abac/repository/attribute.go:286.25,289.3 2 0
github.com/niiniyare/erp/internal/core/abac/repository/attribute.go:291.2,291.25 1 0
github.com/niiniyare/erp/internal/core/abac/repository/attribute.go:291.25,293.3 1 0
github.com/niiniyare/erp/internal/core/abac/repository/attribute.go:296.2,299.62 3 0
github.com/niiniyare/erp/internal/core/abac/repository/attribute.go:299.62,303.36 3 0
github.com/niiniyare/erp/internal/core/abac/repository/attribute.go:303.36,305.18 2 0
github.com/niiniyare/erp/internal/core/abac/repository/attribute.go:305.18,307.5 1 0
github.com/niiniyare/erp/internal/core/abac/repository/attribute.go:309.3,309.21 1 0
github.com/niiniyare/erp/internal/core/abac/repository/attribute.go:313.2,314.16 2 0
github.com/niiniyare/erp/internal/core/abac/repository/attribute.go:314.16,318.3 3 0
github.com/niiniyare/erp/internal/core/abac/repository/attribute.go:320.2,323.39 3 0
github.com/niiniyare/erp/internal/core/abac/repository/attribute.go:323.39,325.17 2 0
github.com/niiniyare/erp/internal/core/abac/repository/attribute.go:325.17,327.4 1 0
github.com/niiniyare/erp/internal/core/abac/repository/attribute.go:331.2,331.81 1 0
github.com/niiniyare/erp/internal/core/abac/repository/attribute.go:331.81,333.3 1 0
github.com/niiniyare/erp/internal/core/abac/repository/attribute.go:335.2,335.20 1 0
github.com/niiniyare/erp/internal/core/abac/repository/attribute.go:339.139,349.33 4 0
github.com/niiniyare/erp/internal/core/abac/repository/attribute.go:349.33,354.3 1 0
github.com/niiniyare/erp/internal/core/abac/repository/attribute.go:355.2,357.31 2 0
github.com/niiniyare/erp/internal/core/abac/repository/attribute.go:357.31,362.3 1 0
github.com/niiniyare/erp/internal/core/abac/repository/attribute.go:364.2,377.16 3 0
github.com/niiniyare/erp/internal/core/abac/repository/attribute.go:377.16,381.3 3 0
github.com/niiniyare/erp/internal/core/abac/repository/attribute.go:383.2,384.54 2 0
github.com/niiniyare/erp/internal/core/abac/repository/attribute.go:388.167,397.20 4 0
github.com/niiniyare/erp/internal/core/abac/repository/attribute.go:397.20,400.3 2 0
github.com/niiniyare/erp/internal/core/abac/repository/attribute.go:402.2,410.58 4 0
github.com/niiniyare/erp/internal/core/abac/repository/attribute.go:410.58,414.28 3 0
github.com/niiniyare/erp/internal/core/abac/repository/attribute.go:414.28,416.18 2 0
github.com/niiniyare/erp/internal/core/abac/repository/attribute.go:416.18,418.5 1 0
github.com/niiniyare/erp/internal/core/abac/repository/attribute.go:420.3,420.21 1 0
github.com/niiniyare/erp/internal/core/abac/repository/attribute.go:424.2,425.16 2 0
github.com/niiniyare/erp/internal/core/abac/repository/attribute.go:425.16,429.3 3 0
github.com/niiniyare/erp/internal/core/abac/repository/attribute.go:431.2,434.27 3 0
github.com/niiniyare/erp/internal/core/abac/repository/attribute.go:434.27,436.17 2 0
github.com/niiniyare/erp/internal/core/abac/repository/attribute.go:436.17,438.4 1 0
github.com/niiniyare/erp/internal/core/abac/repository/attribute.go:442.2,442.73 1 0
github.com/niiniyare/erp/internal/core/abac/repository/attribute.go:442.73,444.3 1 0
github.com/niiniyare/erp/internal/core/abac/repository/attribute.go:446.2,446.20 1 0
github.com/niiniyare/erp/internal/core/abac/repository/attribute.go:450.146,462.38 4 0
github.com/niiniyare/erp/internal/core/abac/repository/attribute.go:462.38,464.17 2 0
github.com/niiniyare/erp/internal/core/abac/repository/attribute.go:464.17,465.12 1 0
github.com/niiniyare/erp/internal/core/abac/repository/attribute.go:469.3,469.32 1 0
github.com/niiniyare/erp/internal/core/abac/repository/attribute.go:469.32,470.42 1 0
github.com/niiniyare/erp/internal/core/abac/repository/attribute.go:470.42,472.5 1 0
github.com/niiniyare/erp/internal/core/abac/repository/attribute.go:477.2,479.45 1 0
github.com/niiniyare/erp/internal/core/abac/repository/attribute.go:483.165,491.29 3 0
github.com/niiniyare/erp/internal/core/abac/repository/attribute.go:491.29,493.3 1 0
github.com/niiniyare/erp/internal/core/abac/repository/attribute.go:495.2,499.45 2 0
github.com/niiniyare/erp/internal/core/abac/repository/attribute.go:499.45,501.17 2 0
github.com/niiniyare/erp/internal/core/abac/repository/attribute.go:501.17,503.69 1 0
github.com/niiniyare/erp/internal/core/abac/repository/attribute.go:503.69,509.5 1 0
github.com/niiniyare/erp/internal/core/abac/repository/attribute.go:510.4,510.12 1 0
github.com/niiniyare/erp/internal/core/abac/repository/attribute.go:512.3,512.33 1 0
github.com/niiniyare/erp/internal/core/abac/repository/attribute.go:515.2,515.20 1 0
github.com/niiniyare/erp/internal/core/abac/repository/attribute.go:519.157,539.2 3 0
github.com/niiniyare/erp/internal/core/abac/repository/attribute.go:542.128,561.2 3 0
github.com/niiniyare/erp/internal/core/abac/repository/attribute.go:564.145,571.22 3 0
github.com/niiniyare/erp/internal/core/abac/repository/attribute.go:571.22,573.3 1 0
github.com/niiniyare/erp/internal/core/abac/repository/attribute.go:575.2,579.31 2 0
github.com/niiniyare/erp/internal/core/abac/repository/attribute.go:579.31,582.25 2 0
github.com/niiniyare/erp/internal/core/abac/repository/attribute.go:582.25,584.4 1 0
github.com/niiniyare/erp/internal/core/abac/repository/attribute.go:587.3,599.17 3 0
github.com/niiniyare/erp/internal/core/abac/repository/attribute.go:599.17,605.12 2 0
github.com/niiniyare/erp/internal/core/abac/repository/attribute.go:607.3,607.35 1 0
github.com/niiniyare/erp/internal/core/abac/repository/attribute.go:610.2,610.20 1 0
github.com/niiniyare/erp/internal/core/abac/repository/attribute.go:614.150,624.18 4 0
github.com/niiniyare/erp/internal/core/abac/repository/attribute.go:624.18,626.3 1 0
github.com/niiniyare/erp/internal/core/abac/repository/attribute.go:630.2,631.16 2 0
github.com/niiniyare/erp/internal/core/abac/repository/attribute.go:631.16,638.3 1 0
github.com/niiniyare/erp/internal/core/abac/repository/attribute.go:641.2,649.4 1 0
github.com/niiniyare/erp/internal/core/abac/repository/attribute.go:653.95,658.16 4 0
github.com/niiniyare/erp/internal/core/abac/repository/attribute.go:658.16,662.3 3 0
github.com/niiniyare/erp/internal/core/abac/repository/attribute.go:664.2,673.8 2 0
github.com/niiniyare/erp/internal/core/abac/repository/attribute.go:676.83,678.2 1 0
github.com/niiniyare/erp/internal/core/abac/repository/attribute.go:680.113,692.16 4 0
github.com/niiniyare/erp/internal/core/abac/repository/attribute.go:692.16,696.3 3 0
github.com/niiniyare/erp/internal/core/abac/repository/attribute.go:698.2,703.12 3 0
github.com/niiniyare/erp/internal/core/abac/repository/attribute.go:708.139,710.78 2 0
github.com/niiniyare/erp/internal/core/abac/repository/attribute.go:710.78,712.3 1 0
github.com/niiniyare/erp/internal/core/abac/repository/attribute.go:714.2,715.82 2 0
github.com/niiniyare/erp/internal/core/abac/repository/attribute.go:715.82,717.3 1 0
github.com/niiniyare/erp/internal/core/abac/repository/attribute.go:719.2,735.8 1 0
github.com/niiniyare/erp/internal/core/abac/repository/attribute.go:738.126,751.2 1 0
github.com/niiniyare/erp/internal/core/abac/repository/attribute.go:753.138,766.2 1 0
github.com/niiniyare/erp/internal/core/abac/repository/attribute_definition.go:42.33,50.2 1 0
github.com/niiniyare/erp/internal/core/abac/repository/attribute_definition.go:53.164,72.39 4 0
github.com/niiniyare/erp/internal/core/abac/repository/attribute_definition.go:72.39,77.3 4 0
github.com/niiniyare/erp/internal/core/abac/repository/attribute_definition.go:80.2,81.16 2 0
github.com/niiniyare/erp/internal/core/abac/repository/attribute_definition.go:81.16,87.3 4 0
github.com/niiniyare/erp/internal/core/abac/repository/attribute_definition.go:89.2,93.16 3 0
github.com/niiniyare/erp/internal/core/abac/repository/attribute_definition.go:93.16,99.3 4 0
github.com/niiniyare/erp/internal/core/abac/repository/attribute_definition.go:102.2,103.16 2 0
github.com/niiniyare/erp/internal/core/abac/repository/attribute_definition.go:103.16,107.3 3 0
github.com/niiniyare/erp/internal/core/abac/repository/attribute_definition.go:110.2,110.69 1 0
github.com/niiniyare/erp/internal/core/abac/repository/attribute_definition.go:110.69,113.3 1 0
github.com/niiniyare/erp/internal/core/abac/repository/attribute_definition.go:116.2,128.21 4 0
github.com/niiniyare/erp/internal/core/abac/repository/attribute_definition.go:132.140,140.67 5 0
github.com/niiniyare/erp/internal/core/abac/repository/attribute_definition.go:140.67,143.3 2 0
github.com/niiniyare/erp/internal/core/abac/repository/attribute_definition.go:145.2,149.16 3 0
github.com/niiniyare/erp/internal/core/abac/repository/attribute_definition.go:149.16,151.27 2 0
github.com/niiniyare/erp/internal/core/abac/repository/attribute_definition.go:151.27,154.4 2 0
github.com/niiniyare/erp/internal/core/abac/repository/attribute_definition.go:155.3,159.36 3 0
github.com/niiniyare/erp/internal/core/abac/repository/attribute_definition.go:163.2,164.16 2 0
github.com/niiniyare/erp/internal/core/abac/repository/attribute_definition.go:164.16,167.3 2 0
github.com/niiniyare/erp/internal/core/abac/repository/attribute_definition.go:170.2,171.70 2 0
github.com/niiniyare/erp/internal/core/abac/repository/attribute_definition.go:171.70,174.3 1 0
github.com/niiniyare/erp/internal/core/abac/repository/attribute_definition.go:176.2,177.21 2 0
github.com/niiniyare/erp/internal/core/abac/repository/attribute_definition.go:181.141,190.16 5 0
github.com/niiniyare/erp/internal/core/abac/repository/attribute_definition.go:190.16,192.27 2 0
github.com/niiniyare/erp/internal/core/abac/repository/attribute_definition.go:192.27,195.4 2 0
github.com/niiniyare/erp/internal/core/abac/repository/attribute_definition.go:196.3,200.36 3 0
github.com/niiniyare/erp/internal/core/abac/repository/attribute_definition.go:203.2,204.16 2 0
github.com/niiniyare/erp/internal/core/abac/repository/attribute_definition.go:204.16,207.3 2 0
github.com/niiniyare/erp/internal/core/abac/repository/attribute_definition.go:209.2,210.21 2 0
github.com/niiniyare/erp/internal/core/abac/repository/attribute_definition.go:214.178,228.16 6 0
github.com/niiniyare/erp/internal/core/abac/repository/attribute_definition.go:228.16,234.3 4 0
github.com/niiniyare/erp/internal/core/abac/repository/attribute_definition.go:237.2,238.16 2 0
github.com/niiniyare/erp/internal/core/abac/repository/attribute_definition.go:238.16,240.27 2 0
github.com/niiniyare/erp/internal/core/abac/repository/attribute_definition.go:240.27,243.4 2 0
github.com/niiniyare/erp/internal/core/abac/repository/attribute_definition.go:244.3,248.36 3 0
github.com/niiniyare/erp/internal/core/abac/repository/attribute_definition.go:252.2,253.16 2 0
github.com/niiniyare/erp/internal/core/abac/repository/attribute_definition.go:253.16,256.3 2 0
github.com/niiniyare/erp/internal/core/abac/repository/attribute_definition.go:259.2,259.69 1 0
github.com/niiniyare/erp/internal/core/abac/repository/attribute_definition.go:259.69,262.3 1 0
github.com/niiniyare/erp/internal/core/abac/repository/attribute_definition.go:264.2,272.21 3 0
github.com/niiniyare/erp/internal/core/abac/repository/attribute_definition.go:276.108,287.16 6 0
github.com/niiniyare/erp/internal/core/abac/repository/attribute_definition.go:287.16,289.27 2 0
github.com/niiniyare/erp/internal/core/abac/repository/attribute_definition.go:289.27,292.4 2 0
github.com/niiniyare/erp/internal/core/abac/repository/attribute_definition.go:293.3,297.36 3 0
github.com/niiniyare/erp/internal/core/abac/repository/attribute_definition.go:301.2,306.40 2 0
github.com/niiniyare/erp/internal/core/abac/repository/attribute_definition.go:306.40,307.61 1 0
github.com/niiniyare/erp/internal/core/abac/repository/attribute_definition.go:307.61,310.4 1 0
github.com/niiniyare/erp/internal/core/abac/repository/attribute_definition.go:313.2,316.12 3 0
github.com/niiniyare/erp/internal/core/abac/repository/attribute_definition.go:320.164,329.68 6 0
github.com/niiniyare/erp/internal/core/abac/repository/attribute_definition.go:329.68,332.3 2 0
github.com/niiniyare/erp/internal/core/abac/repository/attribute_definition.go:335.2,339.16 3 0
github.com/niiniyare/erp/internal/core/abac/repository/attribute_definition.go:339.16,345.3 4 0
github.com/niiniyare/erp/internal/core/abac/repository/attribute_definition.go:348.2,349.43 2 0
github.com/niiniyare/erp/internal/core/abac/repository/attribute_definition.go:349.43,351.17 2 0
github.com/niiniyare/erp/internal/core/abac/repository/attribute_definition.go:351.17,354.4 2 0
github.com/niiniyare/erp/internal/core/abac/repository/attribute_definition.go:355.3,355.24 1 0
github.com/niiniyare/erp/internal/core/abac/repository/attribute_definition.go:359.2,360.71 2 0
github.com/niiniyare/erp/internal/core/abac/repository/attribute_definition.go:360.71,363.3 1 0
github.com/niiniyare/erp/internal/core/abac/repository/attribute_definition.go:365.2,373.22 3 0
github.com/niiniyare/erp/internal/core/abac/repository/attribute_definition.go:377.169,385.68 5 0
github.com/niiniyare/erp/internal/core/abac/repository/attribute_definition.go:385.68,388.3 2 0
github.com/niiniyare/erp/internal/core/abac/repository/attribute_definition.go:390.2,394.16 3 0
github.com/niiniyare/erp/internal/core/abac/repository/attribute_definition.go:394.16,401.3 4 0
github.com/niiniyare/erp/internal/core/abac/repository/attribute_definition.go:404.2,405.43 2 0
github.com/niiniyare/erp/internal/core/abac/repository/attribute_definition.go:405.43,407.17 2 0
github.com/niiniyare/erp/internal/core/abac/repository/attribute_definition.go:407.17,410.4 2 0
github.com/niiniyare/erp/internal/core/abac/repository/attribute_definition.go:411.3,411.24 1 0
github.com/niiniyare/erp/internal/core/abac/repository/attribute_definition.go:415.2,416.71 2 0
github.com/niiniyare/erp/internal/core/abac/repository/attribute_definition.go:416.71,419.3 1 0
github.com/niiniyare/erp/internal/core/abac/repository/attribute_definition.go:421.2,422.22 2 0
github.com/niiniyare/erp/internal/core/abac/repository/attribute_definition.go:426.133,433.68 5 0
github.com/niiniyare/erp/internal/core/abac/repository/attribute_definition.go:433.68,436.3 2 0
github.com/niiniyare/erp/internal/core/abac/repository/attribute_definition.go:438.2,442.16 3 0
github.com/niiniyare/erp/internal/core/abac/repository/attribute_definition.go:442.16,448.3 4 0
github.com/niiniyare/erp/internal/core/abac/repository/attribute_definition.go:451.2,452.43 2 0
github.com/niiniyare/erp/internal/core/abac/repository/attribute_definition.go:452.43,454.17 2 0
github.com/niiniyare/erp/internal/core/abac/repository/attribute_definition.go:454.17,457.4 2 0
github.com/niiniyare/erp/internal/core/abac/repository/attribute_definition.go:458.3,458.24 1 0
github.com/niiniyare/erp/internal/core/abac/repository/attribute_definition.go:462.2,463.71 2 0
github.com/niiniyare/erp/internal/core/abac/repository/attribute_definition.go:463.71,466.3 1 0
github.com/niiniyare/erp/internal/core/abac/repository/attribute_definition.go:468.2,469.22 2 0
github.com/niiniyare/erp/internal/core/abac/repository/attribute_definition.go:473.147,478.19 3 0
github.com/niiniyare/erp/internal/core/abac/repository/attribute_definition.go:478.19,480.3 1 0
github.com/niiniyare/erp/internal/core/abac/repository/attribute_definition.go:482.2,486.16 3 0
github.com/niiniyare/erp/internal/core/abac/repository/attribute_definition.go:486.16,492.3 4 0
github.com/niiniyare/erp/internal/core/abac/repository/attribute_definition.go:495.2,496.43 2 0
github.com/niiniyare/erp/internal/core/abac/repository/attribute_definition.go:496.43,498.17 2 0
github.com/niiniyare/erp/internal/core/abac/repository/attribute_definition.go:498.17,501.4 2 0
github.com/niiniyare/erp/internal/core/abac/repository/attribute_definition.go:502.3,502.24 1 0
github.com/niiniyare/erp/internal/core/abac/repository/attribute_definition.go:505.2,506.22 2 0
github.com/niiniyare/erp/internal/core/abac/repository/attribute_definition.go:512.63,513.20 1 0
github.com/niiniyare/erp/internal/core/abac/repository/attribute_definition.go:513.20,515.3 1 0
github.com/niiniyare/erp/internal/core/abac/repository/attribute_definition.go:516.2,516.29 1 0
github.com/niiniyare/erp/internal/core/abac/repository/attribute_definition.go:516.29,518.3 1 0
github.com/niiniyare/erp/internal/core/abac/repository/attribute_definition.go:519.2,519.29 1 0
github.com/niiniyare/erp/internal/core/abac/repository/attribute_definition.go:519.29,521.3 1 0
github.com/niiniyare/erp/internal/core/abac/repository/attribute_definition.go:523.2,523.80 1 0
github.com/niiniyare/erp/internal/core/abac/repository/attribute_definition.go:523.80,525.3 1 0
github.com/niiniyare/erp/internal/core/abac/repository/attribute_definition.go:526.2,526.12 1 0
github.com/niiniyare/erp/internal/core/abac/repository/attribute_definition.go:530.152,533.16 2 0
github.com/niiniyare/erp/internal/core/abac/repository/attribute_definition.go:533.16,535.3 1 0
github.com/niiniyare/erp/internal/core/abac/repository/attribute_definition.go:537.2,538.16 2 0
github.com/niiniyare/erp/internal/core/abac/repository/attribute_definition.go:538.16,540.3 1 0
github.com/niiniyare/erp/internal/core/abac/repository/attribute_definition.go:542.2,556.8 1 0
github.com/niiniyare/erp/internal/core/abac/repository/attribute_definition.go:560.166,565.28 2 0
github.com/niiniyare/erp/internal/core/abac/repository/attribute_definition.go:565.28,567.3 1 0
github.com/niiniyare/erp/internal/core/abac/repository/attribute_definition.go:568.2,568.28 1 0
github.com/niiniyare/erp/internal/core/abac/repository/attribute_definition.go:568.28,570.3 1 0
github.com/niiniyare/erp/internal/core/abac/repository/attribute_definition.go:571.2,571.27 1 0
github.com/niiniyare/erp/internal/core/abac/repository/attribute_definition.go:571.27,573.3 1 0
github.com/niiniyare/erp/internal/core/abac/repository/attribute_definition.go:574.2,574.28 1 0
github.com/niiniyare/erp/internal/core/abac/repository/attribute_definition.go:574.28,576.3 1 0
github.com/niiniyare/erp/internal/core/abac/repository/attribute_definition.go:577.2,577.29 1 0
github.com/niiniyare/erp/internal/core/abac/repository/attribute_definition.go:577.29,579.3 1 0
github.com/niiniyare/erp/internal/core/abac/repository/attribute_definition.go:580.2,580.30 1 0
github.com/niiniyare/erp/internal/core/abac/repository/attribute_definition.go:580.30,582.17 2 0
github.com/niiniyare/erp/internal/core/abac/repository/attribute_definition.go:582.17,584.4 1 0
github.com/niiniyare/erp/internal/core/abac/repository/attribute_definition.go:585.3,585.43 1 0
github.com/niiniyare/erp/internal/core/abac/repository/attribute_definition.go:587.2,587.32 1 0
github.com/niiniyare/erp/internal/core/abac/repository/attribute_definition.go:587.32,589.17 2 0
github.com/niiniyare/erp/internal/core/abac/repository/attribute_definition.go:589.17,591.4 1 0
github.com/niiniyare/erp/internal/core/abac/repository/attribute_definition.go:592.3,592.47 1 0
github.com/niiniyare/erp/internal/core/abac/repository/attribute_definition.go:594.2,594.35 1 0
github.com/niiniyare/erp/internal/core/abac/repository/attribute_definition.go:594.35,596.3 1 0
github.com/niiniyare/erp/internal/core/abac/repository/attribute_definition.go:597.2,597.25 1 0
github.com/niiniyare/erp/internal/core/abac/repository/attribute_definition.go:597.25,599.3 1 0
github.com/niiniyare/erp/internal/core/abac/repository/attribute_definition.go:601.2,601.21 1 0
github.com/niiniyare/erp/internal/core/abac/repository/attribute_definition.go:605.139,611.25 2 0
github.com/niiniyare/erp/internal/core/abac/repository/attribute_definition.go:611.25,613.3 1 0
github.com/niiniyare/erp/internal/core/abac/repository/attribute_definition.go:614.2,614.25 1 0
github.com/niiniyare/erp/internal/core/abac/repository/attribute_definition.go:614.25,616.3 1 0
github.com/niiniyare/erp/internal/core/abac/repository/attribute_definition.go:618.2,618.15 1 0
github.com/niiniyare/erp/internal/core/abac/repository/attribute_definition.go:622.142,624.40 2 0
github.com/niiniyare/erp/internal/core/abac/repository/attribute_definition.go:624.40,625.83 1 0
github.com/niiniyare/erp/internal/core/abac/repository/attribute_definition.go:625.83,627.4 1 0
github.com/niiniyare/erp/internal/core/abac/repository/attribute_definition.go:630.2,631.42 2 0
github.com/niiniyare/erp/internal/core/abac/repository/attribute_definition.go:631.42,632.87 1 0
github.com/niiniyare/erp/internal/core/abac/repository/attribute_definition.go:632.87,634.4 1 0
github.com/niiniyare/erp/internal/core/abac/repository/attribute_definition.go:637.2,653.8 1 0
github.com/niiniyare/erp/internal/core/abac/repository/attribute_definition.go:657.104,660.25 2 0
github.com/niiniyare/erp/internal/core/abac/repository/attribute_definition.go:660.25,662.3 1 0
github.com/niiniyare/erp/internal/core/abac/repository/attribute_definition.go:663.2,663.25 1 0
github.com/niiniyare/erp/internal/core/abac/repository/attribute_definition.go:663.25,665.3 1 0
github.com/niiniyare/erp/internal/core/abac/repository/attribute_definition.go:666.2,666.27 1 0
github.com/niiniyare/erp/internal/core/abac/repository/attribute_definition.go:666.27,668.3 1 0
github.com/niiniyare/erp/internal/core/abac/repository/attribute_definition.go:669.2,669.28 1 0
github.com/niiniyare/erp/internal/core/abac/repository/attribute_definition.go:669.28,671.3 1 0
github.com/niiniyare/erp/internal/core/abac/repository/attribute_definition.go:672.2,672.25 1 0
github.com/niiniyare/erp/internal/core/abac/repository/attribute_definition.go:672.25,674.3 1 0
github.com/niiniyare/erp/internal/core/abac/repository/attribute_definition.go:675.2,677.12 2 0
github.com/niiniyare/erp/internal/core/abac/repository/attribute_definition.go:681.134,689.40 2 0
github.com/niiniyare/erp/internal/core/abac/repository/attribute_definition.go:689.40,690.61 1 0
github.com/niiniyare/erp/internal/core/abac/repository/attribute_definition.go:690.61,692.4 1 0
github.com/niiniyare/erp/internal/core/abac/repository/attribute_definition.go:695.2,695.12 1 0
github.com/niiniyare/erp/internal/core/abac/repository/attribute_definition.go:699.138,711.18 3 0
github.com/niiniyare/erp/internal/core/abac/repository/attribute_definition.go:711.18,723.3 2 0
github.com/niiniyare/erp/internal/core/abac/repository/attribute_definition.go:727.36,728.14 1 0
github.com/niiniyare/erp/internal/core/abac/repository/attribute_definition.go:728.14,730.3 1 0
github.com/niiniyare/erp/internal/core/abac/repository/attribute_definition.go:731.2,731.11 1 0
github.com/niiniyare/erp/internal/core/abac/repository/attribute_definition.go:735.28,737.2 1 0
github.com/niiniyare/erp/internal/core/abac/repository/attribute_definition.go:740.43,741.14 1 0
github.com/niiniyare/erp/internal/core/abac/repository/attribute_definition.go:741.14,743.3 1 0
github.com/niiniyare/erp/internal/core/abac/repository/attribute_definition.go:744.2,744.25 1 0
github.com/niiniyare/erp/internal/core/abac/repository/attribute_definition.go:748.37,749.14 1 0
github.com/niiniyare/erp/internal/core/abac/repository/attribute_definition.go:749.14,751.3 1 0
github.com/niiniyare/erp/internal/core/abac/repository/attribute_definition.go:752.2,752.23 1 0
github.com/niiniyare/erp/internal/core/abac/repository/interfaces_mock.go:35.103,39.2 3 0
github.com/niiniyare/erp/internal/core/abac/repository/interfaces_mock.go:42.101,44.2 1 0
github.com/niiniyare/erp/internal/core/abac/repository/interfaces_mock.go:47.168,53.2 5 0
github.com/niiniyare/erp/internal/core/abac/repository/interfaces_mock.go:56.111,59.2 2 0
github.com/niiniyare/erp/internal/core/abac/repository/interfaces_mock.go:62.112,67.2 4 0
github.com/niiniyare/erp/internal/core/abac/repository/interfaces_mock.go:70.110,73.2 2 0
github.com/niiniyare/erp/internal/core/abac/repository/interfaces_mock.go:76.144,82.2 5 0
github.com/niiniyare/erp/internal/core/abac/repository/interfaces_mock.go:85.111,88.2 2 0
github.com/niiniyare/erp/internal/core/abac/repository/interfaces_mock.go:91.145,97.2 5 0
github.com/niiniyare/erp/internal/core/abac/repository/interfaces_mock.go:100.115,103.2 2 0
github.com/niiniyare/erp/internal/core/abac/repository/interfaces_mock.go:106.173,112.2 5 0
github.com/niiniyare/erp/internal/core/abac/repository/interfaces_mock.go:115.124,118.2 2 0
github.com/niiniyare/erp/internal/core/abac/repository/interfaces_mock.go:121.151,127.2 5 0
github.com/niiniyare/erp/internal/core/abac/repository/interfaces_mock.go:130.114,133.2 2 0
github.com/niiniyare/erp/internal/core/abac/repository/interfaces_mock.go:136.137,142.2 5 0
github.com/niiniyare/erp/internal/core/abac/repository/interfaces_mock.go:145.112,148.2 2 0
github.com/niiniyare/erp/internal/core/abac/repository/interfaces_mock.go:151.168,157.2 5 0
github.com/niiniyare/erp/internal/core/abac/repository/interfaces_mock.go:160.110,163.2 2 0
github.com/niiniyare/erp/internal/core/abac/repository/interfaces_mock.go:166.182,172.2 5 0
github.com/niiniyare/erp/internal/core/abac/repository/interfaces_mock.go:175.115,178.2 2 0
github.com/niiniyare/erp/internal/core/abac/repository/interfaces_mock.go:193.77,197.2 3 0
github.com/niiniyare/erp/internal/core/abac/repository/interfaces_mock.go:200.75,202.2 1 0
github.com/niiniyare/erp/internal/core/abac/repository/interfaces_mock.go:205.116,211.2 5 0
github.com/niiniyare/erp/internal/core/abac/repository/interfaces_mock.go:214.85,217.2 2 0
github.com/niiniyare/erp/internal/core/abac/repository/interfaces_mock.go:220.86,225.2 4 0
github.com/niiniyare/erp/internal/core/abac/repository/interfaces_mock.go:228.84,231.2 2 0
github.com/niiniyare/erp/internal/core/abac/repository/interfaces_mock.go:234.97,240.2 5 0
github.com/niiniyare/erp/internal/core/abac/repository/interfaces_mock.go:243.85,246.2 2 0
github.com/niiniyare/erp/internal/core/abac/repository/interfaces_mock.go:249.130,255.2 5 0
github.com/niiniyare/erp/internal/core/abac/repository/interfaces_mock.go:258.111,261.2 2 0
github.com/niiniyare/erp/internal/core/abac/repository/interfaces_mock.go:264.125,270.2 5 0
github.com/niiniyare/erp/internal/core/abac/repository/interfaces_mock.go:273.98,276.2 2 0
github.com/niiniyare/erp/internal/core/abac/repository/interfaces_mock.go:279.119,285.2 5 0
github.com/niiniyare/erp/internal/core/abac/repository/interfaces_mock.go:288.102,291.2 2 0
github.com/niiniyare/erp/internal/core/abac/repository/interfaces_mock.go:294.132,300.2 5 0
github.com/niiniyare/erp/internal/core/abac/repository/interfaces_mock.go:303.99,306.2 2 0
github.com/niiniyare/erp/internal/core/abac/repository/interfaces_mock.go:309.113,315.2 5 0
github.com/niiniyare/erp/internal/core/abac/repository/interfaces_mock.go:318.89,321.2 2 0
github.com/niiniyare/erp/internal/core/abac/repository/interfaces_mock.go:324.126,330.2 5 0
github.com/niiniyare/erp/internal/core/abac/repository/interfaces_mock.go:333.97,336.2 2 0
github.com/niiniyare/erp/internal/core/abac/repository/interfaces_mock.go:339.142,345.2 5 0
github.com/niiniyare/erp/internal/core/abac/repository/interfaces_mock.go:348.97,351.2 2 0
github.com/niiniyare/erp/internal/core/abac/repository/interfaces_mock.go:354.105,360.2 5 0
github.com/niiniyare/erp/internal/core/abac/repository/interfaces_mock.go:363.85,366.2 2 0
github.com/niiniyare/erp/internal/core/abac/repository/interfaces_mock.go:369.106,375.2 5 0
github.com/niiniyare/erp/internal/core/abac/repository/interfaces_mock.go:378.89,381.2 2 0
github.com/niiniyare/erp/internal/core/abac/repository/interfaces_mock.go:384.117,390.2 5 0
github.com/niiniyare/erp/internal/core/abac/repository/interfaces_mock.go:393.95,396.2 2 0
github.com/niiniyare/erp/internal/core/abac/repository/interfaces_mock.go:399.118,405.2 5 0
github.com/niiniyare/erp/internal/core/abac/repository/interfaces_mock.go:408.85,411.2 2 0
github.com/niiniyare/erp/internal/core/abac/repository/interfaces_mock.go:414.130,420.2 5 0
github.com/niiniyare/erp/internal/core/abac/repository/interfaces_mock.go:423.89,426.2 2 0
github.com/niiniyare/erp/internal/core/abac/repository/interfaces_mock.go:441.97,445.2 3 0
github.com/niiniyare/erp/internal/core/abac/repository/interfaces_mock.go:448.95,450.2 1 0
github.com/niiniyare/erp/internal/core/abac/repository/interfaces_mock.go:453.126,458.2 4 0
github.com/niiniyare/erp/internal/core/abac/repository/interfaces_mock.go:461.104,464.2 2 0
github.com/niiniyare/erp/internal/core/abac/repository/interfaces_mock.go:467.95,472.2 4 0
github.com/niiniyare/erp/internal/core/abac/repository/interfaces_mock.go:475.103,478.2 2 0
github.com/niiniyare/erp/internal/core/abac/repository/interfaces_mock.go:481.168,487.2 5 0
github.com/niiniyare/erp/internal/core/abac/repository/interfaces_mock.go:490.108,493.2 2 0
github.com/niiniyare/erp/internal/core/abac/repository/interfaces_mock.go:496.178,502.2 5 0
github.com/niiniyare/erp/internal/core/abac/repository/interfaces_mock.go:505.114,508.2 2 0
github.com/niiniyare/erp/internal/core/abac/repository/interfaces_mock.go:511.118,517.2 5 0
github.com/niiniyare/erp/internal/core/abac/repository/interfaces_mock.go:520.101,523.2 2 0
github.com/niiniyare/erp/internal/core/abac/repository/interfaces_mock.go:526.146,532.2 5 0
github.com/niiniyare/erp/internal/core/abac/repository/interfaces_mock.go:535.103,538.2 2 0
github.com/niiniyare/erp/internal/core/abac/repository/interfaces_mock.go:541.162,547.2 5 0
github.com/niiniyare/erp/internal/core/abac/repository/interfaces_mock.go:550.107,553.2 2 0
github.com/niiniyare/erp/internal/core/abac/repository/interfaces_mock.go:556.134,561.2 4 0
github.com/niiniyare/erp/internal/core/abac/repository/interfaces_mock.go:564.108,567.2 2 0
github.com/niiniyare/erp/internal/core/abac/repository/interfaces_mock.go:570.125,575.2 4 0
github.com/niiniyare/erp/internal/core/abac/repository/interfaces_mock.go:578.123,581.2 2 0
github.com/niiniyare/erp/internal/core/abac/repository/interfaces_mock.go:584.121,589.2 4 0
github.com/niiniyare/erp/internal/core/abac/repository/interfaces_mock.go:592.119,595.2 2 0
github.com/niiniyare/erp/internal/core/abac/repository/interfaces_mock.go:610.83,614.2 3 0
github.com/niiniyare/erp/internal/core/abac/repository/interfaces_mock.go:617.81,619.2 1 0
github.com/niiniyare/erp/internal/core/abac/repository/interfaces_mock.go:622.147,628.2 5 0
github.com/niiniyare/erp/internal/core/abac/repository/interfaces_mock.go:631.97,634.2 2 0
github.com/niiniyare/erp/internal/core/abac/repository/interfaces_mock.go:637.87,642.2 4 0
github.com/niiniyare/erp/internal/core/abac/repository/interfaces_mock.go:645.95,648.2 2 0
github.com/niiniyare/erp/internal/core/abac/repository/interfaces_mock.go:651.158,657.2 5 0
github.com/niiniyare/erp/internal/core/abac/repository/interfaces_mock.go:660.101,663.2 2 0
github.com/niiniyare/erp/internal/core/abac/repository/interfaces_mock.go:666.143,672.2 5 0
github.com/niiniyare/erp/internal/core/abac/repository/interfaces_mock.go:675.96,678.2 2 0
github.com/niiniyare/erp/internal/core/abac/repository/interfaces_mock.go:681.102,686.2 4 0
github.com/niiniyare/erp/internal/core/abac/repository/interfaces_mock.go:689.100,692.2 2 0
github.com/niiniyare/erp/internal/core/abac/repository/interfaces_mock.go:695.117,700.2 4 0
github.com/niiniyare/erp/internal/core/abac/repository/interfaces_mock.go:703.115,706.2 2 0
github.com/niiniyare/erp/internal/core/abac/repository/interfaces_mock.go:709.134,715.2 5 0
github.com/niiniyare/erp/internal/core/abac/repository/interfaces_mock.go:718.101,721.2 2 0
github.com/niiniyare/erp/internal/core/abac/repository/interfaces_mock.go:724.135,730.2 5 0
github.com/niiniyare/erp/internal/core/abac/repository/interfaces_mock.go:733.105,736.2 2 0
github.com/niiniyare/erp/internal/core/abac/repository/interfaces_mock.go:739.99,745.2 5 0
github.com/niiniyare/erp/internal/core/abac/repository/interfaces_mock.go:748.88,751.2 2 0
github.com/niiniyare/erp/internal/core/abac/repository/interfaces_mock.go:754.140,760.2 5 0
github.com/niiniyare/erp/internal/core/abac/repository/interfaces_mock.go:763.112,766.2 2 0
github.com/niiniyare/erp/internal/core/abac/repository/interfaces_mock.go:769.169,775.2 5 0
github.com/niiniyare/erp/internal/core/abac/repository/interfaces_mock.go:778.127,781.2 2 0
github.com/niiniyare/erp/internal/core/abac/repository/interfaces_mock.go:784.171,790.2 5 0
github.com/niiniyare/erp/internal/core/abac/repository/interfaces_mock.go:793.117,796.2 2 0
github.com/niiniyare/erp/internal/core/abac/repository/interfaces_mock.go:799.161,805.2 5 0
github.com/niiniyare/erp/internal/core/abac/repository/interfaces_mock.go:808.124,811.2 2 0
github.com/niiniyare/erp/internal/core/abac/repository/interfaces_mock.go:814.132,820.2 5 0
github.com/niiniyare/erp/internal/core/abac/repository/interfaces_mock.go:823.102,826.2 2 0
github.com/niiniyare/erp/internal/core/abac/repository/interfaces_mock.go:829.158,835.2 5 0
github.com/niiniyare/erp/internal/core/abac/repository/interfaces_mock.go:838.100,841.2 2 0
github.com/niiniyare/erp/internal/core/abac/repository/interfaces_mock.go:844.149,850.2 5 0
github.com/niiniyare/erp/internal/core/abac/repository/interfaces_mock.go:853.99,856.2 2 0
github.com/niiniyare/erp/internal/core/abac/repository/interfaces_mock.go:859.158,865.2 5 0
github.com/niiniyare/erp/internal/core/abac/repository/interfaces_mock.go:868.101,871.2 2 0
github.com/niiniyare/erp/internal/core/abac/repository/interfaces_mock.go:874.154,880.2 5 0
github.com/niiniyare/erp/internal/core/abac/repository/interfaces_mock.go:883.122,886.2 2 0
github.com/niiniyare/erp/internal/core/abac/repository/interfaces_mock.go:901.95,905.2 3 0
github.com/niiniyare/erp/internal/core/abac/repository/interfaces_mock.go:908.93,910.2 1 0
github.com/niiniyare/erp/internal/core/abac/repository/interfaces_mock.go:913.152,919.2 5 0
github.com/niiniyare/erp/internal/core/abac/repository/interfaces_mock.go:922.103,925.2 2 0
github.com/niiniyare/erp/internal/core/abac/repository/interfaces_mock.go:928.104,933.2 4 0
github.com/niiniyare/erp/internal/core/abac/repository/interfaces_mock.go:936.102,939.2 2 0
github.com/niiniyare/erp/internal/core/abac/repository/interfaces_mock.go:942.123,948.2 5 0
github.com/niiniyare/erp/internal/core/abac/repository/interfaces_mock.go:951.102,954.2 2 0
github.com/niiniyare/erp/internal/core/abac/repository/interfaces_mock.go:957.132,963.2 5 0
github.com/niiniyare/erp/internal/core/abac/repository/interfaces_mock.go:966.103,969.2 2 0
github.com/niiniyare/erp/internal/core/abac/repository/interfaces_mock.go:972.142,978.2 5 0
github.com/niiniyare/erp/internal/core/abac/repository/interfaces_mock.go:981.114,984.2 2 0
github.com/niiniyare/erp/internal/core/abac/repository/interfaces_mock.go:987.123,993.2 5 0
github.com/niiniyare/erp/internal/core/abac/repository/interfaces_mock.go:996.103,999.2 2 0
github.com/niiniyare/erp/internal/core/abac/repository/interfaces_mock.go:1002.152,1008.2 5 0
github.com/niiniyare/erp/internal/core/abac/repository/interfaces_mock.go:1011.102,1014.2 2 0
github.com/niiniyare/erp/internal/core/abac/repository/interfaces_mock.go:1017.166,1023.2 5 0
github.com/niiniyare/erp/internal/core/abac/repository/interfaces_mock.go:1026.107,1029.2 2 0
github.com/niiniyare/erp/internal/core/abac/repository/interfaces_mock.go:1032.135,1037.2 4 0
github.com/niiniyare/erp/internal/core/abac/repository/interfaces_mock.go:1040.113,1043.2 2 0
github.com/niiniyare/erp/internal/core/abac/repository/interfaces_mock.go:1058.81,1062.2 3 0
github.com/niiniyare/erp/internal/core/abac/repository/interfaces_mock.go:1065.79,1067.2 1 0
github.com/niiniyare/erp/internal/core/abac/repository/interfaces_mock.go:1070.102,1075.2 4 0
github.com/niiniyare/erp/internal/core/abac/repository/interfaces_mock.go:1078.104,1081.2 2 0
github.com/niiniyare/erp/internal/core/abac/repository/interfaces_mock.go:1084.104,1089.2 4 0
github.com/niiniyare/erp/internal/core/abac/repository/interfaces_mock.go:1092.89,1095.2 2 0
github.com/niiniyare/erp/internal/core/abac/repository/interfaces_mock.go:1098.120,1104.2 5 0
github.com/niiniyare/erp/internal/core/abac/repository/interfaces_mock.go:1107.87,1110.2 2 0
github.com/niiniyare/erp/internal/core/abac/repository/interfaces_mock.go:1113.141,1119.2 5 0
github.com/niiniyare/erp/internal/core/abac/repository/interfaces_mock.go:1122.112,1125.2 2 0
github.com/niiniyare/erp/internal/core/abac/repository/interfaces_mock.go:1128.126,1134.2 5 0
github.com/niiniyare/erp/internal/core/abac/repository/interfaces_mock.go:1137.90,1140.2 2 0
github.com/niiniyare/erp/internal/core/abac/repository/policy.go:39.20,47.2 1 0
github.com/niiniyare/erp/internal/core/abac/repository/policy.go:50.112,67.9 5 0
github.com/niiniyare/erp/internal/core/abac/repository/policy.go:67.9,69.3 1 0
github.com/niiniyare/erp/internal/core/abac/repository/policy.go:71.2,75.16 3 0
github.com/niiniyare/erp/internal/core/abac/repository/policy.go:75.16,77.3 1 0
github.com/niiniyare/erp/internal/core/abac/repository/policy.go:79.2,80.16 2 0
github.com/niiniyare/erp/internal/core/abac/repository/policy.go:80.16,82.3 1 0
github.com/niiniyare/erp/internal/core/abac/repository/policy.go:84.2,85.28 2 0
github.com/niiniyare/erp/internal/core/abac/repository/policy.go:85.28,87.17 2 0
github.com/niiniyare/erp/internal/core/abac/repository/policy.go:87.17,89.4 1 0
github.com/niiniyare/erp/internal/core/abac/repository/policy.go:92.2,93.23 2 0
github.com/niiniyare/erp/internal/core/abac/repository/policy.go:93.23,95.17 2 0
github.com/niiniyare/erp/internal/core/abac/repository/policy.go:95.17,97.4 1 0
github.com/niiniyare/erp/internal/core/abac/repository/policy.go:101.2,101.92 1 0
github.com/niiniyare/erp/internal/core/abac/repository/policy.go:101.92,106.29 5 0
github.com/niiniyare/erp/internal/core/abac/repository/policy.go:106.29,108.4 1 0
github.com/niiniyare/erp/internal/core/abac/repository/policy.go:109.3,126.17 3 0
github.com/niiniyare/erp/internal/core/abac/repository/policy.go:126.17,128.4 1 0
github.com/niiniyare/erp/internal/core/abac/repository/policy.go:131.3,132.13 2 0
github.com/niiniyare/erp/internal/core/abac/repository/policy.go:135.2,135.16 1 0
github.com/niiniyare/erp/internal/core/abac/repository/policy.go:135.16,139.3 3 0
github.com/niiniyare/erp/internal/core/abac/repository/policy.go:141.2,149.20 3 0
github.com/niiniyare/erp/internal/core/abac/repository/policy.go:153.101,162.9 4 0
github.com/niiniyare/erp/internal/core/abac/repository/policy.go:162.9,164.3 1 0
github.com/niiniyare/erp/internal/core/abac/repository/policy.go:167.2,169.60 3 0
github.com/niiniyare/erp/internal/core/abac/repository/policy.go:169.60,172.3 2 0
github.com/niiniyare/erp/internal/core/abac/repository/policy.go:175.2,176.16 2 0
github.com/niiniyare/erp/internal/core/abac/repository/policy.go:176.16,177.27 1 0
github.com/niiniyare/erp/internal/core/abac/repository/policy.go:177.27,180.4 2 0
github.com/niiniyare/erp/internal/core/abac/repository/policy.go:181.3,183.132 3 0
github.com/niiniyare/erp/internal/core/abac/repository/policy.go:187.2,190.75 2 0
github.com/niiniyare/erp/internal/core/abac/repository/policy.go:190.75,192.3 1 0
github.com/niiniyare/erp/internal/core/abac/repository/policy.go:194.2,195.20 2 0
github.com/niiniyare/erp/internal/core/abac/repository/policy.go:199.102,208.9 4 0
github.com/niiniyare/erp/internal/core/abac/repository/policy.go:208.9,210.3 1 0
github.com/niiniyare/erp/internal/core/abac/repository/policy.go:213.2,215.60 3 0
github.com/niiniyare/erp/internal/core/abac/repository/policy.go:215.60,218.3 2 0
github.com/niiniyare/erp/internal/core/abac/repository/policy.go:221.2,222.16 2 0
github.com/niiniyare/erp/internal/core/abac/repository/policy.go:222.16,223.27 1 0
github.com/niiniyare/erp/internal/core/abac/repository/policy.go:223.27,226.4 2 0
github.com/niiniyare/erp/internal/core/abac/repository/policy.go:227.3,229.140 3 0
github.com/niiniyare/erp/internal/core/abac/repository/policy.go:233.2,236.75 2 0
github.com/niiniyare/erp/internal/core/abac/repository/policy.go:236.75,238.3 1 0
github.com/niiniyare/erp/internal/core/abac/repository/policy.go:240.2,241.20 2 0
github.com/niiniyare/erp/internal/core/abac/repository/policy.go:245.126,256.23 5 0
github.com/niiniyare/erp/internal/core/abac/repository/policy.go:256.23,258.17 2 0
github.com/niiniyare/erp/internal/core/abac/repository/policy.go:258.17,260.4 1 0
github.com/niiniyare/erp/internal/core/abac/repository/policy.go:263.2,263.21 1 0
github.com/niiniyare/erp/internal/core/abac/repository/policy.go:263.21,265.17 2 0
github.com/niiniyare/erp/internal/core/abac/repository/policy.go:265.17,267.4 1 0
github.com/niiniyare/erp/internal/core/abac/repository/policy.go:270.2,270.28 1 0
github.com/niiniyare/erp/internal/core/abac/repository/policy.go:270.28,272.17 2 0
github.com/niiniyare/erp/internal/core/abac/repository/policy.go:272.17,274.4 1 0
github.com/niiniyare/erp/internal/core/abac/repository/policy.go:277.2,277.23 1 0
github.com/niiniyare/erp/internal/core/abac/repository/policy.go:277.23,279.17 2 0
github.com/niiniyare/erp/internal/core/abac/repository/policy.go:279.17,281.4 1 0
github.com/niiniyare/erp/internal/core/abac/repository/policy.go:284.2,285.28 2 0
github.com/niiniyare/erp/internal/core/abac/repository/policy.go:285.28,287.3 1 0
github.com/niiniyare/erp/internal/core/abac/repository/policy.go:289.2,303.9 3 0
github.com/niiniyare/erp/internal/core/abac/repository/policy.go:303.9,305.3 1 0
github.com/niiniyare/erp/internal/core/abac/repository/policy.go:307.2,309.92 2 0
github.com/niiniyare/erp/internal/core/abac/repository/policy.go:309.92,313.3 3 0
github.com/niiniyare/erp/internal/core/abac/repository/policy.go:315.2,315.16 1 0
github.com/niiniyare/erp/internal/core/abac/repository/policy.go:315.16,319.3 3 0
github.com/niiniyare/erp/internal/core/abac/repository/policy.go:322.2,326.32 2 0
github.com/niiniyare/erp/internal/core/abac/repository/policy.go:326.32,327.50 1 0
github.com/niiniyare/erp/internal/core/abac/repository/policy.go:327.50,329.4 1 0
github.com/niiniyare/erp/internal/core/abac/repository/policy.go:332.2,333.49 2 0
github.com/niiniyare/erp/internal/core/abac/repository/policy.go:337.82,346.9 4 0
github.com/niiniyare/erp/internal/core/abac/repository/policy.go:346.9,348.3 1 0
github.com/niiniyare/erp/internal/core/abac/repository/policy.go:351.2,351.93 1 0
github.com/niiniyare/erp/internal/core/abac/repository/policy.go:351.93,353.3 1 0
github.com/niiniyare/erp/internal/core/abac/repository/policy.go:355.2,355.16 1 0
github.com/niiniyare/erp/internal/core/abac/repository/policy.go:355.16,359.3 3 0
github.com/niiniyare/erp/internal/core/abac/repository/policy.go:362.2,363.54 2 0
github.com/niiniyare/erp/internal/core/abac/repository/policy.go:363.54,365.3 1 0
github.com/niiniyare/erp/internal/core/abac/repository/policy.go:367.2,372.12 3 0
github.com/niiniyare/erp/internal/core/abac/repository/policy.go:376.114,386.16 6 0
github.com/niiniyare/erp/internal/core/abac/repository/policy.go:386.16,390.3 3 0
github.com/niiniyare/erp/internal/core/abac/repository/policy.go:392.2,395.34 3 0
github.com/niiniyare/erp/internal/core/abac/repository/policy.go:395.34,397.3 1 0
github.com/niiniyare/erp/internal/core/abac/repository/policy.go:399.2,399.20 1 0
github.com/niiniyare/erp/internal/core/abac/repository/policy.go:403.138,416.62 5 0
github.com/niiniyare/erp/internal/core/abac/repository/policy.go:416.62,419.3 2 0
github.com/niiniyare/erp/internal/core/abac/repository/policy.go:422.2,423.25 2 0
github.com/niiniyare/erp/internal/core/abac/repository/policy.go:423.25,425.3 1 0
github.com/niiniyare/erp/internal/core/abac/repository/policy.go:426.2,431.16 2 0
github.com/niiniyare/erp/internal/core/abac/repository/policy.go:431.16,435.3 3 0
github.com/niiniyare/erp/internal/core/abac/repository/policy.go:438.2,439.41 2 0
github.com/niiniyare/erp/internal/core/abac/repository/policy.go:439.41,455.3 2 0
github.com/niiniyare/erp/internal/core/abac/repository/policy.go:458.2,458.77 1 0
github.com/niiniyare/erp/internal/core/abac/repository/policy.go:458.77,460.3 1 0
github.com/niiniyare/erp/internal/core/abac/repository/policy.go:462.2,463.22 2 0
github.com/niiniyare/erp/internal/core/abac/repository/policy.go:467.109,479.16 4 0
github.com/niiniyare/erp/internal/core/abac/repository/policy.go:479.16,483.3 3 0
github.com/niiniyare/erp/internal/core/abac/repository/policy.go:486.2,487.42 2 0
github.com/niiniyare/erp/internal/core/abac/repository/policy.go:487.42,489.3 1 0
github.com/niiniyare/erp/internal/core/abac/repository/policy.go:491.2,492.22 2 0
github.com/niiniyare/erp/internal/core/abac/repository/policy.go:496.86,498.31 2 0
github.com/niiniyare/erp/internal/core/abac/repository/policy.go:498.31,500.3 1 0
github.com/niiniyare/erp/internal/core/abac/repository/policy.go:502.2,507.29 3 0
github.com/niiniyare/erp/internal/core/abac/repository/policy.go:507.29,509.3 1 0
github.com/niiniyare/erp/internal/core/abac/repository/policy.go:512.2,513.28 2 0
github.com/niiniyare/erp/internal/core/abac/repository/policy.go:513.28,515.3 1 0
github.com/niiniyare/erp/internal/core/abac/repository/policy.go:516.2,516.26 1 0
github.com/niiniyare/erp/internal/core/abac/repository/policy.go:516.26,518.3 1 0
github.com/niiniyare/erp/internal/core/abac/repository/policy.go:519.2,519.33 1 0
github.com/niiniyare/erp/internal/core/abac/repository/policy.go:519.33,521.3 1 0
github.com/niiniyare/erp/internal/core/abac/repository/policy.go:522.2,522.28 1 0
github.com/niiniyare/erp/internal/core/abac/repository/policy.go:522.28,524.3 1 0
github.com/niiniyare/erp/internal/core/abac/repository/policy.go:526.2,527.22 2 0
github.com/niiniyare/erp/internal/core/abac/repository/policy.go:527.22,529.3 1 0
github.com/niiniyare/erp/internal/core/abac/repository/policy.go:531.2,549.3 1 0
github.com/niiniyare/erp/internal/core/abac/repository/policy.go:553.93,561.9 5 0
github.com/niiniyare/erp/internal/core/abac/repository/policy.go:561.9,563.3 1 0
github.com/niiniyare/erp/internal/core/abac/repository/policy.go:566.2,568.62 3 0
github.com/niiniyare/erp/internal/core/abac/repository/policy.go:568.62,571.3 2 0
github.com/niiniyare/erp/internal/core/abac/repository/policy.go:574.2,575.16 2 0
github.com/niiniyare/erp/internal/core/abac/repository/policy.go:575.16,579.3 3 0
github.com/niiniyare/erp/internal/core/abac/repository/policy.go:582.2,583.38 2 0
github.com/niiniyare/erp/internal/core/abac/repository/policy.go:583.38,585.3 1 0
github.com/niiniyare/erp/internal/core/abac/repository/policy.go:588.2,588.77 1 0
github.com/niiniyare/erp/internal/core/abac/repository/policy.go:588.77,590.3 1 0
github.com/niiniyare/erp/internal/core/abac/repository/policy.go:592.2,593.22 2 0
github.com/niiniyare/erp/internal/core/abac/repository/policy.go:597.126,614.62 6 0
github.com/niiniyare/erp/internal/core/abac/repository/policy.go:614.62,617.3 2 0
github.com/niiniyare/erp/internal/core/abac/repository/policy.go:620.2,624.16 2 0
github.com/niiniyare/erp/internal/core/abac/repository/policy.go:624.16,628.3 3 0
github.com/niiniyare/erp/internal/core/abac/repository/policy.go:631.2,632.38 2 0
github.com/niiniyare/erp/internal/core/abac/repository/policy.go:632.38,634.3 1 0
github.com/niiniyare/erp/internal/core/abac/repository/policy.go:637.2,637.77 1 0
github.com/niiniyare/erp/internal/core/abac/repository/policy.go:637.77,639.3 1 0
github.com/niiniyare/erp/internal/core/abac/repository/policy.go:641.2,642.22 2 0
github.com/niiniyare/erp/internal/core/abac/repository/policy.go:646.121,664.2 4 0
github.com/niiniyare/erp/internal/core/abac/repository/policy.go:667.128,679.2 4 0
github.com/niiniyare/erp/internal/core/abac/repository/policy.go:682.122,694.2 4 0
github.com/niiniyare/erp/internal/core/abac/repository/policy.go:697.113,709.2 4 0
github.com/niiniyare/erp/internal/core/abac/repository/policy.go:712.115,724.2 4 0
github.com/niiniyare/erp/internal/core/abac/repository/policy_evaluation.go:39.30,47.2 1 0
github.com/niiniyare/erp/internal/core/abac/repository/policy_evaluation.go:50.122,71.62 5 0
github.com/niiniyare/erp/internal/core/abac/repository/policy_evaluation.go:71.62,73.3 1 0
github.com/niiniyare/erp/internal/core/abac/repository/policy_evaluation.go:75.2,76.27 2 0
github.com/niiniyare/erp/internal/core/abac/repository/policy_evaluation.go:76.27,79.3 2 0
github.com/niiniyare/erp/internal/core/abac/repository/policy_evaluation.go:79.8,82.3 2 0
github.com/niiniyare/erp/internal/core/abac/repository/policy_evaluation.go:84.2,100.16 4 0
github.com/niiniyare/erp/internal/core/abac/repository/policy_evaluation.go:100.16,104.3 3 0
github.com/niiniyare/erp/internal/core/abac/repository/policy_evaluation.go:106.2,107.12 2 0
github.com/niiniyare/erp/internal/core/abac/repository/policy_evaluation.go:111.164,131.64 6 0
github.com/niiniyare/erp/internal/core/abac/repository/policy_evaluation.go:131.64,135.86 3 0
github.com/niiniyare/erp/internal/core/abac/repository/policy_evaluation.go:135.86,137.4 1 0
github.com/niiniyare/erp/internal/core/abac/repository/policy_evaluation.go:138.3,144.21 2 0
github.com/niiniyare/erp/internal/core/abac/repository/policy_evaluation.go:148.2,149.16 2 0
github.com/niiniyare/erp/internal/core/abac/repository/policy_evaluation.go:149.16,150.27 1 0
github.com/niiniyare/erp/internal/core/abac/repository/policy_evaluation.go:150.27,153.4 2 0
github.com/niiniyare/erp/internal/core/abac/repository/policy_evaluation.go:154.3,156.175 3 0
github.com/niiniyare/erp/internal/core/abac/repository/policy_evaluation.go:159.2,163.85 3 0
github.com/niiniyare/erp/internal/core/abac/repository/policy_evaluation.go:163.85,165.3 1 0
github.com/niiniyare/erp/internal/core/abac/repository/policy_evaluation.go:167.2,174.20 2 0
github.com/niiniyare/erp/internal/core/abac/repository/policy_evaluation.go:178.130,191.23 4 0
github.com/niiniyare/erp/internal/core/abac/repository/policy_evaluation.go:191.23,193.17 2 0
github.com/niiniyare/erp/internal/core/abac/repository/policy_evaluation.go:193.17,197.4 3 0
github.com/niiniyare/erp/internal/core/abac/repository/policy_evaluation.go:198.8,198.30 1 0
github.com/niiniyare/erp/internal/core/abac/repository/policy_evaluation.go:198.30,200.17 2 0
github.com/niiniyare/erp/internal/core/abac/repository/policy_evaluation.go:200.17,204.4 3 0
github.com/niiniyare/erp/internal/core/abac/repository/policy_evaluation.go:205.8,205.36 1 0
github.com/niiniyare/erp/internal/core/abac/repository/policy_evaluation.go:205.36,210.17 2 0
github.com/niiniyare/erp/internal/core/abac/repository/policy_evaluation.go:210.17,214.4 3 0
github.com/niiniyare/erp/internal/core/abac/repository/policy_evaluation.go:215.8,215.30 1 0
github.com/niiniyare/erp/internal/core/abac/repository/policy_evaluation.go:215.30,217.17 2 0
github.com/niiniyare/erp/internal/core/abac/repository/policy_evaluation.go:217.17,221.4 3 0
github.com/niiniyare/erp/internal/core/abac/repository/policy_evaluation.go:222.8,222.35 1 0
github.com/niiniyare/erp/internal/core/abac/repository/policy_evaluation.go:222.35,224.17 2 0
github.com/niiniyare/erp/internal/core/abac/repository/policy_evaluation.go:224.17,228.4 3 0
github.com/niiniyare/erp/internal/core/abac/repository/policy_evaluation.go:231.2,232.12 2 0
github.com/niiniyare/erp/internal/core/abac/repository/policy_evaluation.go:236.91,243.16 5 0
github.com/niiniyare/erp/internal/core/abac/repository/policy_evaluation.go:243.16,247.3 3 0
github.com/niiniyare/erp/internal/core/abac/repository/policy_evaluation.go:249.2,250.12 2 0
github.com/niiniyare/erp/internal/core/abac/repository/policy_evaluation.go:254.114,259.16 4 0
github.com/niiniyare/erp/internal/core/abac/repository/policy_evaluation.go:259.16,263.3 3 0
github.com/niiniyare/erp/internal/core/abac/repository/policy_evaluation.go:265.2,277.20 3 0
github.com/niiniyare/erp/internal/core/abac/repository/policy_evaluation.go:281.158,297.16 5 0
github.com/niiniyare/erp/internal/core/abac/repository/policy_evaluation.go:297.16,301.3 3 0
github.com/niiniyare/erp/internal/core/abac/repository/policy_evaluation.go:303.2,306.41 3 0
github.com/niiniyare/erp/internal/core/abac/repository/policy_evaluation.go:306.41,308.3 1 0
github.com/niiniyare/erp/internal/core/abac/repository/policy_evaluation.go:310.2,310.20 1 0
github.com/niiniyare/erp/internal/core/abac/repository/policy_evaluation.go:314.142,324.16 5 0
github.com/niiniyare/erp/internal/core/abac/repository/policy_evaluation.go:324.16,328.3 3 0
github.com/niiniyare/erp/internal/core/abac/repository/policy_evaluation.go:330.2,342.20 3 0
github.com/niiniyare/erp/internal/core/abac/repository/policy_evaluation.go:346.125,348.28 2 0
github.com/niiniyare/erp/internal/core/abac/repository/policy_evaluation.go:348.28,350.3 1 0
github.com/niiniyare/erp/internal/core/abac/repository/policy_evaluation.go:352.2,353.26 2 0
github.com/niiniyare/erp/internal/core/abac/repository/policy_evaluation.go:353.26,355.3 1 0
github.com/niiniyare/erp/internal/core/abac/repository/policy_evaluation.go:357.2,358.34 2 0
github.com/niiniyare/erp/internal/core/abac/repository/policy_evaluation.go:358.34,361.3 2 0
github.com/niiniyare/erp/internal/core/abac/repository/policy_evaluation.go:364.2,365.79 2 0
github.com/niiniyare/erp/internal/core/abac/repository/policy_evaluation.go:365.80,367.3 0 0
github.com/niiniyare/erp/internal/core/abac/repository/policy_evaluation.go:369.2,384.3 1 0
github.com/niiniyare/erp/internal/core/abac/repository/policy_evaluation.go:387.174,389.2 1 0
github.com/niiniyare/erp/internal/core/abac/repository/policy_evaluation.go:391.121,393.2 1 0
github.com/niiniyare/erp/internal/core/abac/repository/policy_evaluation.go:395.117,397.2 1 0
github.com/niiniyare/erp/internal/core/abac/models/domain.go:56.49,57.19 1 0
github.com/niiniyare/erp/internal/core/abac/models/domain.go:57.19,61.3 1 0
github.com/niiniyare/erp/internal/core/abac/models/domain.go:63.2,63.28 1 0
github.com/niiniyare/erp/internal/core/abac/models/domain.go:63.28,68.3 1 0
github.com/niiniyare/erp/internal/core/abac/models/domain.go:70.2,70.28 1 0
github.com/niiniyare/erp/internal/core/abac/models/domain.go:70.28,75.3 1 0
github.com/niiniyare/erp/internal/core/abac/models/domain.go:78.2,78.48 1 0
github.com/niiniyare/erp/internal/core/abac/models/domain.go:78.48,79.33 1 0
github.com/niiniyare/erp/internal/core/abac/models/domain.go:79.33,83.4 1 0
github.com/niiniyare/erp/internal/core/abac/models/domain.go:86.2,86.12 1 0
github.com/niiniyare/erp/internal/core/abac/models/domain.go:90.84,101.2 1 0
github.com/niiniyare/erp/internal/core/abac/models/domain.go:132.35,133.18 1 0
github.com/niiniyare/erp/internal/core/abac/models/domain.go:133.18,137.3 1 0
github.com/niiniyare/erp/internal/core/abac/models/domain.go:139.2,139.25 1 0
github.com/niiniyare/erp/internal/core/abac/models/domain.go:139.25,144.3 1 0
github.com/niiniyare/erp/internal/core/abac/models/domain.go:146.2,146.29 1 0
github.com/niiniyare/erp/internal/core/abac/models/domain.go:146.29,151.3 1 0
github.com/niiniyare/erp/internal/core/abac/models/domain.go:153.2,153.27 1 0
github.com/niiniyare/erp/internal/core/abac/models/domain.go:153.27,158.3 1 0
github.com/niiniyare/erp/internal/core/abac/models/domain.go:160.2,160.20 1 0
github.com/niiniyare/erp/internal/core/abac/models/domain.go:160.20,165.3 1 0
github.com/niiniyare/erp/internal/core/abac/models/domain.go:167.2,167.24 1 0
github.com/niiniyare/erp/internal/core/abac/models/domain.go:167.24,171.3 1 0
github.com/niiniyare/erp/internal/core/abac/models/domain.go:173.2,173.22 1 0
github.com/niiniyare/erp/internal/core/abac/models/domain.go:173.22,177.3 1 0
github.com/niiniyare/erp/internal/core/abac/models/domain.go:179.2,179.37 1 0
github.com/niiniyare/erp/internal/core/abac/models/domain.go:179.37,184.3 1 0
github.com/niiniyare/erp/internal/core/abac/models/domain.go:186.2,186.12 1 0
github.com/niiniyare/erp/internal/core/abac/models/domain.go:190.35,192.2 1 0
github.com/niiniyare/erp/internal/core/abac/models/domain.go:195.137,207.2 1 0
github.com/niiniyare/erp/internal/core/abac/models/domain.go:210.145,241.2 4 0
github.com/niiniyare/erp/internal/core/abac/models/domain.go:261.79,270.27 2 0
github.com/niiniyare/erp/internal/core/abac/models/domain.go:270.27,272.3 1 0
github.com/niiniyare/erp/internal/core/abac/models/domain.go:274.2,274.25 1 0
github.com/niiniyare/erp/internal/core/abac/models/domain.go:274.25,276.3 1 0
github.com/niiniyare/erp/internal/core/abac/models/domain.go:278.2,282.14 4 0
github.com/niiniyare/erp/internal/core/abac/models/domain.go:286.54,287.28 1 0
github.com/niiniyare/erp/internal/core/abac/models/domain.go:287.28,291.3 1 0
github.com/niiniyare/erp/internal/core/abac/models/domain.go:293.2,293.28 1 0
github.com/niiniyare/erp/internal/core/abac/models/domain.go:293.28,297.3 1 0
github.com/niiniyare/erp/internal/core/abac/models/domain.go:299.2,299.22 1 0
github.com/niiniyare/erp/internal/core/abac/models/domain.go:299.22,303.3 1 0
github.com/niiniyare/erp/internal/core/abac/models/domain.go:305.2,305.25 1 0
github.com/niiniyare/erp/internal/core/abac/models/domain.go:305.25,309.3 1 0
github.com/niiniyare/erp/internal/core/abac/models/domain.go:311.2,311.12 1 0
github.com/niiniyare/erp/internal/core/abac/models/domain.go:366.86,381.2 1 0
github.com/niiniyare/erp/internal/core/abac/models/domain.go:384.78,398.22 2 0
github.com/niiniyare/erp/internal/core/abac/models/domain.go:398.22,400.3 1 0
github.com/niiniyare/erp/internal/core/abac/models/domain.go:402.2,402.14 1 0
github.com/niiniyare/erp/internal/core/abac/models/domain.go:406.98,447.2 6 0
github.com/niiniyare/erp/internal/core/abac/models/domain.go:464.44,465.25 1 0
github.com/niiniyare/erp/internal/core/abac/models/domain.go:465.25,467.3 1 0
github.com/niiniyare/erp/internal/core/abac/models/domain.go:468.2,468.40 1 0
github.com/niiniyare/erp/internal/core/abac/models/domain.go:472.48,473.20 1 0
github.com/niiniyare/erp/internal/core/abac/models/domain.go:473.20,474.31 1 0
github.com/niiniyare/erp/internal/core/abac/models/domain.go:475.15,476.18 1 0
github.com/niiniyare/erp/internal/core/abac/models/domain.go:476.18,478.5 1 0
github.com/niiniyare/erp/internal/core/abac/models/domain.go:479.4,479.16 1 0
github.com/niiniyare/erp/internal/core/abac/models/domain.go:480.11,481.16 1 0
github.com/niiniyare/erp/internal/core/abac/models/domain.go:484.2,484.17 1 0
github.com/niiniyare/erp/internal/core/abac/models/domain.go:488.57,497.2 2 0
github.com/niiniyare/erp/internal/core/abac/models/domain.go:512.75,515.38 2 0
github.com/niiniyare/erp/internal/core/abac/models/domain.go:515.38,517.3 1 0
github.com/niiniyare/erp/internal/core/abac/models/domain.go:518.2,518.42 1 0
github.com/niiniyare/erp/internal/core/abac/models/domain.go:518.42,520.3 1 0
github.com/niiniyare/erp/internal/core/abac/models/domain.go:521.2,521.45 1 0
github.com/niiniyare/erp/internal/core/abac/models/domain.go:521.45,523.3 1 0
github.com/niiniyare/erp/internal/core/abac/models/domain.go:524.2,524.41 1 0
github.com/niiniyare/erp/internal/core/abac/models/domain.go:524.41,526.3 1 0
github.com/niiniyare/erp/internal/core/abac/models/domain.go:527.2,527.40 1 0
github.com/niiniyare/erp/internal/core/abac/models/domain.go:527.40,529.3 1 0
github.com/niiniyare/erp/internal/core/abac/models/domain.go:530.2,530.40 1 0
github.com/niiniyare/erp/internal/core/abac/models/domain.go:530.40,532.3 1 0
github.com/niiniyare/erp/internal/core/abac/models/domain.go:534.2,534.17 1 0
github.com/niiniyare/erp/internal/core/abac/models/domain.go:538.79,541.42 2 0
github.com/niiniyare/erp/internal/core/abac/models/domain.go:541.42,542.20 1 0
github.com/niiniyare/erp/internal/core/abac/models/domain.go:542.20,544.4 1 0
github.com/niiniyare/erp/internal/core/abac/models/domain.go:547.2,547.16 1 0
github.com/niiniyare/erp/internal/core/abac/models/domain.go:551.83,571.2 3 0
github.com/niiniyare/erp/internal/core/abac/models/domain.go:576.186,588.2 1 0
github.com/niiniyare/erp/internal/core/abac/models/domain.go:591.64,602.2 1 0
github.com/niiniyare/erp/internal/core/abac/worker/worker.go:47.15,49.28 1 0
github.com/niiniyare/erp/internal/core/abac/worker/worker.go:49.28,51.3 1 0
github.com/niiniyare/erp/internal/core/abac/worker/worker.go:54.2,54.36 1 0
github.com/niiniyare/erp/internal/core/abac/worker/worker.go:54.36,56.3 1 0
github.com/niiniyare/erp/internal/core/abac/worker/worker.go:57.2,57.28 1 0
github.com/niiniyare/erp/internal/core/abac/worker/worker.go:57.28,59.3 1 0
github.com/niiniyare/erp/internal/core/abac/worker/worker.go:62.2,104.3 15 0
github.com/niiniyare/erp/internal/core/abac/worker/worker.go:108.55,116.16 3 0
github.com/niiniyare/erp/internal/core/abac/worker/worker.go:116.16,118.3 1 0
github.com/niiniyare/erp/internal/core/abac/worker/worker.go:120.2,121.12 2 0
github.com/niiniyare/erp/internal/core/abac/worker/worker.go:125.54,133.2 4 0
github.com/niiniyare/erp/internal/core/abac/worker/worker.go:136.44,138.2 1 0
github.com/niiniyare/erp/internal/core/abac/worker/worker.go:152.19,153.21 1 0
github.com/niiniyare/erp/internal/core/abac/worker/worker.go:153.21,155.3 1 0
github.com/niiniyare/erp/internal/core/abac/worker/worker.go:157.2,161.3 1 0
github.com/niiniyare/erp/internal/core/abac/worker/worker.go:169.31,184.2 3 0
github.com/niiniyare/erp/internal/core/abac/worker/worker.go:191.31,205.2 3 0
github.com/niiniyare/erp/internal/core/abac/worker/worker.go:212.31,228.2 3 0
github.com/niiniyare/erp/internal/core/abac/worker/worker.go:235.31,248.2 3 0
github.com/niiniyare/erp/internal/core/abac/worker/worker.go:255.31,268.2 3 0
github.com/niiniyare/erp/internal/core/abac/worker/worker.go:271.105,273.2 1 0
github.com/niiniyare/erp/internal/core/abac/advanced_rule_engine.go:19.50,23.2 1 0
github.com/niiniyare/erp/internal/core/abac/advanced_rule_engine.go:30.40,37.13 5 0
github.com/niiniyare/erp/internal/core/abac/advanced_rule_engine.go:37.13,44.17 3 0
github.com/niiniyare/erp/internal/core/abac/advanced_rule_engine.go:44.17,46.4 1 0
github.com/niiniyare/erp/internal/core/abac/advanced_rule_engine.go:49.3,51.21 3 0
github.com/niiniyare/erp/internal/core/abac/advanced_rule_engine.go:56.2,60.16 3 0
github.com/niiniyare/erp/internal/core/abac/advanced_rule_engine.go:60.16,62.3 1 0
github.com/niiniyare/erp/internal/core/abac/advanced_rule_engine.go:64.2,65.9 2 0
github.com/niiniyare/erp/internal/core/abac/advanced_rule_engine.go:65.9,67.3 1 0
github.com/niiniyare/erp/internal/core/abac/advanced_rule_engine.go:69.2,72.8 1 0
github.com/niiniyare/erp/internal/core/abac/advanced_rule_engine.go:76.99,84.2 1 0
github.com/niiniyare/erp/internal/core/abac/attribute_collector.go:67.22,79.2 1 0
github.com/niiniyare/erp/internal/core/abac/attribute_collector.go:328.139,354.16 7 0
github.com/niiniyare/erp/internal/core/abac/attribute_collector.go:354.16,357.3 2 0
github.com/niiniyare/erp/internal/core/abac/attribute_collector.go:360.2,375.41 6 0
github.com/niiniyare/erp/internal/core/abac/attribute_collector.go:375.41,377.3 1 0
github.com/niiniyare/erp/internal/core/abac/attribute_collector.go:379.2,407.30 8 0
github.com/niiniyare/erp/internal/core/abac/attribute_collector.go:444.131,464.16 6 0
github.com/niiniyare/erp/internal/core/abac/attribute_collector.go:464.16,467.3 2 0
github.com/niiniyare/erp/internal/core/abac/attribute_collector.go:470.2,472.22 2 0
github.com/niiniyare/erp/internal/core/abac/attribute_collector.go:472.22,474.3 1 0
github.com/niiniyare/erp/internal/core/abac/attribute_collector.go:476.2,476.23 1 0
github.com/niiniyare/erp/internal/core/abac/attribute_collector.go:476.23,478.3 1 0
github.com/niiniyare/erp/internal/core/abac/attribute_collector.go:480.2,480.24 1 0
github.com/niiniyare/erp/internal/core/abac/attribute_collector.go:480.24,482.3 1 0
github.com/niiniyare/erp/internal/core/abac/attribute_collector.go:485.2,503.54 6 0
github.com/niiniyare/erp/internal/core/abac/attribute_collector.go:503.54,505.3 1 0
github.com/niiniyare/erp/internal/core/abac/attribute_collector.go:507.2,521.20 3 0
github.com/niiniyare/erp/internal/core/abac/attribute_collector.go:598.154,614.22 6 0
github.com/niiniyare/erp/internal/core/abac/attribute_collector.go:614.22,616.3 1 0
github.com/niiniyare/erp/internal/core/abac/attribute_collector.go:619.2,625.42 5 0
github.com/niiniyare/erp/internal/core/abac/attribute_collector.go:625.42,628.3 2 0
github.com/niiniyare/erp/internal/core/abac/attribute_collector.go:631.2,631.12 1 0
github.com/niiniyare/erp/internal/core/abac/attribute_collector.go:631.12,633.56 2 0
github.com/niiniyare/erp/internal/core/abac/attribute_collector.go:633.56,635.4 1 0
github.com/niiniyare/erp/internal/core/abac/attribute_collector.go:639.2,639.12 1 0
github.com/niiniyare/erp/internal/core/abac/attribute_collector.go:639.12,643.3 3 0
github.com/niiniyare/erp/internal/core/abac/attribute_collector.go:646.2,649.30 3 0
github.com/niiniyare/erp/internal/core/abac/attribute_collector.go:649.30,651.3 1 0
github.com/niiniyare/erp/internal/core/abac/attribute_collector.go:653.2,653.32 1 0
github.com/niiniyare/erp/internal/core/abac/attribute_collector.go:653.32,655.3 1 0
github.com/niiniyare/erp/internal/core/abac/attribute_collector.go:657.2,671.29 5 0
github.com/niiniyare/erp/internal/core/abac/attribute_collector.go:671.29,672.33 1 0
github.com/niiniyare/erp/internal/core/abac/attribute_collector.go:672.33,674.4 1 0
github.com/niiniyare/erp/internal/core/abac/attribute_collector.go:674.9,676.4 1 0
github.com/niiniyare/erp/internal/core/abac/attribute_collector.go:679.2,704.20 5 0
github.com/niiniyare/erp/internal/core/abac/attribute_collector.go:709.135,710.42 1 0
github.com/niiniyare/erp/internal/core/abac/attribute_collector.go:710.42,712.3 1 0
github.com/niiniyare/erp/internal/core/abac/attribute_collector.go:714.2,717.50 2 0
github.com/niiniyare/erp/internal/core/abac/attribute_collector.go:717.50,719.54 2 0
github.com/niiniyare/erp/internal/core/abac/attribute_collector.go:719.54,721.4 1 0
github.com/niiniyare/erp/internal/core/abac/attribute_collector.go:725.2,725.50 1 0
github.com/niiniyare/erp/internal/core/abac/attribute_collector.go:725.50,727.54 2 0
github.com/niiniyare/erp/internal/core/abac/attribute_collector.go:727.54,729.4 1 0
github.com/niiniyare/erp/internal/core/abac/attribute_collector.go:732.2,732.25 1 0
github.com/niiniyare/erp/internal/core/abac/attribute_collector.go:735.136,739.32 2 0
github.com/niiniyare/erp/internal/core/abac/attribute_collector.go:739.32,740.78 1 0
github.com/niiniyare/erp/internal/core/abac/attribute_collector.go:740.78,742.4 1 0
github.com/niiniyare/erp/internal/core/abac/attribute_collector.go:746.2,746.32 1 0
github.com/niiniyare/erp/internal/core/abac/attribute_collector.go:746.32,747.78 1 0
github.com/niiniyare/erp/internal/core/abac/attribute_collector.go:747.78,749.4 1 0
github.com/niiniyare/erp/internal/core/abac/attribute_collector.go:752.2,752.18 1 0
github.com/niiniyare/erp/internal/core/abac/attribute_collector.go:755.223,765.33 2 0
github.com/niiniyare/erp/internal/core/abac/attribute_collector.go:765.33,766.26 1 0
github.com/niiniyare/erp/internal/core/abac/attribute_collector.go:766.26,769.4 2 0
github.com/niiniyare/erp/internal/core/abac/attribute_collector.go:773.2,773.37 1 0
github.com/niiniyare/erp/internal/core/abac/attribute_collector.go:773.37,775.23 2 0
github.com/niiniyare/erp/internal/core/abac/attribute_collector.go:775.23,777.4 1 0
github.com/niiniyare/erp/internal/core/abac/attribute_collector.go:777.9,779.4 1 0
github.com/niiniyare/erp/internal/core/abac/attribute_collector.go:783.2,783.77 1 0
github.com/niiniyare/erp/internal/core/abac/attribute_collector.go:783.77,785.3 1 0
github.com/niiniyare/erp/internal/core/abac/attribute_collector.go:785.8,785.48 1 0
github.com/niiniyare/erp/internal/core/abac/attribute_collector.go:785.48,787.3 1 0
github.com/niiniyare/erp/internal/core/abac/attribute_collector.go:787.8,789.3 1 0
github.com/niiniyare/erp/internal/core/abac/attribute_collector.go:791.2,791.15 1 0
github.com/niiniyare/erp/internal/core/abac/attribute_collector.go:794.176,821.2 1 0
github.com/niiniyare/erp/internal/core/abac/attribute_collector.go:823.122,836.2 1 0
github.com/niiniyare/erp/internal/core/abac/attribute_collector.go:838.123,851.2 1 0
github.com/niiniyare/erp/internal/core/abac/attribute_collector.go:853.125,866.2 1 0
github.com/niiniyare/erp/internal/core/abac/attribute_collector.go:868.175,881.2 1 0
github.com/niiniyare/erp/internal/core/abac/attribute_collector.go:883.216,886.24 2 0
github.com/niiniyare/erp/internal/core/abac/attribute_collector.go:886.24,888.17 2 0
github.com/niiniyare/erp/internal/core/abac/attribute_collector.go:888.17,896.4 2 0
github.com/niiniyare/erp/internal/core/abac/attribute_collector.go:896.9,898.4 1 0
github.com/niiniyare/erp/internal/core/abac/attribute_collector.go:902.123,903.23 1 0
github.com/niiniyare/erp/internal/core/abac/attribute_collector.go:903.23,905.3 1 0
github.com/niiniyare/erp/internal/core/abac/attribute_collector.go:907.2,910.33 3 0
github.com/niiniyare/erp/internal/core/abac/attribute_collector.go:910.33,914.3 3 0
github.com/niiniyare/erp/internal/core/abac/attribute_collector.go:916.2,926.3 3 0
github.com/niiniyare/erp/internal/core/abac/attribute_collector.go:929.129,931.2 1 0
github.com/niiniyare/erp/internal/core/abac/attribute_collector.go:933.71,934.27 1 0
github.com/niiniyare/erp/internal/core/abac/attribute_collector.go:934.27,936.3 1 0
github.com/niiniyare/erp/internal/core/abac/attribute_collector.go:937.2,937.42 1 0
github.com/niiniyare/erp/internal/core/abac/attribute_collector.go:940.105,941.26 1 0
github.com/niiniyare/erp/internal/core/abac/attribute_collector.go:941.26,943.3 1 0
github.com/niiniyare/erp/internal/core/abac/attribute_collector.go:945.2,946.34 2 0
github.com/niiniyare/erp/internal/core/abac/attribute_collector.go:946.34,948.3 1 0
github.com/niiniyare/erp/internal/core/abac/attribute_collector.go:950.2,950.41 1 0
github.com/niiniyare/erp/internal/core/abac/attribute_collector.go:953.104,955.16 2 0
github.com/niiniyare/erp/internal/core/abac/attribute_collector.go:955.16,957.3 1 0
github.com/niiniyare/erp/internal/core/abac/attribute_collector.go:958.2,958.63 1 0
github.com/niiniyare/erp/internal/core/abac/attribute_collector.go:961.136,963.29 1 0
github.com/niiniyare/erp/internal/core/abac/attribute_collector.go:963.29,964.77 1 0
github.com/niiniyare/erp/internal/core/abac/attribute_collector.go:964.77,967.4 1 0
github.com/niiniyare/erp/internal/core/abac/attribute_collector.go:971.116,974.2 0 0
github.com/niiniyare/erp/internal/core/abac/attribute_collector.go:976.141,977.53 1 0
github.com/niiniyare/erp/internal/core/abac/attribute_collector.go:977.53,978.24 1 0
github.com/niiniyare/erp/internal/core/abac/attribute_collector.go:978.24,981.16 3 0
github.com/niiniyare/erp/internal/core/abac/attribute_collector.go:981.16,983.5 1 0
github.com/niiniyare/erp/internal/core/abac/attribute_collector.go:984.4,984.38 1 0
github.com/niiniyare/erp/internal/core/abac/attribute_collector.go:1001.62,1005.2 1 0
github.com/niiniyare/erp/internal/core/abac/attribute_collector.go:1007.72,1012.50 4 0
github.com/niiniyare/erp/internal/core/abac/attribute_collector.go:1012.50,1014.3 1 0
github.com/niiniyare/erp/internal/core/abac/attribute_collector.go:1016.2,1016.24 1 0
github.com/niiniyare/erp/internal/core/abac/attribute_collector.go:1019.97,1027.2 3 0
github.com/niiniyare/erp/internal/core/abac/attribute_collector.go:1064.52,1066.2 1 0
github.com/niiniyare/erp/internal/core/abac/attribute_collector.go:1068.52,1070.2 1 0
github.com/niiniyare/erp/internal/core/abac/attribute_collector.go:1073.143,1075.2 1 0
github.com/niiniyare/erp/internal/core/abac/attribute_collector.go:1077.152,1079.2 1 0
github.com/niiniyare/erp/internal/core/abac/attribute_collector.go:1081.128,1083.2 1 0
github.com/niiniyare/erp/internal/core/abac/attribute_collector.go:1085.132,1087.2 1 0
github.com/niiniyare/erp/internal/core/abac/attribute_collector.go:1089.139,1091.2 1 0
github.com/niiniyare/erp/internal/core/abac/attribute_collector.go:1093.135,1095.2 1 0
github.com/niiniyare/erp/internal/core/abac/attribute_collector.go:1097.143,1099.2 1 0
github.com/niiniyare/erp/internal/core/abac/attribute_collector.go:1101.132,1103.2 1 0
github.com/niiniyare/erp/internal/core/abac/attribute_collector.go:1105.117,1107.2 1 0
github.com/niiniyare/erp/internal/core/abac/attribute_collector_mock.go:33.81,37.2 3 0
github.com/niiniyare/erp/internal/core/abac/attribute_collector_mock.go:40.79,42.2 1 0
github.com/niiniyare/erp/internal/core/abac/attribute_collector_mock.go:45.157,51.2 5 0
github.com/niiniyare/erp/internal/core/abac/attribute_collector_mock.go:54.97,57.2 2 0
github.com/niiniyare/erp/internal/core/abac/attribute_collector_mock.go:60.142,66.2 5 0
github.com/niiniyare/erp/internal/core/abac/attribute_collector_mock.go:69.92,72.2 2 0
github.com/niiniyare/erp/internal/core/abac/attribute_collector_mock.go:75.155,81.2 5 0
github.com/niiniyare/erp/internal/core/abac/attribute_collector_mock.go:84.103,87.2 2 0
github.com/niiniyare/erp/internal/core/abac/attribute_collector_mock.go:90.146,96.2 5 0
github.com/niiniyare/erp/internal/core/abac/attribute_collector_mock.go:99.100,102.2 2 0
github.com/niiniyare/erp/internal/core/abac/attribute_collector_mock.go:105.134,111.2 5 0
github.com/niiniyare/erp/internal/core/abac/attribute_collector_mock.go:114.96,117.2 2 0
github.com/niiniyare/erp/internal/core/abac/attribute_collector_mock.go:120.146,126.2 5 0
github.com/niiniyare/erp/internal/core/abac/attribute_collector_mock.go:129.94,132.2 2 0
github.com/niiniyare/erp/internal/core/abac/attribute_collector_mock.go:135.135,141.2 5 0
github.com/niiniyare/erp/internal/core/abac/attribute_collector_mock.go:144.95,147.2 2 0
github.com/niiniyare/erp/internal/core/abac/attribute_collector_mock.go:150.135,156.2 5 0
github.com/niiniyare/erp/internal/core/abac/attribute_collector_mock.go:159.92,162.2 2 0
github.com/niiniyare/erp/internal/core/abac/attribute_collector_mock.go:165.120,171.2 5 0
github.com/niiniyare/erp/internal/core/abac/attribute_collector_mock.go:174.95,177.2 2 0
github.com/niiniyare/erp/internal/core/abac/attribute_collector_mock.go:180.131,186.2 5 0
github.com/niiniyare/erp/internal/core/abac/attribute_collector_mock.go:189.93,192.2 2 0
github.com/niiniyare/erp/internal/core/abac/attribute_collector_mock.go:195.142,201.2 5 0
github.com/niiniyare/erp/internal/core/abac/attribute_collector_mock.go:204.98,207.2 2 0
github.com/niiniyare/erp/internal/core/abac/attribute_collector_mock.go:210.138,216.2 5 0
github.com/niiniyare/erp/internal/core/abac/attribute_collector_mock.go:219.96,222.2 2 0
github.com/niiniyare/erp/internal/core/abac/attribute_resolver.go:76.21,90.2 1 0
github.com/niiniyare/erp/internal/core/abac/attribute_resolver.go:599.138,617.16 6 0
github.com/niiniyare/erp/internal/core/abac/attribute_resolver.go:617.16,620.3 2 0
github.com/niiniyare/erp/internal/core/abac/attribute_resolver.go:623.2,624.16 2 0
github.com/niiniyare/erp/internal/core/abac/attribute_resolver.go:624.16,627.3 2 0
github.com/niiniyare/erp/internal/core/abac/attribute_resolver.go:630.2,641.52 2 0
github.com/niiniyare/erp/internal/core/abac/attribute_resolver.go:641.52,643.3 1 0
github.com/niiniyare/erp/internal/core/abac/attribute_resolver.go:643.8,645.3 1 0
github.com/niiniyare/erp/internal/core/abac/attribute_resolver.go:647.2,647.16 1 0
github.com/niiniyare/erp/internal/core/abac/attribute_resolver.go:647.16,650.3 2 0
github.com/niiniyare/erp/internal/core/abac/attribute_resolver.go:653.2,697.20 14 0
github.com/niiniyare/erp/internal/core/abac/attribute_resolver.go:737.149,761.118 9 0
github.com/niiniyare/erp/internal/core/abac/attribute_resolver.go:761.118,774.3 6 0
github.com/niiniyare/erp/internal/core/abac/attribute_resolver.go:774.8,780.17 4 0
github.com/niiniyare/erp/internal/core/abac/attribute_resolver.go:780.17,783.26 2 0
github.com/niiniyare/erp/internal/core/abac/attribute_resolver.go:783.26,792.5 2 0
github.com/niiniyare/erp/internal/core/abac/attribute_resolver.go:792.10,798.5 3 0
github.com/niiniyare/erp/internal/core/abac/attribute_resolver.go:799.9,802.4 2 0
github.com/niiniyare/erp/internal/core/abac/attribute_resolver.go:804.3,808.38 3 0
github.com/niiniyare/erp/internal/core/abac/attribute_resolver.go:808.38,812.4 3 0
github.com/niiniyare/erp/internal/core/abac/attribute_resolver.go:815.2,828.20 6 0
github.com/niiniyare/erp/internal/core/abac/attribute_resolver.go:833.133,837.32 2 0
github.com/niiniyare/erp/internal/core/abac/attribute_resolver.go:837.32,839.3 1 0
github.com/niiniyare/erp/internal/core/abac/attribute_resolver.go:842.2,842.32 1 0
github.com/niiniyare/erp/internal/core/abac/attribute_resolver.go:842.32,843.49 1 0
github.com/niiniyare/erp/internal/core/abac/attribute_resolver.go:843.49,845.4 1 0
github.com/niiniyare/erp/internal/core/abac/attribute_resolver.go:849.2,849.23 1 0
github.com/niiniyare/erp/internal/core/abac/attribute_resolver.go:849.23,851.3 1 0
github.com/niiniyare/erp/internal/core/abac/attribute_resolver.go:853.2,853.19 1 0
github.com/niiniyare/erp/internal/core/abac/attribute_resolver.go:856.127,859.2 1 0
github.com/niiniyare/erp/internal/core/abac/attribute_resolver.go:861.169,864.33 2 0
github.com/niiniyare/erp/internal/core/abac/attribute_resolver.go:864.33,867.42 2 0
github.com/niiniyare/erp/internal/core/abac/attribute_resolver.go:867.42,868.35 1 0
github.com/niiniyare/erp/internal/core/abac/attribute_resolver.go:868.35,870.10 2 0
github.com/niiniyare/erp/internal/core/abac/attribute_resolver.go:874.3,874.19 1 0
github.com/niiniyare/erp/internal/core/abac/attribute_resolver.go:874.19,875.12 1 0
github.com/niiniyare/erp/internal/core/abac/attribute_resolver.go:879.3,893.17 3 0
github.com/niiniyare/erp/internal/core/abac/attribute_resolver.go:893.17,900.79 2 0
github.com/niiniyare/erp/internal/core/abac/attribute_resolver.go:900.79,902.5 1 0
github.com/niiniyare/erp/internal/core/abac/attribute_resolver.go:903.4,903.12 1 0
github.com/niiniyare/erp/internal/core/abac/attribute_resolver.go:906.3,906.44 1 0
github.com/niiniyare/erp/internal/core/abac/attribute_resolver.go:906.44,909.4 2 0
github.com/niiniyare/erp/internal/core/abac/attribute_resolver.go:909.9,909.51 1 0
github.com/niiniyare/erp/internal/core/abac/attribute_resolver.go:909.51,911.4 1 0
github.com/niiniyare/erp/internal/core/abac/attribute_resolver.go:914.3,914.38 1 0
github.com/niiniyare/erp/internal/core/abac/attribute_resolver.go:914.38,916.4 1 0
github.com/niiniyare/erp/internal/core/abac/attribute_resolver.go:916.9,918.4 1 0
github.com/niiniyare/erp/internal/core/abac/attribute_resolver.go:919.3,919.40 1 0
github.com/niiniyare/erp/internal/core/abac/attribute_resolver.go:922.2,922.12 1 0
github.com/niiniyare/erp/internal/core/abac/attribute_resolver.go:925.167,928.22 2 0
github.com/niiniyare/erp/internal/core/abac/attribute_resolver.go:928.22,930.3 1 0
github.com/niiniyare/erp/internal/core/abac/attribute_resolver.go:933.2,939.42 5 0
github.com/niiniyare/erp/internal/core/abac/attribute_resolver.go:939.42,942.3 2 0
github.com/niiniyare/erp/internal/core/abac/attribute_resolver.go:945.2,945.12 1 0
github.com/niiniyare/erp/internal/core/abac/attribute_resolver.go:945.12,947.34 2 0
github.com/niiniyare/erp/internal/core/abac/attribute_resolver.go:947.34,949.4 1 0
github.com/niiniyare/erp/internal/core/abac/attribute_resolver.go:953.2,953.12 1 0
github.com/niiniyare/erp/internal/core/abac/attribute_resolver.go:953.12,957.3 3 0
github.com/niiniyare/erp/internal/core/abac/attribute_resolver.go:960.2,960.36 1 0
github.com/niiniyare/erp/internal/core/abac/attribute_resolver.go:960.36,961.44 1 0
github.com/niiniyare/erp/internal/core/abac/attribute_resolver.go:961.44,963.4 1 0
github.com/niiniyare/erp/internal/core/abac/attribute_resolver.go:963.9,963.51 1 0
github.com/niiniyare/erp/internal/core/abac/attribute_resolver.go:963.51,965.4 1 0
github.com/niiniyare/erp/internal/core/abac/attribute_resolver.go:968.3,968.38 1 0
github.com/niiniyare/erp/internal/core/abac/attribute_resolver.go:968.38,970.4 1 0
github.com/niiniyare/erp/internal/core/abac/attribute_resolver.go:970.9,972.4 1 0
github.com/niiniyare/erp/internal/core/abac/attribute_resolver.go:973.3,973.40 1 0
github.com/niiniyare/erp/internal/core/abac/attribute_resolver.go:977.2,977.26 1 0
github.com/niiniyare/erp/internal/core/abac/attribute_resolver.go:977.26,978.78 1 0
github.com/niiniyare/erp/internal/core/abac/attribute_resolver.go:978.78,980.4 1 0
github.com/niiniyare/erp/internal/core/abac/attribute_resolver.go:983.2,983.12 1 0
github.com/niiniyare/erp/internal/core/abac/attribute_resolver.go:986.219,989.29 2 0
github.com/niiniyare/erp/internal/core/abac/attribute_resolver.go:989.29,992.42 2 0
github.com/niiniyare/erp/internal/core/abac/attribute_resolver.go:992.42,993.35 1 0
github.com/niiniyare/erp/internal/core/abac/attribute_resolver.go:993.35,995.10 2 0
github.com/niiniyare/erp/internal/core/abac/attribute_resolver.go:999.3,999.19 1 0
github.com/niiniyare/erp/internal/core/abac/attribute_resolver.go:999.19,1000.12 1 0
github.com/niiniyare/erp/internal/core/abac/attribute_resolver.go:1004.3,1018.17 3 0
github.com/niiniyare/erp/internal/core/abac/attribute_resolver.go:1018.17,1020.12 2 0
github.com/niiniyare/erp/internal/core/abac/attribute_resolver.go:1023.3,1023.26 1 0
github.com/niiniyare/erp/internal/core/abac/attribute_resolver.go:1027.131,1031.44 2 0
github.com/niiniyare/erp/internal/core/abac/attribute_resolver.go:1032.24,1033.49 1 0
github.com/niiniyare/erp/internal/core/abac/attribute_resolver.go:1034.29,1035.54 1 0
github.com/niiniyare/erp/internal/core/abac/attribute_resolver.go:1036.28,1037.53 1 0
github.com/niiniyare/erp/internal/core/abac/attribute_resolver.go:1038.10,1039.39 1 0
github.com/niiniyare/erp/internal/core/abac/attribute_resolver.go:1043.111,1044.64 1 0
github.com/niiniyare/erp/internal/core/abac/attribute_resolver.go:1044.64,1046.3 1 0
github.com/niiniyare/erp/internal/core/abac/attribute_resolver.go:1048.2,1048.22 1 0
github.com/niiniyare/erp/internal/core/abac/attribute_resolver.go:1048.22,1051.3 2 0
github.com/niiniyare/erp/internal/core/abac/attribute_resolver.go:1053.2,1053.13 1 0
github.com/niiniyare/erp/internal/core/abac/attribute_resolver.go:1056.150,1059.21 3 0
github.com/niiniyare/erp/internal/core/abac/attribute_resolver.go:1059.21,1061.3 1 0
github.com/niiniyare/erp/internal/core/abac/attribute_resolver.go:1063.2,1063.60 1 0
github.com/niiniyare/erp/internal/core/abac/attribute_resolver.go:1063.60,1065.17 2 0
github.com/niiniyare/erp/internal/core/abac/attribute_resolver.go:1065.17,1067.4 1 0
github.com/niiniyare/erp/internal/core/abac/attribute_resolver.go:1069.3,1070.32 2 0
github.com/niiniyare/erp/internal/core/abac/attribute_resolver.go:1070.32,1071.9 1 0
github.com/niiniyare/erp/internal/core/abac/attribute_resolver.go:1075.3,1075.27 1 0
github.com/niiniyare/erp/internal/core/abac/attribute_resolver.go:1075.27,1078.4 2 0
github.com/niiniyare/erp/internal/core/abac/attribute_resolver.go:1081.2,1081.21 1 0
github.com/niiniyare/erp/internal/core/abac/attribute_resolver.go:1084.151,1111.2 1 0
github.com/niiniyare/erp/internal/core/abac/attribute_resolver.go:1113.159,1114.48 1 0
github.com/niiniyare/erp/internal/core/abac/attribute_resolver.go:1115.32,1116.47 1 0
github.com/niiniyare/erp/internal/core/abac/attribute_resolver.go:1117.31,1118.40 1 0
github.com/niiniyare/erp/internal/core/abac/attribute_resolver.go:1119.33,1120.44 1 0
github.com/niiniyare/erp/internal/core/abac/attribute_resolver.go:1121.10,1122.26 1 0
github.com/niiniyare/erp/internal/core/abac/attribute_resolver.go:1126.143,1129.47 2 0
github.com/niiniyare/erp/internal/core/abac/attribute_resolver.go:1129.47,1131.3 1 0
github.com/niiniyare/erp/internal/core/abac/attribute_resolver.go:1133.2,1155.8 1 0
github.com/niiniyare/erp/internal/core/abac/attribute_resolver.go:1158.136,1161.22 3 0
github.com/niiniyare/erp/internal/core/abac/attribute_resolver.go:1161.22,1163.3 1 0
github.com/niiniyare/erp/internal/core/abac/attribute_resolver.go:1166.2,1169.23 3 0
github.com/niiniyare/erp/internal/core/abac/attribute_resolver.go:1172.140,1197.2 1 0
github.com/niiniyare/erp/internal/core/abac/attribute_resolver.go:1199.63,1202.2 1 0
github.com/niiniyare/erp/internal/core/abac/attribute_resolver.go:1204.86,1207.2 1 0
github.com/niiniyare/erp/internal/core/abac/attribute_resolver.go:1209.101,1211.9 1 0
github.com/niiniyare/erp/internal/core/abac/attribute_resolver.go:1211.9,1213.3 1 0
github.com/niiniyare/erp/internal/core/abac/attribute_resolver.go:1213.8,1215.3 1 0
github.com/niiniyare/erp/internal/core/abac/attribute_resolver.go:1218.142,1222.39 3 0
github.com/niiniyare/erp/internal/core/abac/attribute_resolver.go:1222.39,1224.3 1 0
github.com/niiniyare/erp/internal/core/abac/attribute_resolver.go:1226.2,1226.58 1 0
github.com/niiniyare/erp/internal/core/abac/attribute_resolver.go:1229.154,1231.56 1 0
github.com/niiniyare/erp/internal/core/abac/attribute_resolver.go:1231.56,1233.46 1 0
github.com/niiniyare/erp/internal/core/abac/attribute_resolver.go:1233.46,1234.39 1 0
github.com/niiniyare/erp/internal/core/abac/attribute_resolver.go:1234.39,1235.57 1 0
github.com/niiniyare/erp/internal/core/abac/attribute_resolver.go:1235.57,1238.6 1 0
github.com/niiniyare/erp/internal/core/abac/attribute_resolver.go:1241.3,1241.45 1 0
github.com/niiniyare/erp/internal/core/abac/attribute_resolver.go:1245.131,1257.2 2 0
github.com/niiniyare/erp/internal/core/abac/attribute_resolver.go:1259.147,1265.49 4 0
github.com/niiniyare/erp/internal/core/abac/attribute_resolver.go:1265.49,1275.62 3 0
github.com/niiniyare/erp/internal/core/abac/attribute_resolver.go:1275.62,1284.4 1 0
github.com/niiniyare/erp/internal/core/abac/attribute_resolver.go:1287.2,1287.22 1 0
github.com/niiniyare/erp/internal/core/abac/attribute_resolver.go:1287.22,1290.3 2 0
github.com/niiniyare/erp/internal/core/abac/attribute_resolver.go:1293.153,1294.49 1 0
github.com/niiniyare/erp/internal/core/abac/attribute_resolver.go:1294.49,1299.46 3 0
github.com/niiniyare/erp/internal/core/abac/attribute_resolver.go:1299.46,1300.49 1 0
github.com/niiniyare/erp/internal/core/abac/attribute_resolver.go:1300.49,1302.10 2 0
github.com/niiniyare/erp/internal/core/abac/attribute_resolver.go:1306.3,1307.31 2 0
github.com/niiniyare/erp/internal/core/abac/attribute_resolver.go:1307.31,1309.4 1 0
github.com/niiniyare/erp/internal/core/abac/attribute_resolver.go:1311.3,1311.51 1 0
github.com/niiniyare/erp/internal/core/abac/attribute_resolver.go:1315.120,1317.45 1 0
github.com/niiniyare/erp/internal/core/abac/attribute_resolver.go:1317.45,1319.3 1 0
github.com/niiniyare/erp/internal/core/abac/attribute_resolver.go:1322.2,1322.40 1 0
github.com/niiniyare/erp/internal/core/abac/attribute_resolver.go:1322.40,1325.50 2 0
github.com/niiniyare/erp/internal/core/abac/attribute_resolver.go:1325.50,1331.4 5 0
github.com/niiniyare/erp/internal/core/abac/attribute_resolver.go:1333.3,1338.64 6 0
github.com/niiniyare/erp/internal/core/abac/attribute_resolver.go:1342.2,1348.30 5 0
github.com/niiniyare/erp/internal/core/abac/attribute_resolver.go:1348.30,1351.3 2 0
github.com/niiniyare/erp/internal/core/abac/attribute_resolver.go:1354.108,1355.39 1 0
github.com/niiniyare/erp/internal/core/abac/attribute_resolver.go:1355.39,1357.3 1 0
github.com/niiniyare/erp/internal/core/abac/attribute_resolver.go:1357.8,1357.47 1 0
github.com/niiniyare/erp/internal/core/abac/attribute_resolver.go:1357.47,1359.3 1 0
github.com/niiniyare/erp/internal/core/abac/attribute_resolver.go:1359.8,1361.3 1 0
github.com/niiniyare/erp/internal/core/abac/attribute_resolver.go:1364.88,1366.2 1 0
github.com/niiniyare/erp/internal/core/abac/attribute_resolver.go:1368.132,1382.2 4 0
github.com/niiniyare/erp/internal/core/abac/attribute_resolver.go:1393.56,1395.2 1 0
github.com/niiniyare/erp/internal/core/abac/attribute_resolver.go:1397.62,1399.2 1 0
github.com/niiniyare/erp/internal/core/abac/attribute_resolver.go:1401.46,1403.2 1 0
github.com/niiniyare/erp/internal/core/abac/attribute_resolver.go:1405.48,1407.2 1 0
github.com/niiniyare/erp/internal/core/abac/attribute_resolver.go:1409.46,1411.2 1 0
github.com/niiniyare/erp/internal/core/abac/attribute_resolver.go:1413.48,1415.2 1 0
github.com/niiniyare/erp/internal/core/abac/attribute_resolver.go:1417.83,1417.97 1 0
github.com/niiniyare/erp/internal/core/abac/attribute_resolver.go:1418.83,1418.97 1 0
github.com/niiniyare/erp/internal/core/abac/attribute_resolver.go:1419.83,1419.97 1 0
github.com/niiniyare/erp/internal/core/abac/attribute_resolver.go:1420.83,1420.97 1 0
github.com/niiniyare/erp/internal/core/abac/attribute_resolver.go:1421.83,1421.97 1 0
github.com/niiniyare/erp/internal/core/abac/attribute_resolver.go:1422.112,1423.2 0 0
github.com/niiniyare/erp/internal/core/abac/attribute_resolver.go:1425.86,1425.87 0 0
github.com/niiniyare/erp/internal/core/abac/attribute_resolver.go:1426.86,1426.87 0 0
github.com/niiniyare/erp/internal/core/abac/attribute_resolver.go:1427.85,1427.101 1 0
github.com/niiniyare/erp/internal/core/abac/attribute_resolver.go:1428.85,1428.106 1 0
github.com/niiniyare/erp/internal/core/abac/attribute_resolver.go:1429.85,1429.97 1 0
github.com/niiniyare/erp/internal/core/abac/attribute_resolver.go:1451.143,1453.2 1 0
github.com/niiniyare/erp/internal/core/abac/attribute_resolver.go:1455.143,1457.2 1 0
github.com/niiniyare/erp/internal/core/abac/attribute_resolver.go:1459.134,1461.2 1 0
github.com/niiniyare/erp/internal/core/abac/attribute_resolver.go:1463.119,1465.2 1 0
github.com/niiniyare/erp/internal/core/abac/attribute_resolver.go:1467.132,1469.2 1 0
github.com/niiniyare/erp/internal/core/abac/attribute_resolver.go:1471.125,1473.2 1 0
github.com/niiniyare/erp/internal/core/abac/attribute_resolver.go:1475.140,1477.2 1 0
github.com/niiniyare/erp/internal/core/abac/attribute_resolver.go:1479.139,1481.2 1 0
github.com/niiniyare/erp/internal/core/abac/attribute_resolver.go:1483.131,1485.2 1 0
github.com/niiniyare/erp/internal/core/abac/attribute_resolver.go:1487.144,1489.2 1 0
github.com/niiniyare/erp/internal/core/abac/attribute_resolver_mock.go:32.79,36.2 3 0
github.com/niiniyare/erp/internal/core/abac/attribute_resolver_mock.go:39.77,41.2 1 0
github.com/niiniyare/erp/internal/core/abac/attribute_resolver_mock.go:44.147,50.2 5 0
github.com/niiniyare/erp/internal/core/abac/attribute_resolver_mock.go:53.99,56.2 2 0
github.com/niiniyare/erp/internal/core/abac/attribute_resolver_mock.go:59.143,65.2 5 0
github.com/niiniyare/erp/internal/core/abac/attribute_resolver_mock.go:68.96,71.2 2 0
github.com/niiniyare/erp/internal/core/abac/attribute_resolver_mock.go:74.146,80.2 5 0
github.com/niiniyare/erp/internal/core/abac/attribute_resolver_mock.go:83.99,86.2 2 0
github.com/niiniyare/erp/internal/core/abac/attribute_resolver_mock.go:89.137,95.2 5 0
github.com/niiniyare/erp/internal/core/abac/attribute_resolver_mock.go:98.98,101.2 2 0
github.com/niiniyare/erp/internal/core/abac/attribute_resolver_mock.go:104.128,110.2 5 0
github.com/niiniyare/erp/internal/core/abac/attribute_resolver_mock.go:113.92,116.2 2 0
github.com/niiniyare/erp/internal/core/abac/attribute_resolver_mock.go:119.134,125.2 5 0
github.com/niiniyare/erp/internal/core/abac/attribute_resolver_mock.go:128.94,131.2 2 0
github.com/niiniyare/erp/internal/core/abac/attribute_resolver_mock.go:134.135,140.2 5 0
github.com/niiniyare/erp/internal/core/abac/attribute_resolver_mock.go:143.89,146.2 2 0
github.com/niiniyare/erp/internal/core/abac/attribute_resolver_mock.go:149.142,155.2 5 0
github.com/niiniyare/erp/internal/core/abac/attribute_resolver_mock.go:158.100,161.2 2 0
github.com/niiniyare/erp/internal/core/abac/attribute_resolver_mock.go:164.122,170.2 5 0
github.com/niiniyare/erp/internal/core/abac/attribute_resolver_mock.go:173.86,176.2 2 0
github.com/niiniyare/erp/internal/core/abac/attribute_resolver_mock.go:179.152,185.2 5 0
github.com/niiniyare/erp/internal/core/abac/attribute_resolver_mock.go:188.90,191.2 2 0
github.com/niiniyare/erp/internal/core/abac/attribute_resolver_mock.go:194.141,200.2 5 0
github.com/niiniyare/erp/internal/core/abac/attribute_resolver_mock.go:203.91,206.2 2 0
github.com/niiniyare/erp/internal/core/abac/attribute_resolver_mock.go:209.146,215.2 5 0
github.com/niiniyare/erp/internal/core/abac/attribute_resolver_mock.go:218.99,221.2 2 0
github.com/niiniyare/erp/internal/core/abac/attribute_service.go:66.20,74.2 1 1
github.com/niiniyare/erp/internal/core/abac/attribute_service.go:278.151,294.43 6 1
github.com/niiniyare/erp/internal/core/abac/attribute_service.go:294.43,295.32 1 0
github.com/niiniyare/erp/internal/core/abac/attribute_service.go:295.32,297.9 2 0
github.com/niiniyare/erp/internal/core/abac/attribute_service.go:301.2,301.15 1 0
github.com/niiniyare/erp/internal/core/abac/attribute_service.go:301.15,306.3 2 0
github.com/niiniyare/erp/internal/core/abac/attribute_service.go:309.2,310.38 2 0
github.com/niiniyare/erp/internal/core/abac/attribute_service.go:310.38,313.3 2 0
github.com/niiniyare/erp/internal/core/abac/attribute_service.go:316.2,320.29 3 0
github.com/niiniyare/erp/internal/core/abac/attribute_service.go:320.29,321.47 1 0
github.com/niiniyare/erp/internal/core/abac/attribute_service.go:321.47,323.4 1 0
github.com/niiniyare/erp/internal/core/abac/attribute_service.go:326.2,327.30 2 0
github.com/niiniyare/erp/internal/core/abac/attribute_service.go:327.30,328.41 1 0
github.com/niiniyare/erp/internal/core/abac/attribute_service.go:328.41,329.35 1 0
github.com/niiniyare/erp/internal/core/abac/attribute_service.go:329.35,331.5 1 0
github.com/niiniyare/erp/internal/core/abac/attribute_service.go:335.2,336.43 2 0
github.com/niiniyare/erp/internal/core/abac/attribute_service.go:336.43,343.3 1 0
github.com/niiniyare/erp/internal/core/abac/attribute_service.go:345.2,361.16 3 0
github.com/niiniyare/erp/internal/core/abac/attribute_service.go:361.16,365.3 3 0
github.com/niiniyare/erp/internal/core/abac/attribute_service.go:368.2,397.20 7 0
github.com/niiniyare/erp/internal/core/abac/attribute_service.go:542.124,548.16 4 0
github.com/niiniyare/erp/internal/core/abac/attribute_service.go:548.16,551.3 2 0
github.com/niiniyare/erp/internal/core/abac/attribute_service.go:554.2,602.20 6 0
github.com/niiniyare/erp/internal/core/abac/attribute_service.go:650.145,658.16 5 1
github.com/niiniyare/erp/internal/core/abac/attribute_service.go:658.16,661.3 2 0
github.com/niiniyare/erp/internal/core/abac/attribute_service.go:664.2,673.27 7 0
github.com/niiniyare/erp/internal/core/abac/attribute_service.go:673.27,681.44 2 0
github.com/niiniyare/erp/internal/core/abac/attribute_service.go:681.44,684.54 2 0
github.com/niiniyare/erp/internal/core/abac/attribute_service.go:684.54,685.49 1 0
github.com/niiniyare/erp/internal/core/abac/attribute_service.go:685.49,687.6 1 0
github.com/niiniyare/erp/internal/core/abac/attribute_service.go:689.4,690.67 2 0
github.com/niiniyare/erp/internal/core/abac/attribute_service.go:694.3,694.75 1 0
github.com/niiniyare/erp/internal/core/abac/attribute_service.go:698.2,699.43 2 0
github.com/niiniyare/erp/internal/core/abac/attribute_service.go:699.43,700.51 1 0
github.com/niiniyare/erp/internal/core/abac/attribute_service.go:700.51,702.9 2 0
github.com/niiniyare/erp/internal/core/abac/attribute_service.go:706.2,734.20 5 0
github.com/niiniyare/erp/internal/core/abac/attribute_service.go:739.143,743.46 2 0
github.com/niiniyare/erp/internal/core/abac/attribute_service.go:743.46,750.3 1 0
github.com/niiniyare/erp/internal/core/abac/attribute_service.go:753.2,754.40 2 0
github.com/niiniyare/erp/internal/core/abac/attribute_service.go:754.40,761.3 1 0
github.com/niiniyare/erp/internal/core/abac/attribute_service.go:764.2,764.39 1 0
github.com/niiniyare/erp/internal/core/abac/attribute_service.go:764.39,771.3 1 0
github.com/niiniyare/erp/internal/core/abac/attribute_service.go:774.2,774.29 1 0
github.com/niiniyare/erp/internal/core/abac/attribute_service.go:774.29,775.72 1 0
github.com/niiniyare/erp/internal/core/abac/attribute_service.go:775.72,782.4 1 0
github.com/niiniyare/erp/internal/core/abac/attribute_service.go:786.2,786.32 1 0
github.com/niiniyare/erp/internal/core/abac/attribute_service.go:786.32,787.43 1 0
github.com/niiniyare/erp/internal/core/abac/attribute_service.go:787.43,788.62 1 0
github.com/niiniyare/erp/internal/core/abac/attribute_service.go:788.62,795.5 1 0
github.com/niiniyare/erp/internal/core/abac/attribute_service.go:800.2,800.23 1 0
github.com/niiniyare/erp/internal/core/abac/attribute_service.go:800.23,807.3 1 0
github.com/niiniyare/erp/internal/core/abac/attribute_service.go:809.2,809.16 1 0
github.com/niiniyare/erp/internal/core/abac/attribute_service.go:812.84,823.39 2 0
github.com/niiniyare/erp/internal/core/abac/attribute_service.go:823.39,824.28 1 0
github.com/niiniyare/erp/internal/core/abac/attribute_service.go:824.28,826.4 1 0
github.com/niiniyare/erp/internal/core/abac/attribute_service.go:828.2,828.14 1 0
github.com/niiniyare/erp/internal/core/abac/attribute_service.go:831.109,832.18 1 0
github.com/niiniyare/erp/internal/core/abac/attribute_service.go:833.37,835.12 2 0
github.com/niiniyare/erp/internal/core/abac/attribute_service.go:836.37,837.23 1 0
github.com/niiniyare/erp/internal/core/abac/attribute_service.go:838.44,839.15 1 0
github.com/niiniyare/erp/internal/core/abac/attribute_service.go:841.3,841.15 1 0
github.com/niiniyare/erp/internal/core/abac/attribute_service.go:842.38,844.12 2 0
github.com/niiniyare/erp/internal/core/abac/attribute_service.go:845.35,846.23 1 0
github.com/niiniyare/erp/internal/core/abac/attribute_service.go:847.26,848.15 1 0
github.com/niiniyare/erp/internal/core/abac/attribute_service.go:850.3,850.15 1 0
github.com/niiniyare/erp/internal/core/abac/attribute_service.go:851.35,853.14 1 0
github.com/niiniyare/erp/internal/core/abac/attribute_service.go:854.36,856.23 1 0
github.com/niiniyare/erp/internal/core/abac/attribute_service.go:857.42,858.15 1 0
github.com/niiniyare/erp/internal/core/abac/attribute_service.go:860.3,860.15 1 0
github.com/niiniyare/erp/internal/core/abac/attribute_service.go:861.35,864.12 2 0
github.com/niiniyare/erp/internal/core/abac/attribute_service.go:866.2,866.14 1 0
github.com/niiniyare/erp/internal/core/abac/attribute_service.go:869.112,877.55 2 0
github.com/niiniyare/erp/internal/core/abac/attribute_service.go:877.55,880.3 2 0
github.com/niiniyare/erp/internal/core/abac/attribute_service.go:880.8,883.3 2 0
github.com/niiniyare/erp/internal/core/abac/attribute_service.go:885.2,885.19 1 0
github.com/niiniyare/erp/internal/core/abac/attribute_service.go:888.93,889.18 1 0
github.com/niiniyare/erp/internal/core/abac/attribute_service.go:890.37,891.36 1 0
github.com/niiniyare/erp/internal/core/abac/attribute_service.go:891.36,893.4 1 0
github.com/niiniyare/erp/internal/core/abac/attribute_service.go:894.37,895.28 1 0
github.com/niiniyare/erp/internal/core/abac/attribute_service.go:896.15,897.57 1 0
github.com/niiniyare/erp/internal/core/abac/attribute_service.go:897.57,899.5 1 0
github.com/niiniyare/erp/internal/core/abac/attribute_service.go:900.12,901.21 1 0
github.com/niiniyare/erp/internal/core/abac/attribute_service.go:902.14,903.21 1 0
github.com/niiniyare/erp/internal/core/abac/attribute_service.go:904.14,905.21 1 0
github.com/niiniyare/erp/internal/core/abac/attribute_service.go:906.16,907.21 1 0
github.com/niiniyare/erp/internal/core/abac/attribute_service.go:908.16,909.12 1 0
github.com/niiniyare/erp/internal/core/abac/attribute_service.go:911.38,912.28 1 0
github.com/niiniyare/erp/internal/core/abac/attribute_service.go:913.15,914.50 1 0
github.com/niiniyare/erp/internal/core/abac/attribute_service.go:914.50,916.5 1 0
github.com/niiniyare/erp/internal/core/abac/attribute_service.go:917.13,918.12 1 0
github.com/niiniyare/erp/internal/core/abac/attribute_service.go:920.35,921.28 1 0
github.com/niiniyare/erp/internal/core/abac/attribute_service.go:922.15,923.57 1 0
github.com/niiniyare/erp/internal/core/abac/attribute_service.go:923.57,925.5 1 0
github.com/niiniyare/erp/internal/core/abac/attribute_service.go:926.18,927.12 1 0
github.com/niiniyare/erp/internal/core/abac/attribute_service.go:930.2,930.14 1 0
github.com/niiniyare/erp/internal/core/abac/attribute_service.go:933.111,939.57 2 0
github.com/niiniyare/erp/internal/core/abac/attribute_service.go:939.57,940.36 1 0
github.com/niiniyare/erp/internal/core/abac/attribute_service.go:940.36,941.65 1 0
github.com/niiniyare/erp/internal/core/abac/attribute_service.go:941.65,950.5 1 0
github.com/niiniyare/erp/internal/core/abac/attribute_service.go:954.2,954.16 1 0
github.com/niiniyare/erp/internal/core/abac/attribute_service.go:957.131,963.29 2 0
github.com/niiniyare/erp/internal/core/abac/attribute_service.go:963.29,965.44 2 0
github.com/niiniyare/erp/internal/core/abac/attribute_service.go:965.44,967.4 1 0
github.com/niiniyare/erp/internal/core/abac/attribute_service.go:968.3,976.36 2 0
github.com/niiniyare/erp/internal/core/abac/attribute_service.go:979.2,979.16 1 0
github.com/niiniyare/erp/internal/core/abac/attribute_service.go:982.130,986.60 2 0
github.com/niiniyare/erp/internal/core/abac/attribute_service.go:986.60,987.54 1 0
github.com/niiniyare/erp/internal/core/abac/attribute_service.go:987.54,994.4 1 0
github.com/niiniyare/erp/internal/core/abac/attribute_service.go:997.2,997.20 1 0
github.com/niiniyare/erp/internal/core/abac/attribute_service.go:1002.131,1010.45 5 0
github.com/niiniyare/erp/internal/core/abac/attribute_service.go:1010.45,1012.3 1 0
github.com/niiniyare/erp/internal/core/abac/attribute_service.go:1012.8,1012.56 1 0
github.com/niiniyare/erp/internal/core/abac/attribute_service.go:1012.56,1021.3 2 0
github.com/niiniyare/erp/internal/core/abac/attribute_service.go:1024.2,1024.47 1 0
github.com/niiniyare/erp/internal/core/abac/attribute_service.go:1024.47,1032.3 1 0
github.com/niiniyare/erp/internal/core/abac/attribute_service.go:1035.2,1048.3 2 0
github.com/niiniyare/erp/internal/core/abac/attribute_service.go:1051.140,1076.2 1 0
github.com/niiniyare/erp/internal/core/abac/attribute_service.go:1078.203,1081.41 2 0
github.com/niiniyare/erp/internal/core/abac/attribute_service.go:1081.41,1083.3 1 0
github.com/niiniyare/erp/internal/core/abac/attribute_service.go:1085.2,1085.62 1 0
github.com/niiniyare/erp/internal/core/abac/attribute_service.go:1085.62,1087.3 1 0
github.com/niiniyare/erp/internal/core/abac/attribute_service.go:1089.2,1089.45 1 0
github.com/niiniyare/erp/internal/core/abac/attribute_service.go:1089.45,1091.3 1 0
github.com/niiniyare/erp/internal/core/abac/attribute_service.go:1093.2,1093.24 1 0
github.com/niiniyare/erp/internal/core/abac/attribute_service.go:1096.80,1100.38 3 0
github.com/niiniyare/erp/internal/core/abac/attribute_service.go:1100.38,1101.43 1 0
github.com/niiniyare/erp/internal/core/abac/attribute_service.go:1101.43,1103.4 1 0
github.com/niiniyare/erp/internal/core/abac/attribute_service.go:1106.2,1106.24 1 0
github.com/niiniyare/erp/internal/core/abac/attribute_service.go:1106.24,1108.39 2 0
github.com/niiniyare/erp/internal/core/abac/attribute_service.go:1108.39,1109.44 1 0
github.com/niiniyare/erp/internal/core/abac/attribute_service.go:1109.44,1111.5 1 0
github.com/niiniyare/erp/internal/core/abac/attribute_service.go:1115.2,1115.14 1 0
github.com/niiniyare/erp/internal/core/abac/attribute_service.go:1120.102,1122.29 2 0
github.com/niiniyare/erp/internal/core/abac/attribute_service.go:1122.29,1133.3 2 0
github.com/niiniyare/erp/internal/core/abac/attribute_service.go:1134.2,1134.18 1 0
github.com/niiniyare/erp/internal/core/abac/attribute_service.go:1137.97,1140.34 2 0
github.com/niiniyare/erp/internal/core/abac/attribute_service.go:1140.34,1142.3 1 0
github.com/niiniyare/erp/internal/core/abac/attribute_service.go:1143.2,1143.34 1 0
github.com/niiniyare/erp/internal/core/abac/attribute_service.go:1143.34,1145.3 1 0
github.com/niiniyare/erp/internal/core/abac/attribute_service.go:1146.2,1146.33 1 0
github.com/niiniyare/erp/internal/core/abac/attribute_service.go:1146.33,1148.3 1 0
github.com/niiniyare/erp/internal/core/abac/attribute_service.go:1149.2,1149.33 1 0
github.com/niiniyare/erp/internal/core/abac/attribute_service.go:1149.33,1151.3 1 0
github.com/niiniyare/erp/internal/core/abac/attribute_service.go:1152.2,1152.32 1 0
github.com/niiniyare/erp/internal/core/abac/attribute_service.go:1152.32,1154.3 1 0
github.com/niiniyare/erp/internal/core/abac/attribute_service.go:1155.2,1155.31 1 0
github.com/niiniyare/erp/internal/core/abac/attribute_service.go:1155.31,1157.3 1 0
github.com/niiniyare/erp/internal/core/abac/attribute_service.go:1159.2,1161.23 2 0
github.com/niiniyare/erp/internal/core/abac/attribute_service.go:1164.104,1172.37 2 0
github.com/niiniyare/erp/internal/core/abac/attribute_service.go:1172.37,1174.3 1 0
github.com/niiniyare/erp/internal/core/abac/attribute_service.go:1176.2,1176.20 1 0
github.com/niiniyare/erp/internal/core/abac/attribute_service.go:1196.151,1198.2 1 0
github.com/niiniyare/erp/internal/core/abac/attribute_service.go:1200.121,1202.2 1 0
github.com/niiniyare/erp/internal/core/abac/attribute_service.go:1204.153,1206.2 1 0
github.com/niiniyare/erp/internal/core/abac/attribute_service.go:1208.144,1210.2 1 0
github.com/niiniyare/erp/internal/core/abac/attribute_service.go:1212.107,1214.2 1 0
github.com/niiniyare/erp/internal/core/abac/attribute_service.go:1216.109,1218.2 1 0
github.com/niiniyare/erp/internal/core/abac/attribute_service.go:1220.145,1222.2 1 0
github.com/niiniyare/erp/internal/core/abac/attribute_service.go:1224.136,1226.2 1 0
github.com/niiniyare/erp/internal/core/abac/attribute_service.go:1228.141,1230.2 1 0
github.com/niiniyare/erp/internal/core/abac/attribute_service.go:1232.141,1234.2 1 0
github.com/niiniyare/erp/internal/core/abac/compatibility_layer.go:61.22,70.2 1 0
github.com/niiniyare/erp/internal/core/abac/compatibility_layer.go:165.122,184.24 9 0
github.com/niiniyare/erp/internal/core/abac/compatibility_layer.go:185.24,186.62 1 0
github.com/niiniyare/erp/internal/core/abac/compatibility_layer.go:187.26,188.85 1 0
github.com/niiniyare/erp/internal/core/abac/compatibility_layer.go:189.28,190.87 1 0
github.com/niiniyare/erp/internal/core/abac/compatibility_layer.go:191.28,192.87 1 0
github.com/niiniyare/erp/internal/core/abac/compatibility_layer.go:193.10,194.110 1 0
github.com/niiniyare/erp/internal/core/abac/compatibility_layer.go:198.2,215.18 5 0
github.com/niiniyare/erp/internal/core/abac/compatibility_layer.go:215.18,216.45 1 0
github.com/niiniyare/erp/internal/core/abac/compatibility_layer.go:216.45,218.5 1 0
github.com/niiniyare/erp/internal/core/abac/compatibility_layer.go:219.4,219.12 1 0
github.com/niiniyare/erp/internal/core/abac/compatibility_layer.go:223.2,232.20 2 0
github.com/niiniyare/erp/internal/core/abac/compatibility_layer.go:320.133,340.29 9 0
github.com/niiniyare/erp/internal/core/abac/compatibility_layer.go:341.27,342.60 1 0
github.com/niiniyare/erp/internal/core/abac/compatibility_layer.go:343.33,344.71 1 0
github.com/niiniyare/erp/internal/core/abac/compatibility_layer.go:345.32,346.64 1 0
github.com/niiniyare/erp/internal/core/abac/compatibility_layer.go:347.31,348.75 1 0
github.com/niiniyare/erp/internal/core/abac/compatibility_layer.go:349.10,350.110 1 0
github.com/niiniyare/erp/internal/core/abac/compatibility_layer.go:353.2,353.16 1 0
github.com/niiniyare/erp/internal/core/abac/compatibility_layer.go:353.16,356.3 2 0
github.com/niiniyare/erp/internal/core/abac/compatibility_layer.go:359.2,397.20 10 0
github.com/niiniyare/erp/internal/core/abac/compatibility_layer.go:543.140,598.2 15 0
github.com/niiniyare/erp/internal/core/abac/compatibility_layer.go:602.140,623.2 2 0
github.com/niiniyare/erp/internal/core/abac/compatibility_layer.go:625.158,637.2 3 0
github.com/niiniyare/erp/internal/core/abac/compatibility_layer.go:639.166,655.2 3 0
github.com/niiniyare/erp/internal/core/abac/compatibility_layer.go:657.166,660.2 1 0
github.com/niiniyare/erp/internal/core/abac/compatibility_layer.go:662.136,670.29 2 0
github.com/niiniyare/erp/internal/core/abac/compatibility_layer.go:670.29,671.41 1 0
github.com/niiniyare/erp/internal/core/abac/compatibility_layer.go:671.41,672.68 1 0
github.com/niiniyare/erp/internal/core/abac/compatibility_layer.go:672.68,674.5 1 0
github.com/niiniyare/erp/internal/core/abac/compatibility_layer.go:674.10,680.5 1 0
github.com/niiniyare/erp/internal/core/abac/compatibility_layer.go:684.2,684.15 1 0
github.com/niiniyare/erp/internal/core/abac/compatibility_layer.go:689.131,707.2 1 0
github.com/niiniyare/erp/internal/core/abac/compatibility_layer.go:709.143,713.39 2 0
github.com/niiniyare/erp/internal/core/abac/compatibility_layer.go:713.39,722.3 1 0
github.com/niiniyare/erp/internal/core/abac/compatibility_layer.go:724.2,724.24 1 0
github.com/niiniyare/erp/internal/core/abac/compatibility_layer.go:727.135,730.2 1 0
github.com/niiniyare/erp/internal/core/abac/compatibility_layer.go:732.150,734.16 2 0
github.com/niiniyare/erp/internal/core/abac/compatibility_layer.go:734.16,736.3 1 0
github.com/niiniyare/erp/internal/core/abac/compatibility_layer.go:738.2,739.16 2 0
github.com/niiniyare/erp/internal/core/abac/compatibility_layer.go:739.16,741.3 1 0
github.com/niiniyare/erp/internal/core/abac/compatibility_layer.go:743.2,743.34 1 0
github.com/niiniyare/erp/internal/core/abac/compatibility_layer.go:746.185,753.2 1 0
github.com/niiniyare/erp/internal/core/abac/compatibility_layer.go:755.185,768.2 1 0
github.com/niiniyare/erp/internal/core/abac/compatibility_layer.go:770.188,785.2 1 0
github.com/niiniyare/erp/internal/core/abac/compatibility_layer.go:789.124,799.2 1 0
github.com/niiniyare/erp/internal/core/abac/compatibility_layer.go:801.127,823.2 1 0
github.com/niiniyare/erp/internal/core/abac/compatibility_layer.go:825.126,828.31 2 0
github.com/niiniyare/erp/internal/core/abac/compatibility_layer.go:828.31,832.37 1 0
github.com/niiniyare/erp/internal/core/abac/compatibility_layer.go:832.37,833.31 1 0
github.com/niiniyare/erp/internal/core/abac/compatibility_layer.go:833.31,835.6 1 0
github.com/niiniyare/erp/internal/core/abac/compatibility_layer.go:836.5,836.22 1 0
github.com/niiniyare/erp/internal/core/abac/compatibility_layer.go:838.35,839.29 1 0
github.com/niiniyare/erp/internal/core/abac/compatibility_layer.go:839.29,841.6 1 0
github.com/niiniyare/erp/internal/core/abac/compatibility_layer.go:842.5,842.46 1 0
github.com/niiniyare/erp/internal/core/abac/compatibility_layer.go:845.3,845.37 1 0
github.com/niiniyare/erp/internal/core/abac/compatibility_layer.go:848.2,848.17 1 0
github.com/niiniyare/erp/internal/core/abac/compatibility_layer.go:851.128,854.31 2 0
github.com/niiniyare/erp/internal/core/abac/compatibility_layer.go:854.31,855.67 1 0
github.com/niiniyare/erp/internal/core/abac/compatibility_layer.go:855.67,864.4 1 0
github.com/niiniyare/erp/internal/core/abac/compatibility_layer.go:867.2,867.21 1 0
github.com/niiniyare/erp/internal/core/abac/compatibility_layer.go:870.113,873.31 2 0
github.com/niiniyare/erp/internal/core/abac/compatibility_layer.go:873.31,874.58 1 0
github.com/niiniyare/erp/internal/core/abac/compatibility_layer.go:874.58,876.4 1 0
github.com/niiniyare/erp/internal/core/abac/compatibility_layer.go:879.2,879.16 1 0
github.com/niiniyare/erp/internal/core/abac/compatibility_layer.go:895.140,897.2 1 0
github.com/niiniyare/erp/internal/core/abac/compatibility_layer.go:899.132,901.2 1 0
github.com/niiniyare/erp/internal/core/abac/compatibility_layer.go:903.140,905.2 1 0
github.com/niiniyare/erp/internal/core/abac/compatibility_layer.go:907.150,909.2 1 0
github.com/niiniyare/erp/internal/core/abac/compatibility_layer.go:911.143,913.2 1 0
github.com/niiniyare/erp/internal/core/abac/compatibility_layer_mock.go:32.75,36.2 3 0
github.com/niiniyare/erp/internal/core/abac/compatibility_layer_mock.go:39.73,41.2 1 0
github.com/niiniyare/erp/internal/core/abac/compatibility_layer_mock.go:44.89,50.2 5 0
github.com/niiniyare/erp/internal/core/abac/compatibility_layer_mock.go:53.86,56.2 2 0
github.com/niiniyare/erp/internal/core/abac/compatibility_layer_mock.go:71.81,75.2 3 0
github.com/niiniyare/erp/internal/core/abac/compatibility_layer_mock.go:78.79,80.2 1 0
github.com/niiniyare/erp/internal/core/abac/compatibility_layer_mock.go:83.143,89.2 5 0
github.com/niiniyare/erp/internal/core/abac/compatibility_layer_mock.go:92.100,95.2 2 0
github.com/niiniyare/erp/internal/core/abac/compatibility_layer_mock.go:98.135,104.2 5 0
github.com/niiniyare/erp/internal/core/abac/compatibility_layer_mock.go:107.97,110.2 2 0
github.com/niiniyare/erp/internal/core/abac/compatibility_layer_mock.go:113.125,119.2 5 0
github.com/niiniyare/erp/internal/core/abac/compatibility_layer_mock.go:122.93,125.2 2 0
github.com/niiniyare/erp/internal/core/abac/compatibility_layer_mock.go:128.143,134.2 5 0
github.com/niiniyare/erp/internal/core/abac/compatibility_layer_mock.go:137.99,140.2 2 0
github.com/niiniyare/erp/internal/core/abac/compatibility_layer_mock.go:143.143,149.2 5 0
github.com/niiniyare/erp/internal/core/abac/compatibility_layer_mock.go:152.95,155.2 2 0
github.com/niiniyare/erp/internal/core/abac/compatibility_layer_mock.go:158.146,164.2 5 0
github.com/niiniyare/erp/internal/core/abac/compatibility_layer_mock.go:167.102,170.2 2 0
github.com/niiniyare/erp/internal/core/abac/compatibility_layer_mock.go:173.153,179.2 5 0
github.com/niiniyare/erp/internal/core/abac/compatibility_layer_mock.go:182.95,185.2 2 0
github.com/niiniyare/erp/internal/core/abac/compatibility_layer_mock.go:188.136,194.2 5 0
github.com/niiniyare/erp/internal/core/abac/compatibility_layer_mock.go:197.94,200.2 2 0
github.com/niiniyare/erp/internal/core/abac/evaluation_cache.go:19.44,28.16 2 0
github.com/niiniyare/erp/internal/core/abac/evaluation_cache.go:28.16,31.67 1 0
github.com/niiniyare/erp/internal/core/abac/evaluation_cache.go:33.2,33.39 1 0
github.com/niiniyare/erp/internal/core/abac/evaluation_cache.go:37.94,39.16 2 0
github.com/niiniyare/erp/internal/core/abac/evaluation_cache.go:39.16,44.3 2 0
github.com/niiniyare/erp/internal/core/abac/evaluation_cache.go:46.2,47.12 2 0
github.com/niiniyare/erp/internal/core/abac/evaluation_cache.go:47.12,49.3 1 0
github.com/niiniyare/erp/internal/core/abac/evaluation_cache.go:51.2,51.18 1 0
github.com/niiniyare/erp/internal/core/abac/evaluation_cache.go:51.18,54.3 2 0
github.com/niiniyare/erp/internal/core/abac/evaluation_cache.go:56.2,56.20 1 0
github.com/niiniyare/erp/internal/core/abac/evaluation_cache.go:60.94,61.32 1 0
github.com/niiniyare/erp/internal/core/abac/evaluation_cache.go:61.32,63.3 1 0
github.com/niiniyare/erp/internal/core/abac/evaluation_cache.go:65.2,66.16 2 0
github.com/niiniyare/erp/internal/core/abac/evaluation_cache.go:66.16,69.3 2 0
github.com/niiniyare/erp/internal/core/abac/evaluation_cache.go:72.2,73.14 2 0
github.com/niiniyare/erp/internal/core/abac/evaluation_cache.go:73.14,75.3 1 0
github.com/niiniyare/erp/internal/core/abac/evaluation_cache.go:79.2,79.42 1 0
github.com/niiniyare/erp/internal/core/abac/evaluation_cache.go:83.91,102.16 3 0
github.com/niiniyare/erp/internal/core/abac/evaluation_cache.go:102.16,104.3 1 0
github.com/niiniyare/erp/internal/core/abac/evaluation_cache.go:107.2,108.37 2 0
github.com/niiniyare/erp/internal/core/abac/external_sources.go:212.34,224.2 1 0
github.com/niiniyare/erp/internal/core/abac/external_sources.go:309.138,316.2 1 0
github.com/niiniyare/erp/internal/core/abac/external_sources.go:318.116,320.15 2 0
github.com/niiniyare/erp/internal/core/abac/external_sources.go:320.15,323.3 1 0
github.com/niiniyare/erp/internal/core/abac/external_sources.go:325.2,326.16 2 0
github.com/niiniyare/erp/internal/core/abac/external_sources.go:326.16,329.3 2 0
github.com/niiniyare/erp/internal/core/abac/external_sources.go:330.2,337.53 3 0
github.com/niiniyare/erp/internal/core/abac/external_sources.go:337.53,339.3 1 0
github.com/niiniyare/erp/internal/core/abac/external_sources.go:379.2,379.17 1 0
github.com/niiniyare/erp/internal/core/abac/external_sources.go:391.147,402.2 2 0
github.com/niiniyare/erp/internal/core/abac/external_sources.go:404.119,406.15 2 0
github.com/niiniyare/erp/internal/core/abac/external_sources.go:406.15,409.3 1 0
github.com/niiniyare/erp/internal/core/abac/external_sources.go:411.2,412.13 2 0
github.com/niiniyare/erp/internal/core/abac/external_sources.go:412.13,414.3 1 0
github.com/niiniyare/erp/internal/core/abac/external_sources.go:417.2,420.16 3 0
github.com/niiniyare/erp/internal/core/abac/external_sources.go:420.16,422.3 1 0
github.com/niiniyare/erp/internal/core/abac/external_sources.go:425.2,425.51 1 0
github.com/niiniyare/erp/internal/core/abac/external_sources.go:425.51,427.3 1 0
github.com/niiniyare/erp/internal/core/abac/external_sources.go:430.2,430.52 1 0
github.com/niiniyare/erp/internal/core/abac/external_sources.go:430.52,432.3 1 0
github.com/niiniyare/erp/internal/core/abac/external_sources.go:434.2,435.16 2 0
github.com/niiniyare/erp/internal/core/abac/external_sources.go:435.16,438.3 2 0
github.com/niiniyare/erp/internal/core/abac/external_sources.go:439.2,441.38 2 0
github.com/niiniyare/erp/internal/core/abac/external_sources.go:441.38,445.3 2 0
github.com/niiniyare/erp/internal/core/abac/external_sources.go:447.2,448.69 2 0
github.com/niiniyare/erp/internal/core/abac/external_sources.go:448.69,450.3 1 0
github.com/niiniyare/erp/internal/core/abac/external_sources.go:453.2,454.37 2 0
github.com/niiniyare/erp/internal/core/abac/external_sources.go:454.37,455.64 1 0
github.com/niiniyare/erp/internal/core/abac/external_sources.go:455.64,456.51 1 0
github.com/niiniyare/erp/internal/core/abac/external_sources.go:456.51,458.5 1 0
github.com/niiniyare/erp/internal/core/abac/external_sources.go:460.8,463.3 1 0
github.com/niiniyare/erp/internal/core/abac/external_sources.go:465.2,468.24 2 0
github.com/niiniyare/erp/internal/core/abac/external_sources.go:471.82,472.31 1 0
github.com/niiniyare/erp/internal/core/abac/external_sources.go:473.27,474.72 1 0
github.com/niiniyare/erp/internal/core/abac/external_sources.go:474.72,475.33 1 0
github.com/niiniyare/erp/internal/core/abac/external_sources.go:476.30,477.64 1 0
github.com/niiniyare/erp/internal/core/abac/external_sources.go:478.29,481.34 3 0
github.com/niiniyare/erp/internal/core/abac/external_sources.go:484.27,485.77 1 0
github.com/niiniyare/erp/internal/core/abac/external_sources.go:485.77,487.4 1 0
github.com/niiniyare/erp/internal/core/abac/external_sources.go:488.26,489.70 1 0
github.com/niiniyare/erp/internal/core/abac/external_sources.go:489.70,491.4 1 0
github.com/niiniyare/erp/internal/core/abac/external_sources.go:493.2,493.12 1 0
github.com/niiniyare/erp/internal/core/abac/external_sources.go:498.151,502.71 3 0
github.com/niiniyare/erp/internal/core/abac/external_sources.go:502.71,504.3 1 0
github.com/niiniyare/erp/internal/core/abac/external_sources.go:506.2,541.20 9 0
github.com/niiniyare/erp/internal/core/abac/external_sources.go:544.157,548.77 3 0
github.com/niiniyare/erp/internal/core/abac/external_sources.go:548.77,550.3 1 0
github.com/niiniyare/erp/internal/core/abac/external_sources.go:552.2,591.20 10 0
github.com/niiniyare/erp/internal/core/abac/external_sources.go:594.159,596.2 1 0
github.com/niiniyare/erp/internal/core/abac/external_sources.go:598.155,600.2 1 0
github.com/niiniyare/erp/internal/core/abac/external_sources.go:602.157,604.2 1 0
github.com/niiniyare/erp/internal/core/abac/external_sources.go:606.146,608.2 1 0
github.com/niiniyare/erp/internal/core/abac/external_sources.go:610.157,612.2 1 0
github.com/niiniyare/erp/internal/core/abac/external_sources.go:614.144,616.2 1 0
github.com/niiniyare/erp/internal/core/abac/external_sources.go:618.167,620.2 1 0
github.com/niiniyare/erp/internal/core/abac/external_sources.go:622.139,624.2 1 0
github.com/niiniyare/erp/internal/core/abac/external_sources.go:626.142,628.2 1 0
github.com/niiniyare/erp/internal/core/abac/external_sources.go:630.155,632.2 1 0
github.com/niiniyare/erp/internal/core/abac/external_sources.go:634.137,636.2 1 0
github.com/niiniyare/erp/internal/core/abac/external_sources.go:734.58,736.2 1 0
github.com/niiniyare/erp/internal/core/abac/external_sources.go:749.63,751.2 1 0
github.com/niiniyare/erp/internal/core/abac/external_sources.go:758.57,760.2 1 0
github.com/niiniyare/erp/internal/core/abac/external_sources.go:778.75,783.2 1 0
github.com/niiniyare/erp/internal/core/abac/external_sources.go:785.81,786.9 1 0
github.com/niiniyare/erp/internal/core/abac/external_sources.go:787.34,788.19 1 0
github.com/niiniyare/erp/internal/core/abac/external_sources.go:789.10,790.33 1 0
github.com/niiniyare/erp/internal/core/abac/external_sources.go:794.60,795.9 1 0
github.com/niiniyare/erp/internal/core/abac/external_sources.go:796.32,796.32 0 0
github.com/niiniyare/erp/internal/core/abac/external_sources.go:797.10,797.10 0 0
github.com/niiniyare/erp/internal/core/abac/external_sources.go:802.65,808.24 3 0
github.com/niiniyare/erp/internal/core/abac/external_sources.go:808.24,812.35 2 0
github.com/niiniyare/erp/internal/core/abac/external_sources.go:812.35,814.4 1 0
github.com/niiniyare/erp/internal/core/abac/external_sources.go:816.9,818.3 0 0
github.com/niiniyare/erp/internal/core/abac/external_sources.go:820.2,820.16 1 0
github.com/niiniyare/erp/internal/core/abac/external_sources.go:820.16,822.3 1 0
github.com/niiniyare/erp/internal/core/abac/external_sources.go:831.2,831.18 1 0
github.com/niiniyare/erp/internal/core/abac/external_sources.go:885.104,886.19 1 0
github.com/niiniyare/erp/internal/core/abac/external_sources.go:886.19,888.3 1 0
github.com/niiniyare/erp/internal/core/abac/external_sources.go:890.2,890.23 1 0
github.com/niiniyare/erp/internal/core/abac/external_sources.go:890.23,892.3 1 0
github.com/niiniyare/erp/internal/core/abac/external_sources.go:894.2,894.45 1 0
github.com/niiniyare/erp/internal/core/abac/external_sources.go:894.45,896.3 1 0
github.com/niiniyare/erp/internal/core/abac/external_sources.go:898.2,898.25 1 0
github.com/niiniyare/erp/internal/core/abac/external_sources.go:898.25,900.3 1 0
github.com/niiniyare/erp/internal/core/abac/external_sources.go:902.2,902.25 1 0
github.com/niiniyare/erp/internal/core/abac/external_sources.go:902.25,904.3 1 0
github.com/niiniyare/erp/internal/core/abac/external_sources.go:906.2,906.31 1 0
github.com/niiniyare/erp/internal/core/abac/external_sources.go:906.31,908.3 1 0
github.com/niiniyare/erp/internal/core/abac/external_sources.go:910.2,910.40 1 0
github.com/niiniyare/erp/internal/core/abac/external_sources.go:910.40,912.3 1 0
github.com/niiniyare/erp/internal/core/abac/external_sources.go:914.2,914.12 1 0
github.com/niiniyare/erp/internal/core/abac/external_sources.go:917.110,918.19 1 0
github.com/niiniyare/erp/internal/core/abac/external_sources.go:918.19,920.3 1 0
github.com/niiniyare/erp/internal/core/abac/external_sources.go:922.2,922.26 1 0
github.com/niiniyare/erp/internal/core/abac/external_sources.go:922.26,924.3 1 0
github.com/niiniyare/erp/internal/core/abac/external_sources.go:926.2,926.32 1 0
github.com/niiniyare/erp/internal/core/abac/external_sources.go:926.32,928.3 1 0
github.com/niiniyare/erp/internal/core/abac/external_sources.go:930.2,930.12 1 0
github.com/niiniyare/erp/internal/core/abac/external_sources.go:933.146,940.2 1 0
github.com/niiniyare/erp/internal/core/abac/external_sources.go:943.161,951.2 1 0
github.com/niiniyare/erp/internal/core/abac/external_sources.go:954.114,957.2 1 0
github.com/niiniyare/erp/internal/core/abac/external_sources.go:966.60,970.2 1 0
github.com/niiniyare/erp/internal/core/abac/external_sources.go:972.90,976.2 3 0
github.com/niiniyare/erp/internal/core/abac/external_sources.go:983.68,987.2 1 0
github.com/niiniyare/erp/internal/core/abac/external_sources.go:989.94,991.2 0 0
github.com/niiniyare/erp/internal/core/abac/external_sources.go:998.62,1002.2 1 0
github.com/niiniyare/erp/internal/core/abac/hybrid_evaluator.go:40.19,49.2 1 0
github.com/niiniyare/erp/internal/core/abac/hybrid_evaluator.go:158.86,160.9 2 0
github.com/niiniyare/erp/internal/core/abac/hybrid_evaluator.go:160.9,162.3 1 0
github.com/niiniyare/erp/internal/core/abac/hybrid_evaluator.go:163.2,189.34 10 0
github.com/niiniyare/erp/internal/core/abac/hybrid_evaluator.go:190.20,191.100 1 0
github.com/niiniyare/erp/internal/core/abac/hybrid_evaluator.go:192.20,193.100 1 0
github.com/niiniyare/erp/internal/core/abac/hybrid_evaluator.go:194.21,195.89 1 0
github.com/niiniyare/erp/internal/core/abac/hybrid_evaluator.go:196.21,197.89 1 0
github.com/niiniyare/erp/internal/core/abac/hybrid_evaluator.go:198.15,199.96 1 0
github.com/niiniyare/erp/internal/core/abac/hybrid_evaluator.go:200.19,201.100 1 0
github.com/niiniyare/erp/internal/core/abac/hybrid_evaluator.go:202.10,203.37 1 0
github.com/niiniyare/erp/internal/core/abac/hybrid_evaluator.go:206.2,206.16 1 0
github.com/niiniyare/erp/internal/core/abac/hybrid_evaluator.go:206.16,209.3 2 0
github.com/niiniyare/erp/internal/core/abac/hybrid_evaluator.go:211.2,215.44 3 0
github.com/niiniyare/erp/internal/core/abac/hybrid_evaluator.go:215.44,217.3 1 0
github.com/niiniyare/erp/internal/core/abac/hybrid_evaluator.go:220.2,221.94 2 0
github.com/niiniyare/erp/internal/core/abac/hybrid_evaluator.go:221.94,223.17 2 0
github.com/niiniyare/erp/internal/core/abac/hybrid_evaluator.go:223.17,225.4 1 0
github.com/niiniyare/erp/internal/core/abac/hybrid_evaluator.go:225.9,225.48 1 0
github.com/niiniyare/erp/internal/core/abac/hybrid_evaluator.go:225.48,229.4 3 0
github.com/niiniyare/erp/internal/core/abac/hybrid_evaluator.go:233.2,235.48 3 0
github.com/niiniyare/erp/internal/core/abac/hybrid_evaluator.go:235.48,237.3 1 0
github.com/niiniyare/erp/internal/core/abac/hybrid_evaluator.go:238.2,262.20 5 0
github.com/niiniyare/erp/internal/core/abac/hybrid_evaluator.go:310.155,386.2 17 0
github.com/niiniyare/erp/internal/core/abac/hybrid_evaluator.go:481.146,532.37 8 0
github.com/niiniyare/erp/internal/core/abac/hybrid_evaluator.go:532.37,532.86 2 0
github.com/niiniyare/erp/internal/core/abac/hybrid_evaluator.go:548.2,561.20 4 0
github.com/niiniyare/erp/internal/core/abac/hybrid_evaluator.go:566.199,569.16 2 0
github.com/niiniyare/erp/internal/core/abac/hybrid_evaluator.go:569.16,571.3 1 0
github.com/niiniyare/erp/internal/core/abac/hybrid_evaluator.go:573.2,573.54 1 0
github.com/niiniyare/erp/internal/core/abac/hybrid_evaluator.go:573.54,575.3 1 0
github.com/niiniyare/erp/internal/core/abac/hybrid_evaluator.go:578.2,579.16 2 0
github.com/niiniyare/erp/internal/core/abac/hybrid_evaluator.go:579.16,581.3 1 0
github.com/niiniyare/erp/internal/core/abac/hybrid_evaluator.go:583.2,583.81 1 0
github.com/niiniyare/erp/internal/core/abac/hybrid_evaluator.go:586.199,589.16 2 0
github.com/niiniyare/erp/internal/core/abac/hybrid_evaluator.go:589.16,591.3 1 0
github.com/niiniyare/erp/internal/core/abac/hybrid_evaluator.go:593.2,593.54 1 0
github.com/niiniyare/erp/internal/core/abac/hybrid_evaluator.go:593.54,595.3 1 0
github.com/niiniyare/erp/internal/core/abac/hybrid_evaluator.go:598.2,599.16 2 0
github.com/niiniyare/erp/internal/core/abac/hybrid_evaluator.go:599.16,601.3 1 0
github.com/niiniyare/erp/internal/core/abac/hybrid_evaluator.go:603.2,603.81 1 0
github.com/niiniyare/erp/internal/core/abac/hybrid_evaluator.go:606.177,608.16 2 0
github.com/niiniyare/erp/internal/core/abac/hybrid_evaluator.go:608.16,610.3 1 0
github.com/niiniyare/erp/internal/core/abac/hybrid_evaluator.go:611.2,611.65 1 0
github.com/niiniyare/erp/internal/core/abac/hybrid_evaluator.go:614.177,616.16 2 0
github.com/niiniyare/erp/internal/core/abac/hybrid_evaluator.go:616.16,618.3 1 0
github.com/niiniyare/erp/internal/core/abac/hybrid_evaluator.go:619.2,619.65 1 0
github.com/niiniyare/erp/internal/core/abac/hybrid_evaluator.go:622.195,626.38 3 0
github.com/niiniyare/erp/internal/core/abac/hybrid_evaluator.go:626.38,628.3 1 0
github.com/niiniyare/erp/internal/core/abac/hybrid_evaluator.go:630.2,632.75 2 0
github.com/niiniyare/erp/internal/core/abac/hybrid_evaluator.go:632.75,634.3 1 0
github.com/niiniyare/erp/internal/core/abac/hybrid_evaluator.go:636.2,636.78 1 0
github.com/niiniyare/erp/internal/core/abac/hybrid_evaluator.go:639.199,643.38 3 0
github.com/niiniyare/erp/internal/core/abac/hybrid_evaluator.go:643.38,645.3 1 0
github.com/niiniyare/erp/internal/core/abac/hybrid_evaluator.go:647.2,648.106 2 0
github.com/niiniyare/erp/internal/core/abac/hybrid_evaluator.go:648.106,650.3 1 0
github.com/niiniyare/erp/internal/core/abac/hybrid_evaluator.go:652.2,652.82 1 0
github.com/niiniyare/erp/internal/core/abac/hybrid_evaluator.go:656.123,671.2 1 0
github.com/niiniyare/erp/internal/core/abac/hybrid_evaluator.go:673.123,685.2 1 0
github.com/niiniyare/erp/internal/core/abac/hybrid_evaluator.go:687.215,692.22 3 0
github.com/niiniyare/erp/internal/core/abac/hybrid_evaluator.go:692.22,701.3 1 0
github.com/niiniyare/erp/internal/core/abac/hybrid_evaluator.go:704.2,705.22 2 0
github.com/niiniyare/erp/internal/core/abac/hybrid_evaluator.go:705.22,707.3 1 0
github.com/niiniyare/erp/internal/core/abac/hybrid_evaluator.go:709.2,725.3 1 0
github.com/niiniyare/erp/internal/core/abac/hybrid_evaluator.go:728.206,736.42 1 0
github.com/niiniyare/erp/internal/core/abac/hybrid_evaluator.go:736.42,736.77 2 0
github.com/niiniyare/erp/internal/core/abac/migration_engine.go:53.19,61.2 1 0
github.com/niiniyare/erp/internal/core/abac/migration_engine.go:242.126,261.16 6 0
github.com/niiniyare/erp/internal/core/abac/migration_engine.go:261.16,264.3 2 0
github.com/niiniyare/erp/internal/core/abac/migration_engine.go:267.2,280.38 6 0
github.com/niiniyare/erp/internal/core/abac/migration_engine.go:280.38,282.3 1 0
github.com/niiniyare/erp/internal/core/abac/migration_engine.go:284.2,300.20 5 0
github.com/niiniyare/erp/internal/core/abac/migration_engine.go:366.127,421.2 11 0
github.com/niiniyare/erp/internal/core/abac/migration_engine.go:425.124,501.2 8 0
github.com/niiniyare/erp/internal/core/abac/migration_engine.go:503.114,506.29 2 0
github.com/niiniyare/erp/internal/core/abac/migration_engine.go:506.29,507.43 1 0
github.com/niiniyare/erp/internal/core/abac/migration_engine.go:507.43,514.4 1 0
github.com/niiniyare/erp/internal/core/abac/migration_engine.go:517.2,517.21 1 0
github.com/niiniyare/erp/internal/core/abac/migration_engine.go:520.145,555.2 1 0
github.com/niiniyare/erp/internal/core/abac/migration_engine.go:557.122,581.2 1 0
github.com/niiniyare/erp/internal/core/abac/migration_engine.go:583.143,600.2 1 0
github.com/niiniyare/erp/internal/core/abac/migration_engine.go:604.140,610.2 1 0
github.com/niiniyare/erp/internal/core/abac/migration_engine.go:613.125,615.2 1 0
github.com/niiniyare/erp/internal/core/abac/migration_engine.go:617.139,619.2 1 0
github.com/niiniyare/erp/internal/core/abac/migration_engine.go:621.133,623.2 1 0
github.com/niiniyare/erp/internal/core/abac/migration_engine.go:625.117,627.2 1 0
github.com/niiniyare/erp/internal/core/abac/migration_engine.go:629.109,631.2 1 0
github.com/niiniyare/erp/internal/core/abac/migration_engine.go:633.112,635.2 1 0
github.com/niiniyare/erp/internal/core/abac/mock.go:34.75,38.2 3 0
github.com/niiniyare/erp/internal/core/abac/mock.go:41.73,43.2 1 0
github.com/niiniyare/erp/internal/core/abac/mock.go:46.155,52.2 5 0
github.com/niiniyare/erp/internal/core/abac/mock.go:55.95,58.2 2 0
github.com/niiniyare/erp/internal/core/abac/mock.go:61.155,67.2 5 0
github.com/niiniyare/erp/internal/core/abac/mock.go:70.100,73.2 2 0
github.com/niiniyare/erp/internal/core/abac/mock.go:76.138,82.2 5 0
github.com/niiniyare/erp/internal/core/abac/mock.go:85.107,88.2 2 0
github.com/niiniyare/erp/internal/core/abac/mock.go:91.92,96.2 4 0
github.com/niiniyare/erp/internal/core/abac/mock.go:99.93,102.2 2 0
github.com/niiniyare/erp/internal/core/abac/mock.go:105.142,111.2 5 0
github.com/niiniyare/erp/internal/core/abac/mock.go:114.90,117.2 2 0
github.com/niiniyare/erp/internal/core/abac/mock.go:120.142,126.2 5 0
github.com/niiniyare/erp/internal/core/abac/mock.go:129.95,132.2 2 0
github.com/niiniyare/erp/internal/core/abac/mock.go:135.112,141.2 5 0
github.com/niiniyare/erp/internal/core/abac/mock.go:144.85,147.2 2 0
github.com/niiniyare/erp/internal/core/abac/mock.go:150.133,156.2 5 0
github.com/niiniyare/erp/internal/core/abac/mock.go:159.100,162.2 2 0
github.com/niiniyare/erp/internal/core/abac/mock.go:165.154,171.2 5 0
github.com/niiniyare/erp/internal/core/abac/mock.go:174.112,177.2 2 0
github.com/niiniyare/erp/internal/core/abac/mock.go:180.114,186.2 5 0
github.com/niiniyare/erp/internal/core/abac/mock.go:189.96,192.2 2 0
github.com/niiniyare/erp/internal/core/abac/mock.go:195.135,201.2 5 0
github.com/niiniyare/erp/internal/core/abac/mock.go:204.92,207.2 2 0
github.com/niiniyare/erp/internal/core/abac/mock.go:210.103,215.2 4 0
github.com/niiniyare/erp/internal/core/abac/mock.go:218.99,221.2 2 0
github.com/niiniyare/erp/internal/core/abac/mock.go:224.96,229.2 4 0
github.com/niiniyare/erp/internal/core/abac/mock.go:232.94,235.2 2 0
github.com/niiniyare/erp/internal/core/abac/mock.go:238.101,244.2 5 0
github.com/niiniyare/erp/internal/core/abac/mock.go:247.92,250.2 2 0
github.com/niiniyare/erp/internal/core/abac/mock.go:253.130,259.2 5 0
github.com/niiniyare/erp/internal/core/abac/mock.go:262.100,265.2 2 0
github.com/niiniyare/erp/internal/core/abac/mock.go:268.114,274.2 5 0
github.com/niiniyare/erp/internal/core/abac/mock.go:277.82,280.2 2 0
github.com/niiniyare/erp/internal/core/abac/monitoring_service.go:75.21,88.2 1 0
github.com/niiniyare/erp/internal/core/abac/monitoring_service.go:244.112,273.23 6 0
github.com/niiniyare/erp/internal/core/abac/monitoring_service.go:273.23,279.3 1 0
github.com/niiniyare/erp/internal/core/abac/monitoring_service.go:282.2,284.16 3 0
github.com/niiniyare/erp/internal/core/abac/monitoring_service.go:284.16,286.3 1 0
github.com/niiniyare/erp/internal/core/abac/monitoring_service.go:288.2,297.12 2 0
github.com/niiniyare/erp/internal/core/abac/monitoring_service.go:470.103,484.86 4 0
github.com/niiniyare/erp/internal/core/abac/monitoring_service.go:484.86,485.13 1 0
github.com/niiniyare/erp/internal/core/abac/monitoring_service.go:485.13,488.4 2 0
github.com/niiniyare/erp/internal/core/abac/monitoring_service.go:492.2,510.12 3 0
github.com/niiniyare/erp/internal/core/abac/monitoring_service.go:679.38,685.2 1 0
github.com/niiniyare/erp/internal/core/abac/monitoring_service.go:687.79,693.2 4 0
github.com/niiniyare/erp/internal/core/abac/monitoring_service.go:695.70,701.2 4 0
github.com/niiniyare/erp/internal/core/abac/monitoring_service.go:703.94,712.2 4 0
github.com/niiniyare/erp/internal/core/abac/monitoring_service.go:714.104,717.46 2 0
github.com/niiniyare/erp/internal/core/abac/monitoring_service.go:717.46,719.108 1 0
github.com/niiniyare/erp/internal/core/abac/monitoring_service.go:719.108,720.12 1 0
github.com/niiniyare/erp/internal/core/abac/monitoring_service.go:724.3,725.40 2 0
github.com/niiniyare/erp/internal/core/abac/monitoring_service.go:725.40,726.41 1 0
github.com/niiniyare/erp/internal/core/abac/monitoring_service.go:726.41,728.10 2 0
github.com/niiniyare/erp/internal/core/abac/monitoring_service.go:732.3,732.21 1 0
github.com/niiniyare/erp/internal/core/abac/monitoring_service.go:732.21,734.4 1 0
github.com/niiniyare/erp/internal/core/abac/monitoring_service.go:737.2,737.17 1 0
github.com/niiniyare/erp/internal/core/abac/monitoring_service.go:740.98,742.26 1 0
github.com/niiniyare/erp/internal/core/abac/monitoring_service.go:743.23,744.51 1 0
github.com/niiniyare/erp/internal/core/abac/monitoring_service.go:745.16,746.45 1 0
github.com/niiniyare/erp/internal/core/abac/monitoring_service.go:747.18,748.55 1 0
github.com/niiniyare/erp/internal/core/abac/monitoring_service.go:749.19,750.47 1 0
github.com/niiniyare/erp/internal/core/abac/monitoring_service.go:751.10,752.14 1 0
github.com/niiniyare/erp/internal/core/abac/monitoring_service.go:756.135,757.23 1 0
github.com/niiniyare/erp/internal/core/abac/monitoring_service.go:757.23,762.3 1 0
github.com/niiniyare/erp/internal/core/abac/monitoring_service.go:765.2,771.33 6 0
github.com/niiniyare/erp/internal/core/abac/monitoring_service.go:771.33,775.26 3 0
github.com/niiniyare/erp/internal/core/abac/monitoring_service.go:776.34,777.16 1 0
github.com/niiniyare/erp/internal/core/abac/monitoring_service.go:778.33,779.15 1 0
github.com/niiniyare/erp/internal/core/abac/monitoring_service.go:780.11,781.24 1 0
github.com/niiniyare/erp/internal/core/abac/monitoring_service.go:784.3,784.27 1 0
github.com/niiniyare/erp/internal/core/abac/monitoring_service.go:784.27,786.4 1 0
github.com/niiniyare/erp/internal/core/abac/monitoring_service.go:788.3,788.22 1 0
github.com/niiniyare/erp/internal/core/abac/monitoring_service.go:788.22,790.4 1 0
github.com/niiniyare/erp/internal/core/abac/monitoring_service.go:790.9,792.4 1 0
github.com/niiniyare/erp/internal/core/abac/monitoring_service.go:796.2,796.44 1 0
github.com/niiniyare/erp/internal/core/abac/monitoring_service.go:796.44,798.3 1 0
github.com/niiniyare/erp/internal/core/abac/monitoring_service.go:800.2,860.3 11 0
github.com/niiniyare/erp/internal/core/abac/monitoring_service.go:863.45,867.46 3 0
github.com/niiniyare/erp/internal/core/abac/monitoring_service.go:867.46,868.37 1 0
github.com/niiniyare/erp/internal/core/abac/monitoring_service.go:868.37,870.4 1 0
github.com/niiniyare/erp/internal/core/abac/monitoring_service.go:872.2,872.33 1 0
github.com/niiniyare/erp/internal/core/abac/monitoring_service.go:875.44,879.42 3 0
github.com/niiniyare/erp/internal/core/abac/monitoring_service.go:879.42,880.36 1 0
github.com/niiniyare/erp/internal/core/abac/monitoring_service.go:880.36,882.4 1 0
github.com/niiniyare/erp/internal/core/abac/monitoring_service.go:884.2,884.30 1 0
github.com/niiniyare/erp/internal/core/abac/monitoring_service.go:943.38,947.2 1 0
github.com/niiniyare/erp/internal/core/abac/monitoring_service.go:965.44,969.2 1 0
github.com/niiniyare/erp/internal/core/abac/monitoring_service.go:971.127,979.13 5 0
github.com/niiniyare/erp/internal/core/abac/monitoring_service.go:979.13,982.3 1 0
github.com/niiniyare/erp/internal/core/abac/monitoring_service.go:985.2,988.33 3 0
github.com/niiniyare/erp/internal/core/abac/monitoring_service.go:988.33,1006.3 2 0
github.com/niiniyare/erp/internal/core/abac/monitoring_service.go:1008.2,1008.17 1 0
github.com/niiniyare/erp/internal/core/abac/monitoring_service.go:1037.40,1041.2 1 0
github.com/niiniyare/erp/internal/core/abac/monitoring_service.go:1045.126,1047.2 1 0
github.com/niiniyare/erp/internal/core/abac/monitoring_service.go:1049.134,1058.2 1 0
github.com/niiniyare/erp/internal/core/abac/monitoring_service.go:1060.130,1072.2 1 0
github.com/niiniyare/erp/internal/core/abac/monitoring_service.go:1074.105,1076.48 1 0
github.com/niiniyare/erp/internal/core/abac/monitoring_service.go:1076.48,1084.3 1 0
github.com/niiniyare/erp/internal/core/abac/monitoring_service.go:1103.135,1105.2 1 0
github.com/niiniyare/erp/internal/core/abac/monitoring_service.go:1107.104,1109.2 1 0
github.com/niiniyare/erp/internal/core/abac/monitoring_service.go:1111.118,1113.2 1 0
github.com/niiniyare/erp/internal/core/abac/monitoring_service.go:1115.96,1117.2 1 0
github.com/niiniyare/erp/internal/core/abac/monitoring_service.go:1119.119,1121.2 1 0
github.com/niiniyare/erp/internal/core/abac/monitoring_service.go:1123.123,1125.2 1 0
github.com/niiniyare/erp/internal/core/abac/monitoring_service.go:1127.96,1129.2 1 0
github.com/niiniyare/erp/internal/core/abac/monitoring_service.go:1131.119,1133.2 1 0
github.com/niiniyare/erp/internal/core/abac/performance_optimizer.go:79.24,92.2 1 0
github.com/niiniyare/erp/internal/core/abac/performance_optimizer.go:182.36,188.2 1 0
github.com/niiniyare/erp/internal/core/abac/performance_optimizer.go:190.42,196.2 1 0
github.com/niiniyare/erp/internal/core/abac/performance_optimizer.go:198.126,221.2 7 0
github.com/niiniyare/erp/internal/core/abac/performance_optimizer.go:223.105,242.2 5 0
github.com/niiniyare/erp/internal/core/abac/performance_optimizer.go:317.129,336.27 6 0
github.com/niiniyare/erp/internal/core/abac/performance_optimizer.go:336.27,338.3 1 0
github.com/niiniyare/erp/internal/core/abac/performance_optimizer.go:341.2,347.47 5 0
github.com/niiniyare/erp/internal/core/abac/performance_optimizer.go:347.47,350.3 2 0
github.com/niiniyare/erp/internal/core/abac/performance_optimizer.go:353.2,353.12 1 0
github.com/niiniyare/erp/internal/core/abac/performance_optimizer.go:353.12,355.40 2 0
github.com/niiniyare/erp/internal/core/abac/performance_optimizer.go:355.40,358.4 2 0
github.com/niiniyare/erp/internal/core/abac/performance_optimizer.go:362.2,362.12 1 0
github.com/niiniyare/erp/internal/core/abac/performance_optimizer.go:362.12,366.3 3 0
github.com/niiniyare/erp/internal/core/abac/performance_optimizer.go:369.2,374.30 5 0
github.com/niiniyare/erp/internal/core/abac/performance_optimizer.go:374.30,377.22 3 0
github.com/niiniyare/erp/internal/core/abac/performance_optimizer.go:377.22,379.4 1 0
github.com/niiniyare/erp/internal/core/abac/performance_optimizer.go:382.2,382.32 1 0
github.com/niiniyare/erp/internal/core/abac/performance_optimizer.go:382.32,384.3 1 0
github.com/niiniyare/erp/internal/core/abac/performance_optimizer.go:386.2,420.20 8 0
github.com/niiniyare/erp/internal/core/abac/performance_optimizer.go:509.124,528.16 6 0
github.com/niiniyare/erp/internal/core/abac/performance_optimizer.go:528.16,531.3 2 0
github.com/niiniyare/erp/internal/core/abac/performance_optimizer.go:534.2,535.16 2 0
github.com/niiniyare/erp/internal/core/abac/performance_optimizer.go:535.16,538.3 2 0
github.com/niiniyare/erp/internal/core/abac/performance_optimizer.go:540.2,583.22 11 0
github.com/niiniyare/erp/internal/core/abac/performance_optimizer.go:821.76,842.2 4 0
github.com/niiniyare/erp/internal/core/abac/performance_optimizer.go:844.97,858.2 4 0
github.com/niiniyare/erp/internal/core/abac/performance_optimizer.go:869.3,872.24 2 0
github.com/niiniyare/erp/internal/core/abac/performance_optimizer.go:872.24,880.37 5 0
github.com/niiniyare/erp/internal/core/abac/performance_optimizer.go:880.37,891.37 3 0
github.com/niiniyare/erp/internal/core/abac/performance_optimizer.go:891.37,895.5 3 0
github.com/niiniyare/erp/internal/core/abac/performance_optimizer.go:899.3,899.16 1 0
github.com/niiniyare/erp/internal/core/abac/performance_optimizer.go:899.16,905.70 3 0
github.com/niiniyare/erp/internal/core/abac/performance_optimizer.go:905.70,924.5 3 0
github.com/niiniyare/erp/internal/core/abac/performance_optimizer.go:927.3,938.20 3 0
github.com/niiniyare/erp/internal/core/abac/performance_optimizer.go:948.35,949.30 1 0
github.com/niiniyare/erp/internal/core/abac/performance_optimizer.go:949.30,951.3 1 0
github.com/niiniyare/erp/internal/core/abac/performance_optimizer.go:954.2,958.35 4 0
github.com/niiniyare/erp/internal/core/abac/performance_optimizer.go:958.35,960.14 2 0
github.com/niiniyare/erp/internal/core/abac/performance_optimizer.go:960.14,962.4 1 0
github.com/niiniyare/erp/internal/core/abac/performance_optimizer.go:963.3,963.14 1 0
github.com/niiniyare/erp/internal/core/abac/performance_optimizer.go:963.14,965.4 1 0
github.com/niiniyare/erp/internal/core/abac/performance_optimizer.go:968.2,981.3 4 0
github.com/niiniyare/erp/internal/core/abac/performance_optimizer.go:984.178,1026.2 3 0
github.com/niiniyare/erp/internal/core/abac/performance_optimizer.go:1028.88,1041.2 6 0
github.com/niiniyare/erp/internal/core/abac/performance_optimizer.go:1043.90,1046.2 1 0
github.com/niiniyare/erp/internal/core/abac/performance_optimizer.go:1059.138,1061.2 1 0
github.com/niiniyare/erp/internal/core/abac/performance_optimizer.go:1063.117,1067.63 3 0
github.com/niiniyare/erp/internal/core/abac/performance_optimizer.go:1067.63,1069.3 1 0
github.com/niiniyare/erp/internal/core/abac/performance_optimizer.go:1071.2,1071.95 1 0
github.com/niiniyare/erp/internal/core/abac/performance_optimizer.go:1074.124,1076.2 1 0
github.com/niiniyare/erp/internal/core/abac/performance_optimizer.go:1078.140,1080.2 1 0
github.com/niiniyare/erp/internal/core/abac/performance_optimizer.go:1082.138,1084.2 1 0
github.com/niiniyare/erp/internal/core/abac/performance_optimizer.go:1086.137,1088.2 1 0
github.com/niiniyare/erp/internal/core/abac/performance_optimizer.go:1090.146,1092.2 1 0
github.com/niiniyare/erp/internal/core/abac/performance_optimizer.go:1094.107,1096.2 1 0
github.com/niiniyare/erp/internal/core/abac/pip_cache.go:18.30,22.2 1 0
github.com/niiniyare/erp/internal/core/abac/pip_cache.go:25.88,31.13 5 0
github.com/niiniyare/erp/internal/core/abac/pip_cache.go:31.13,33.3 1 0
github.com/niiniyare/erp/internal/core/abac/pip_cache.go:35.2,35.23 1 0
github.com/niiniyare/erp/internal/core/abac/pip_cache.go:35.23,39.3 1 0
github.com/niiniyare/erp/internal/core/abac/pip_cache.go:41.2,41.26 1 0
github.com/niiniyare/erp/internal/core/abac/pip_cache.go:45.87,56.2 4 0
github.com/niiniyare/erp/internal/core/abac/pip_cache.go:65.44,67.2 1 0
github.com/niiniyare/erp/internal/core/abac/policy_evaluation_engine.go:32.70,36.2 1 0
github.com/niiniyare/erp/internal/core/abac/policy_evaluation_engine.go:39.112,46.14 5 0
github.com/niiniyare/erp/internal/core/abac/policy_evaluation_engine.go:46.14,48.3 1 0
github.com/niiniyare/erp/internal/core/abac/policy_evaluation_engine.go:228.26,241.2 1 0
github.com/niiniyare/erp/internal/core/abac/policy_evaluation_engine.go:298.135,303.15 4 0
github.com/niiniyare/erp/internal/core/abac/policy_evaluation_engine.go:303.15,307.3 2 0
github.com/niiniyare/erp/internal/core/abac/policy_evaluation_engine.go:310.2,310.75 1 0
github.com/niiniyare/erp/internal/core/abac/policy_evaluation_engine.go:310.75,315.3 3 0
github.com/niiniyare/erp/internal/core/abac/policy_evaluation_engine.go:318.2,319.16 2 0
github.com/niiniyare/erp/internal/core/abac/policy_evaluation_engine.go:319.16,322.3 2 0
github.com/niiniyare/erp/internal/core/abac/policy_evaluation_engine.go:327.2,328.16 2 0
github.com/niiniyare/erp/internal/core/abac/policy_evaluation_engine.go:328.16,330.3 1 0
github.com/niiniyare/erp/internal/core/abac/policy_evaluation_engine.go:333.2,334.16 2 0
github.com/niiniyare/erp/internal/core/abac/policy_evaluation_engine.go:334.16,336.3 1 0
github.com/niiniyare/erp/internal/core/abac/policy_evaluation_engine.go:338.2,342.31 3 0
github.com/niiniyare/erp/internal/core/abac/policy_evaluation_engine.go:342.31,344.3 1 0
github.com/niiniyare/erp/internal/core/abac/policy_evaluation_engine.go:346.2,352.20 2 0
github.com/niiniyare/erp/internal/core/abac/policy_evaluation_engine.go:360.36,369.26 2 0
github.com/niiniyare/erp/internal/core/abac/policy_evaluation_engine.go:369.26,374.17 2 0
github.com/niiniyare/erp/internal/core/abac/policy_evaluation_engine.go:374.17,376.4 1 0
github.com/niiniyare/erp/internal/core/abac/policy_evaluation_engine.go:378.3,378.31 1 0
github.com/niiniyare/erp/internal/core/abac/policy_evaluation_engine.go:378.31,380.38 2 0
github.com/niiniyare/erp/internal/core/abac/policy_evaluation_engine.go:380.38,386.5 1 0
github.com/niiniyare/erp/internal/core/abac/policy_evaluation_engine.go:387.4,387.22 1 0
github.com/niiniyare/erp/internal/core/abac/policy_evaluation_engine.go:392.2,405.23 4 0
github.com/niiniyare/erp/internal/core/abac/policy_evaluation_engine.go:405.23,407.28 2 0
github.com/niiniyare/erp/internal/core/abac/policy_evaluation_engine.go:407.28,414.4 1 0
github.com/niiniyare/erp/internal/core/abac/policy_evaluation_engine.go:418.2,419.16 2 0
github.com/niiniyare/erp/internal/core/abac/policy_evaluation_engine.go:419.16,421.3 1 0
github.com/niiniyare/erp/internal/core/abac/policy_evaluation_engine.go:423.2,431.36 5 0
github.com/niiniyare/erp/internal/core/abac/policy_evaluation_engine.go:431.36,433.3 1 0
github.com/niiniyare/erp/internal/core/abac/policy_evaluation_engine.go:436.2,436.37 1 0
github.com/niiniyare/erp/internal/core/abac/policy_evaluation_engine.go:436.37,438.3 1 0
github.com/niiniyare/erp/internal/core/abac/policy_evaluation_engine.go:440.2,440.20 1 0
github.com/niiniyare/erp/internal/core/abac/policy_evaluation_engine.go:451.37,453.19 1 0
github.com/niiniyare/erp/internal/core/abac/policy_evaluation_engine.go:454.45,455.50 1 0
github.com/niiniyare/erp/internal/core/abac/policy_evaluation_engine.go:456.47,457.52 1 0
github.com/niiniyare/erp/internal/core/abac/policy_evaluation_engine.go:458.47,459.52 1 0
github.com/niiniyare/erp/internal/core/abac/policy_evaluation_engine.go:460.49,461.49 1 0
github.com/niiniyare/erp/internal/core/abac/policy_evaluation_engine.go:462.28,463.50 1 0
github.com/niiniyare/erp/internal/core/abac/policy_evaluation_engine.go:464.28,465.52 1 0
github.com/niiniyare/erp/internal/core/abac/policy_evaluation_engine.go:466.10,468.26 1 0
github.com/niiniyare/erp/internal/core/abac/policy_evaluation_engine.go:472.112,475.33 2 0
github.com/niiniyare/erp/internal/core/abac/policy_evaluation_engine.go:475.33,476.24 1 0
github.com/niiniyare/erp/internal/core/abac/policy_evaluation_engine.go:476.24,478.51 2 0
github.com/niiniyare/erp/internal/core/abac/policy_evaluation_engine.go:478.51,480.5 1 0
github.com/niiniyare/erp/internal/core/abac/policy_evaluation_engine.go:484.2,484.19 1 0
github.com/niiniyare/erp/internal/core/abac/policy_evaluation_engine.go:484.19,486.3 1 0
github.com/niiniyare/erp/internal/core/abac/policy_evaluation_engine.go:488.2,488.42 1 0
github.com/niiniyare/erp/internal/core/abac/policy_evaluation_engine.go:491.114,494.33 2 0
github.com/niiniyare/erp/internal/core/abac/policy_evaluation_engine.go:494.33,495.24 1 0
github.com/niiniyare/erp/internal/core/abac/policy_evaluation_engine.go:495.24,497.52 2 0
github.com/niiniyare/erp/internal/core/abac/policy_evaluation_engine.go:497.52,499.5 1 0
github.com/niiniyare/erp/internal/core/abac/policy_evaluation_engine.go:503.2,503.19 1 0
github.com/niiniyare/erp/internal/core/abac/policy_evaluation_engine.go:503.19,505.3 1 0
github.com/niiniyare/erp/internal/core/abac/policy_evaluation_engine.go:507.2,507.42 1 0
github.com/niiniyare/erp/internal/core/abac/policy_evaluation_engine.go:510.114,511.33 1 0
github.com/niiniyare/erp/internal/core/abac/policy_evaluation_engine.go:511.33,512.24 1 0
github.com/niiniyare/erp/internal/core/abac/policy_evaluation_engine.go:512.24,514.4 1 0
github.com/niiniyare/erp/internal/core/abac/policy_evaluation_engine.go:517.2,517.42 1 0
github.com/niiniyare/erp/internal/core/abac/policy_evaluation_engine.go:520.125,523.33 2 0
github.com/niiniyare/erp/internal/core/abac/policy_evaluation_engine.go:523.33,524.24 1 0
github.com/niiniyare/erp/internal/core/abac/policy_evaluation_engine.go:524.24,525.31 1 0
github.com/niiniyare/erp/internal/core/abac/policy_evaluation_engine.go:525.31,527.5 1 0
github.com/niiniyare/erp/internal/core/abac/policy_evaluation_engine.go:528.4,528.30 1 0
github.com/niiniyare/erp/internal/core/abac/policy_evaluation_engine.go:532.2,532.29 1 0
github.com/niiniyare/erp/internal/core/abac/policy_evaluation_engine.go:532.29,534.3 1 0
github.com/niiniyare/erp/internal/core/abac/policy_evaluation_engine.go:536.2,536.47 1 0
github.com/niiniyare/erp/internal/core/abac/policy_evaluation_engine.go:547.72,552.2 1 0
github.com/niiniyare/erp/internal/core/abac/policy_evaluation_engine.go:554.96,558.2 3 0
github.com/niiniyare/erp/internal/core/abac/policy_evaluation_engine.go:565.16,568.77 1 0
github.com/niiniyare/erp/internal/core/abac/policy_evaluation_engine.go:568.77,570.3 1 0
github.com/niiniyare/erp/internal/core/abac/policy_evaluation_engine.go:573.2,577.13 4 0
github.com/niiniyare/erp/internal/core/abac/policy_evaluation_engine.go:577.13,579.3 1 0
github.com/niiniyare/erp/internal/core/abac/policy_evaluation_engine.go:582.2,583.16 2 0
github.com/niiniyare/erp/internal/core/abac/policy_evaluation_engine.go:583.16,585.3 1 0
github.com/niiniyare/erp/internal/core/abac/policy_evaluation_engine.go:588.2,590.19 2 0
github.com/niiniyare/erp/internal/core/abac/policy_evaluation_engine.go:605.78,614.2 4 0
github.com/niiniyare/erp/internal/core/abac/policy_evaluation_engine.go:616.77,621.37 4 0
github.com/niiniyare/erp/internal/core/abac/policy_evaluation_engine.go:621.37,627.3 1 0
github.com/niiniyare/erp/internal/core/abac/policy_evaluation_engine.go:629.2,629.14 1 0
github.com/niiniyare/erp/internal/core/abac/policy_evaluation_engine.go:632.86,635.20 2 0
github.com/niiniyare/erp/internal/core/abac/policy_evaluation_engine.go:635.20,637.3 1 0
github.com/niiniyare/erp/internal/core/abac/policy_evaluation_engine.go:639.2,642.18 3 0
github.com/niiniyare/erp/internal/core/abac/policy_evaluation_engine.go:643.17,644.44 1 0
github.com/niiniyare/erp/internal/core/abac/policy_evaluation_engine.go:645.18,646.45 1 0
github.com/niiniyare/erp/internal/core/abac/policy_evaluation_engine.go:647.16,648.43 1 0
github.com/niiniyare/erp/internal/core/abac/policy_evaluation_engine.go:649.21,650.48 1 0
github.com/niiniyare/erp/internal/core/abac/policy_evaluation_engine.go:651.10,653.50 1 0
github.com/niiniyare/erp/internal/core/abac/policy_evaluation_engine.go:653.50,655.4 1 0
github.com/niiniyare/erp/internal/core/abac/policy_evaluation_engine.go:656.3,656.20 1 0
github.com/niiniyare/erp/internal/core/abac/policy_evaluation_engine.go:660.84,662.20 2 0
github.com/niiniyare/erp/internal/core/abac/policy_evaluation_engine.go:662.20,664.3 1 0
github.com/niiniyare/erp/internal/core/abac/policy_evaluation_engine.go:665.2,665.18 1 0
github.com/niiniyare/erp/internal/core/abac/policy_evaluation_engine.go:670.90,671.19 1 0
github.com/niiniyare/erp/internal/core/abac/policy_evaluation_engine.go:672.12,673.34 1 0
github.com/niiniyare/erp/internal/core/abac/policy_evaluation_engine.go:674.15,675.33 1 0
github.com/niiniyare/erp/internal/core/abac/policy_evaluation_engine.go:676.16,677.34 1 0
github.com/niiniyare/erp/internal/core/abac/policy_evaluation_engine.go:678.10,679.65 1 0
github.com/niiniyare/erp/internal/core/abac/policy_evaluation_engine.go:679.65,681.4 1 0
github.com/niiniyare/erp/internal/core/abac/policy_evaluation_engine.go:682.3,682.61 1 0
github.com/niiniyare/erp/internal/core/abac/policy_evaluation_engine.go:682.61,684.4 1 0
github.com/niiniyare/erp/internal/core/abac/policy_evaluation_engine.go:685.3,685.20 1 0
github.com/niiniyare/erp/internal/core/abac/policy_evaluation_engine.go:689.91,690.19 1 0
github.com/niiniyare/erp/internal/core/abac/policy_evaluation_engine.go:691.12,692.39 1 0
github.com/niiniyare/erp/internal/core/abac/policy_evaluation_engine.go:693.14,694.41 1 0
github.com/niiniyare/erp/internal/core/abac/policy_evaluation_engine.go:695.15,696.34 1 0
github.com/niiniyare/erp/internal/core/abac/policy_evaluation_engine.go:697.10,698.66 1 0
github.com/niiniyare/erp/internal/core/abac/policy_evaluation_engine.go:698.66,700.4 1 0
github.com/niiniyare/erp/internal/core/abac/policy_evaluation_engine.go:701.3,701.64 1 0
github.com/niiniyare/erp/internal/core/abac/policy_evaluation_engine.go:701.64,703.4 1 0
github.com/niiniyare/erp/internal/core/abac/policy_evaluation_engine.go:704.3,704.20 1 0
github.com/niiniyare/erp/internal/core/abac/policy_evaluation_engine.go:708.89,709.19 1 0
github.com/niiniyare/erp/internal/core/abac/policy_evaluation_engine.go:710.16,711.33 1 0
github.com/niiniyare/erp/internal/core/abac/policy_evaluation_engine.go:712.20,713.37 1 0
github.com/niiniyare/erp/internal/core/abac/policy_evaluation_engine.go:714.16,715.33 1 0
github.com/niiniyare/erp/internal/core/abac/policy_evaluation_engine.go:716.10,717.64 1 0
github.com/niiniyare/erp/internal/core/abac/policy_evaluation_engine.go:717.64,719.4 1 0
github.com/niiniyare/erp/internal/core/abac/policy_evaluation_engine.go:720.3,720.20 1 0
github.com/niiniyare/erp/internal/core/abac/policy_evaluation_engine.go:724.94,725.19 1 0
github.com/niiniyare/erp/internal/core/abac/policy_evaluation_engine.go:726.19,727.41 1 0
github.com/niiniyare/erp/internal/core/abac/policy_evaluation_engine.go:728.18,729.54 1 0
github.com/niiniyare/erp/internal/core/abac/policy_evaluation_engine.go:730.22,731.58 1 0
github.com/niiniyare/erp/internal/core/abac/policy_evaluation_engine.go:732.21,733.57 1 0
github.com/niiniyare/erp/internal/core/abac/policy_evaluation_engine.go:734.26,735.62 1 0
github.com/niiniyare/erp/internal/core/abac/policy_evaluation_engine.go:736.10,737.69 1 0
github.com/niiniyare/erp/internal/core/abac/policy_evaluation_engine.go:737.69,739.4 1 0
github.com/niiniyare/erp/internal/core/abac/policy_evaluation_engine.go:740.3,740.20 1 0
github.com/niiniyare/erp/internal/core/abac/policy_evaluation_engine.go:869.108,870.16 1 0
github.com/niiniyare/erp/internal/core/abac/policy_evaluation_engine.go:871.31,872.35 1 0
github.com/niiniyare/erp/internal/core/abac/policy_evaluation_engine.go:873.30,874.34 1 0
github.com/niiniyare/erp/internal/core/abac/policy_evaluation_engine.go:875.10,876.34 1 0
github.com/niiniyare/erp/internal/core/abac/policy_evaluation_engine.go:883.40,899.2 2 0
github.com/niiniyare/erp/internal/core/abac/policy_evaluation_engine.go:903.132,904.32 1 0
github.com/niiniyare/erp/internal/core/abac/policy_evaluation_engine.go:904.32,906.3 1 0
github.com/niiniyare/erp/internal/core/abac/policy_evaluation_engine.go:907.2,908.11 2 0
github.com/niiniyare/erp/internal/core/abac/policy_evaluation_engine.go:908.11,910.3 1 0
github.com/niiniyare/erp/internal/core/abac/policy_evaluation_engine.go:911.2,911.12 1 0
github.com/niiniyare/erp/internal/core/abac/policy_evaluation_engine.go:914.141,915.32 1 0
github.com/niiniyare/erp/internal/core/abac/policy_evaluation_engine.go:915.32,917.3 1 0
github.com/niiniyare/erp/internal/core/abac/policy_evaluation_engine.go:918.2,918.38 1 0
github.com/niiniyare/erp/internal/core/abac/policy_evaluation_engine.go:921.176,922.19 1 0
github.com/niiniyare/erp/internal/core/abac/policy_evaluation_engine.go:922.19,925.3 1 0
github.com/niiniyare/erp/internal/core/abac/policy_evaluation_engine.go:928.2,929.16 2 0
github.com/niiniyare/erp/internal/core/abac/policy_evaluation_engine.go:929.16,931.3 1 0
github.com/niiniyare/erp/internal/core/abac/policy_evaluation_engine.go:934.2,934.22 1 0
github.com/niiniyare/erp/internal/core/abac/policy_evaluation_engine.go:934.22,936.3 1 0
github.com/niiniyare/erp/internal/core/abac/policy_evaluation_engine.go:939.2,940.16 2 0
github.com/niiniyare/erp/internal/core/abac/policy_evaluation_engine.go:940.16,954.3 2 0
github.com/niiniyare/erp/internal/core/abac/policy_evaluation_engine.go:956.2,956.68 1 0
github.com/niiniyare/erp/internal/core/abac/policy_evaluation_engine.go:960.103,964.60 2 0
github.com/niiniyare/erp/internal/core/abac/policy_evaluation_engine.go:964.60,965.22 1 0
github.com/niiniyare/erp/internal/core/abac/policy_evaluation_engine.go:965.22,969.4 2 0
github.com/niiniyare/erp/internal/core/abac/policy_evaluation_engine.go:972.2,980.45 5 0
github.com/niiniyare/erp/internal/core/abac/policy_evaluation_engine.go:980.45,982.17 2 0
github.com/niiniyare/erp/internal/core/abac/policy_evaluation_engine.go:982.17,984.4 1 0
github.com/niiniyare/erp/internal/core/abac/policy_evaluation_engine.go:985.3,985.95 1 0
github.com/niiniyare/erp/internal/core/abac/policy_evaluation_engine.go:988.2,988.26 1 0
github.com/niiniyare/erp/internal/core/abac/policy_evaluation_engine.go:988.26,990.3 1 0
github.com/niiniyare/erp/internal/core/abac/policy_evaluation_engine.go:992.2,992.46 1 0
github.com/niiniyare/erp/internal/core/abac/policy_evaluation_engine.go:995.166,998.2 1 0
github.com/niiniyare/erp/internal/core/abac/policy_evaluation_engine.go:1000.157,1003.2 1 0
github.com/niiniyare/erp/internal/core/abac/policy_evaluation_engine.go:1005.201,1011.2 1 0
github.com/niiniyare/erp/internal/core/abac/policy_evaluation_engine.go:1026.159,1035.2 1 0
github.com/niiniyare/erp/internal/core/abac/policy_evaluation_engine.go:1038.150,1042.41 2 0
github.com/niiniyare/erp/internal/core/abac/policy_evaluation_engine.go:1042.41,1044.17 2 0
github.com/niiniyare/erp/internal/core/abac/policy_evaluation_engine.go:1044.17,1046.4 1 0
github.com/niiniyare/erp/internal/core/abac/policy_evaluation_engine.go:1047.3,1047.22 1 0
github.com/niiniyare/erp/internal/core/abac/policy_evaluation_engine.go:1051.2,1052.33 2 0
github.com/niiniyare/erp/internal/core/abac/policy_evaluation_engine.go:1052.33,1053.20 1 0
github.com/niiniyare/erp/internal/core/abac/policy_evaluation_engine.go:1053.20,1055.4 1 0
github.com/niiniyare/erp/internal/core/abac/policy_evaluation_engine.go:1058.2,1063.8 1 0
github.com/niiniyare/erp/internal/core/abac/policy_evaluation_engine.go:1067.153,1075.2 1 0
github.com/niiniyare/erp/internal/core/abac/policy_evaluation_engine.go:1078.129,1083.16 2 0
github.com/niiniyare/erp/internal/core/abac/policy_evaluation_engine.go:1083.16,1086.3 1 0
github.com/niiniyare/erp/internal/core/abac/policy_evaluation_engine.go:1088.2,1093.8 1 0
github.com/niiniyare/erp/internal/core/abac/policy_evaluation_engine.go:1097.148,1107.2 1 0
github.com/niiniyare/erp/internal/core/abac/policy_evaluation_engine.go:1110.162,1122.2 1 0
github.com/niiniyare/erp/internal/core/abac/policy_evaluation_engine.go:1125.127,1135.2 1 0
github.com/niiniyare/erp/internal/core/abac/policy_evaluation_engine.go:1138.132,1141.2 1 0
github.com/niiniyare/erp/internal/core/abac/policy_evaluation_engine.go:1144.139,1152.2 1 0
github.com/niiniyare/erp/internal/core/abac/policy_evaluation_engine.go:1155.147,1158.41 2 0
github.com/niiniyare/erp/internal/core/abac/policy_evaluation_engine.go:1158.41,1166.3 1 0
github.com/niiniyare/erp/internal/core/abac/policy_evaluation_engine.go:1168.2,1179.8 1 0
github.com/niiniyare/erp/internal/core/abac/policy_evaluation_engine.go:1183.130,1194.2 1 0
github.com/niiniyare/erp/internal/core/abac/policy_lifecycle.go:141.122,159.16 5 0
github.com/niiniyare/erp/internal/core/abac/policy_lifecycle.go:159.16,162.3 2 0
github.com/niiniyare/erp/internal/core/abac/policy_lifecycle.go:165.2,166.16 2 0
github.com/niiniyare/erp/internal/core/abac/policy_lifecycle.go:166.16,169.3 2 0
github.com/niiniyare/erp/internal/core/abac/policy_lifecycle.go:171.2,172.16 2 0
github.com/niiniyare/erp/internal/core/abac/policy_lifecycle.go:172.16,175.3 2 0
github.com/niiniyare/erp/internal/core/abac/policy_lifecycle.go:177.2,178.16 2 0
github.com/niiniyare/erp/internal/core/abac/policy_lifecycle.go:178.16,181.3 2 0
github.com/niiniyare/erp/internal/core/abac/policy_lifecycle.go:184.2,185.16 2 0
github.com/niiniyare/erp/internal/core/abac/policy_lifecycle.go:185.16,188.3 2 0
github.com/niiniyare/erp/internal/core/abac/policy_lifecycle.go:191.2,237.20 9 0
github.com/niiniyare/erp/internal/core/abac/policy_lifecycle.go:291.128,312.25 6 0
github.com/niiniyare/erp/internal/core/abac/policy_lifecycle.go:312.25,315.17 2 0
github.com/niiniyare/erp/internal/core/abac/policy_lifecycle.go:315.17,318.4 2 0
github.com/niiniyare/erp/internal/core/abac/policy_lifecycle.go:319.3,327.17 4 0
github.com/niiniyare/erp/internal/core/abac/policy_lifecycle.go:327.17,329.4 1 0
github.com/niiniyare/erp/internal/core/abac/policy_lifecycle.go:329.9,331.34 1 0
github.com/niiniyare/erp/internal/core/abac/policy_lifecycle.go:331.34,332.30 1 0
github.com/niiniyare/erp/internal/core/abac/policy_lifecycle.go:332.30,334.6 1 0
github.com/niiniyare/erp/internal/core/abac/policy_lifecycle.go:337.8,337.35 1 0
github.com/niiniyare/erp/internal/core/abac/policy_lifecycle.go:337.35,340.17 2 0
github.com/niiniyare/erp/internal/core/abac/policy_lifecycle.go:340.17,343.4 2 0
github.com/niiniyare/erp/internal/core/abac/policy_lifecycle.go:344.8,351.17 3 0
github.com/niiniyare/erp/internal/core/abac/policy_lifecycle.go:351.17,354.4 2 0
github.com/niiniyare/erp/internal/core/abac/policy_lifecycle.go:358.2,401.20 10 0
github.com/niiniyare/erp/internal/core/abac/policy_lifecycle.go:447.130,465.16 5 0
github.com/niiniyare/erp/internal/core/abac/policy_lifecycle.go:465.16,468.3 2 0
github.com/niiniyare/erp/internal/core/abac/policy_lifecycle.go:471.2,478.29 4 0
github.com/niiniyare/erp/internal/core/abac/policy_lifecycle.go:478.29,480.3 1 0
github.com/niiniyare/erp/internal/core/abac/policy_lifecycle.go:482.2,496.31 1 0
github.com/niiniyare/erp/internal/core/abac/policy_lifecycle.go:496.31,497.28 1 0
github.com/niiniyare/erp/internal/core/abac/policy_lifecycle.go:497.28,499.5 1 0
github.com/niiniyare/erp/internal/core/abac/policy_lifecycle.go:500.4,500.35 1 0
github.com/niiniyare/erp/internal/core/abac/policy_lifecycle.go:505.2,505.36 1 0
github.com/niiniyare/erp/internal/core/abac/policy_lifecycle.go:505.36,507.3 1 0
github.com/niiniyare/erp/internal/core/abac/policy_lifecycle.go:508.2,508.36 1 0
github.com/niiniyare/erp/internal/core/abac/policy_lifecycle.go:508.36,510.3 1 0
github.com/niiniyare/erp/internal/core/abac/policy_lifecycle.go:511.2,511.35 1 0
github.com/niiniyare/erp/internal/core/abac/policy_lifecycle.go:511.35,513.3 1 0
github.com/niiniyare/erp/internal/core/abac/policy_lifecycle.go:514.2,514.31 1 0
github.com/niiniyare/erp/internal/core/abac/policy_lifecycle.go:514.31,516.3 1 0
github.com/niiniyare/erp/internal/core/abac/policy_lifecycle.go:517.2,517.33 1 0
github.com/niiniyare/erp/internal/core/abac/policy_lifecycle.go:517.33,519.3 1 0
github.com/niiniyare/erp/internal/core/abac/policy_lifecycle.go:520.2,520.33 1 0
github.com/niiniyare/erp/internal/core/abac/policy_lifecycle.go:520.33,522.3 1 0
github.com/niiniyare/erp/internal/core/abac/policy_lifecycle.go:523.2,523.31 1 0
github.com/niiniyare/erp/internal/core/abac/policy_lifecycle.go:523.31,525.3 1 0
github.com/niiniyare/erp/internal/core/abac/policy_lifecycle.go:526.2,526.29 1 0
github.com/niiniyare/erp/internal/core/abac/policy_lifecycle.go:526.29,528.3 1 0
github.com/niiniyare/erp/internal/core/abac/policy_lifecycle.go:529.2,529.36 1 0
github.com/niiniyare/erp/internal/core/abac/policy_lifecycle.go:529.36,531.3 1 0
github.com/niiniyare/erp/internal/core/abac/policy_lifecycle.go:532.2,532.31 1 0
github.com/niiniyare/erp/internal/core/abac/policy_lifecycle.go:532.31,534.3 1 0
github.com/niiniyare/erp/internal/core/abac/policy_lifecycle.go:536.2,537.16 2 0
github.com/niiniyare/erp/internal/core/abac/policy_lifecycle.go:537.16,546.3 4 0
github.com/niiniyare/erp/internal/core/abac/policy_lifecycle.go:548.2,585.20 7 0
github.com/niiniyare/erp/internal/core/abac/policy_lifecycle.go:609.96,625.16 5 0
github.com/niiniyare/erp/internal/core/abac/policy_lifecycle.go:625.16,628.3 2 0
github.com/niiniyare/erp/internal/core/abac/policy_lifecycle.go:630.2,630.21 1 0
github.com/niiniyare/erp/internal/core/abac/policy_lifecycle.go:630.21,632.3 1 0
github.com/niiniyare/erp/internal/core/abac/policy_lifecycle.go:635.2,640.16 3 0
github.com/niiniyare/erp/internal/core/abac/policy_lifecycle.go:640.16,649.3 4 0
github.com/niiniyare/erp/internal/core/abac/policy_lifecycle.go:652.2,652.12 1 0
github.com/niiniyare/erp/internal/core/abac/policy_lifecycle.go:652.12,656.112 2 0
github.com/niiniyare/erp/internal/core/abac/policy_lifecycle.go:656.112,659.4 1 0
github.com/niiniyare/erp/internal/core/abac/policy_lifecycle.go:663.2,678.12 4 0
github.com/niiniyare/erp/internal/core/abac/policy_lifecycle.go:681.100,697.16 5 0
github.com/niiniyare/erp/internal/core/abac/policy_lifecycle.go:697.16,700.3 2 0
github.com/niiniyare/erp/internal/core/abac/policy_lifecycle.go:702.2,702.22 1 0
github.com/niiniyare/erp/internal/core/abac/policy_lifecycle.go:702.22,704.3 1 0
github.com/niiniyare/erp/internal/core/abac/policy_lifecycle.go:707.2,712.16 3 0
github.com/niiniyare/erp/internal/core/abac/policy_lifecycle.go:712.16,721.3 4 0
github.com/niiniyare/erp/internal/core/abac/policy_lifecycle.go:724.2,724.12 1 0
github.com/niiniyare/erp/internal/core/abac/policy_lifecycle.go:724.12,728.112 2 0
github.com/niiniyare/erp/internal/core/abac/policy_lifecycle.go:728.112,731.4 1 0
github.com/niiniyare/erp/internal/core/abac/policy_lifecycle.go:735.2,750.12 4 0
github.com/niiniyare/erp/internal/core/abac/policy_lifecycle.go:753.94,769.16 5 0
github.com/niiniyare/erp/internal/core/abac/policy_lifecycle.go:769.16,772.3 2 0
github.com/niiniyare/erp/internal/core/abac/policy_lifecycle.go:775.2,775.21 1 0
github.com/niiniyare/erp/internal/core/abac/policy_lifecycle.go:775.21,781.65 2 0
github.com/niiniyare/erp/internal/core/abac/policy_lifecycle.go:781.65,783.4 1 0
github.com/niiniyare/erp/internal/core/abac/policy_lifecycle.go:787.2,788.16 2 0
github.com/niiniyare/erp/internal/core/abac/policy_lifecycle.go:788.16,797.3 4 0
github.com/niiniyare/erp/internal/core/abac/policy_lifecycle.go:800.2,815.12 4 0
github.com/niiniyare/erp/internal/core/abac/policy_lifecycle.go:820.143,824.2 1 0
github.com/niiniyare/erp/internal/core/abac/policy_lifecycle.go:826.151,829.2 1 0
github.com/niiniyare/erp/internal/core/abac/policy_lifecycle.go:831.147,834.2 1 0
github.com/niiniyare/erp/internal/core/abac/policy_lifecycle.go:836.152,839.2 1 0
github.com/niiniyare/erp/internal/core/abac/policy_lifecycle.go:841.177,849.2 1 0
github.com/niiniyare/erp/internal/core/abac/policy_lifecycle.go:851.184,854.38 2 0
github.com/niiniyare/erp/internal/core/abac/policy_lifecycle.go:854.38,861.3 1 0
github.com/niiniyare/erp/internal/core/abac/policy_lifecycle.go:863.2,863.24 1 0
github.com/niiniyare/erp/internal/core/abac/policy_lifecycle.go:866.156,870.37 2 0
github.com/niiniyare/erp/internal/core/abac/policy_lifecycle.go:870.37,871.42 1 0
github.com/niiniyare/erp/internal/core/abac/policy_lifecycle.go:871.42,872.89 1 0
github.com/niiniyare/erp/internal/core/abac/policy_lifecycle.go:872.89,874.5 1 0
github.com/niiniyare/erp/internal/core/abac/policy_lifecycle.go:878.2,878.18 1 0
github.com/niiniyare/erp/internal/core/abac/policy_lifecycle.go:881.105,883.79 1 0
github.com/niiniyare/erp/internal/core/abac/policy_lifecycle.go:883.79,891.3 1 0
github.com/niiniyare/erp/internal/core/abac/policy_lifecycle.go:893.2,893.12 1 0
github.com/niiniyare/erp/internal/core/abac/policy_lifecycle.go:896.81,900.2 1 0
github.com/niiniyare/erp/internal/core/abac/policy_lifecycle.go:902.107,907.37 2 0
github.com/niiniyare/erp/internal/core/abac/policy_lifecycle.go:907.37,908.28 1 0
github.com/niiniyare/erp/internal/core/abac/policy_lifecycle.go:909.19,910.31 1 0
github.com/niiniyare/erp/internal/core/abac/policy_lifecycle.go:911.15,912.28 1 0
github.com/niiniyare/erp/internal/core/abac/policy_lifecycle.go:913.11,914.28 1 0
github.com/niiniyare/erp/internal/core/abac/policy_lifecycle.go:917.3,917.30 1 0
github.com/niiniyare/erp/internal/core/abac/policy_lifecycle.go:917.30,919.4 1 0
github.com/niiniyare/erp/internal/core/abac/policy_lifecycle.go:919.9,921.4 1 0
github.com/niiniyare/erp/internal/core/abac/policy_lifecycle.go:924.2,924.16 1 0
github.com/niiniyare/erp/internal/core/abac/policy_lifecycle.go:927.137,931.37 3 0
github.com/niiniyare/erp/internal/core/abac/policy_lifecycle.go:931.37,932.30 1 0
github.com/niiniyare/erp/internal/core/abac/policy_lifecycle.go:932.30,939.4 1 0
github.com/niiniyare/erp/internal/core/abac/policy_lifecycle.go:939.9,946.4 1 0
github.com/niiniyare/erp/internal/core/abac/policy_lifecycle.go:949.2,954.3 1 0
github.com/niiniyare/erp/internal/core/abac/policy_lifecycle.go:957.98,960.21 1 0
github.com/niiniyare/erp/internal/core/abac/policy_lifecycle.go:961.15,962.17 1 0
github.com/niiniyare/erp/internal/core/abac/policy_lifecycle.go:963.15,964.17 1 0
github.com/niiniyare/erp/internal/core/abac/policy_lifecycle.go:965.15,966.17 1 0
github.com/niiniyare/erp/internal/core/abac/policy_lifecycle.go:967.10,968.17 1 0
github.com/niiniyare/erp/internal/core/abac/policy_lifecycle.go:972.138,976.59 3 0
github.com/niiniyare/erp/internal/core/abac/policy_lifecycle.go:976.59,985.3 2 0
github.com/niiniyare/erp/internal/core/abac/policy_lifecycle.go:987.2,987.65 1 0
github.com/niiniyare/erp/internal/core/abac/policy_lifecycle.go:987.65,996.3 2 0
github.com/niiniyare/erp/internal/core/abac/policy_lifecycle.go:998.2,998.71 1 0
github.com/niiniyare/erp/internal/core/abac/policy_lifecycle.go:998.71,1007.3 2 0
github.com/niiniyare/erp/internal/core/abac/policy_lifecycle.go:1010.2,1014.34 4 0
github.com/niiniyare/erp/internal/core/abac/policy_lifecycle.go:1014.34,1015.29 1 0
github.com/niiniyare/erp/internal/core/abac/policy_lifecycle.go:1015.29,1019.4 3 0
github.com/niiniyare/erp/internal/core/abac/policy_lifecycle.go:1019.9,1019.62 1 0
github.com/niiniyare/erp/internal/core/abac/policy_lifecycle.go:1019.62,1021.4 1 0
github.com/niiniyare/erp/internal/core/abac/policy_lifecycle.go:1024.2,1030.3 1 0
github.com/niiniyare/erp/internal/core/abac/policy_manager.go:117.17,126.2 1 0
github.com/niiniyare/erp/internal/core/abac/policy_manager.go:169.119,186.31 5 0
github.com/niiniyare/erp/internal/core/abac/policy_manager.go:186.31,191.3 2 0
github.com/niiniyare/erp/internal/core/abac/policy_manager.go:194.2,195.16 2 0
github.com/niiniyare/erp/internal/core/abac/policy_manager.go:195.16,197.3 1 0
github.com/niiniyare/erp/internal/core/abac/policy_manager.go:200.2,216.16 3 0
github.com/niiniyare/erp/internal/core/abac/policy_manager.go:216.16,220.3 3 0
github.com/niiniyare/erp/internal/core/abac/policy_manager.go:223.2,245.20 6 0
github.com/niiniyare/erp/internal/core/abac/policy_manager.go:266.119,280.16 5 0
github.com/niiniyare/erp/internal/core/abac/policy_manager.go:280.16,283.3 2 0
github.com/niiniyare/erp/internal/core/abac/policy_manager.go:286.2,287.31 2 0
github.com/niiniyare/erp/internal/core/abac/policy_manager.go:287.31,292.3 2 0
github.com/niiniyare/erp/internal/core/abac/policy_manager.go:295.2,296.16 2 0
github.com/niiniyare/erp/internal/core/abac/policy_manager.go:296.16,298.3 1 0
github.com/niiniyare/erp/internal/core/abac/policy_manager.go:301.2,318.16 3 0
github.com/niiniyare/erp/internal/core/abac/policy_manager.go:318.16,322.3 3 0
github.com/niiniyare/erp/internal/core/abac/policy_manager.go:325.2,325.12 1 0
github.com/niiniyare/erp/internal/core/abac/policy_manager.go:325.12,329.112 2 0
github.com/niiniyare/erp/internal/core/abac/policy_manager.go:329.112,332.4 1 0
github.com/niiniyare/erp/internal/core/abac/policy_manager.go:336.2,355.20 5 0
github.com/niiniyare/erp/internal/core/abac/policy_manager.go:365.92,382.16 5 0
github.com/niiniyare/erp/internal/core/abac/policy_manager.go:382.16,385.3 2 0
github.com/niiniyare/erp/internal/core/abac/policy_manager.go:388.2,388.16 1 0
github.com/niiniyare/erp/internal/core/abac/policy_manager.go:388.16,390.17 2 0
github.com/niiniyare/erp/internal/core/abac/policy_manager.go:390.17,393.4 2 0
github.com/niiniyare/erp/internal/core/abac/policy_manager.go:395.3,395.28 1 0
github.com/niiniyare/erp/internal/core/abac/policy_manager.go:395.28,399.4 2 0
github.com/niiniyare/erp/internal/core/abac/policy_manager.go:403.2,404.16 2 0
github.com/niiniyare/erp/internal/core/abac/policy_manager.go:404.16,408.3 3 0
github.com/niiniyare/erp/internal/core/abac/policy_manager.go:411.2,411.12 1 0
github.com/niiniyare/erp/internal/core/abac/policy_manager.go:411.12,415.112 2 0
github.com/niiniyare/erp/internal/core/abac/policy_manager.go:415.112,418.4 1 0
github.com/niiniyare/erp/internal/core/abac/policy_manager.go:421.2,431.12 4 0
github.com/niiniyare/erp/internal/core/abac/policy_manager.go:475.95,484.16 4 0
github.com/niiniyare/erp/internal/core/abac/policy_manager.go:484.16,487.3 2 0
github.com/niiniyare/erp/internal/core/abac/policy_manager.go:490.2,518.8 5 0
github.com/niiniyare/erp/internal/core/abac/policy_manager.go:521.113,523.2 1 0
github.com/niiniyare/erp/internal/core/abac/policy_manager.go:525.115,527.2 1 0
github.com/niiniyare/erp/internal/core/abac/policy_manager.go:529.119,531.2 1 0
github.com/niiniyare/erp/internal/core/abac/policy_manager.go:535.112,539.20 2 0
github.com/niiniyare/erp/internal/core/abac/policy_manager.go:539.20,542.3 2 0
github.com/niiniyare/erp/internal/core/abac/policy_manager.go:544.2,544.47 1 0
github.com/niiniyare/erp/internal/core/abac/policy_manager.go:544.47,547.3 2 0
github.com/niiniyare/erp/internal/core/abac/policy_manager.go:549.2,549.43 1 0
github.com/niiniyare/erp/internal/core/abac/policy_manager.go:549.43,552.3 2 0
github.com/niiniyare/erp/internal/core/abac/policy_manager.go:555.2,555.45 1 0
github.com/niiniyare/erp/internal/core/abac/policy_manager.go:555.45,558.3 2 0
github.com/niiniyare/erp/internal/core/abac/policy_manager.go:561.2,561.23 1 0
github.com/niiniyare/erp/internal/core/abac/policy_manager.go:561.23,562.90 1 0
github.com/niiniyare/erp/internal/core/abac/policy_manager.go:562.90,564.4 1 0
github.com/niiniyare/erp/internal/core/abac/policy_manager.go:565.3,565.71 1 0
github.com/niiniyare/erp/internal/core/abac/policy_manager.go:565.71,567.4 1 0
github.com/niiniyare/erp/internal/core/abac/policy_manager.go:570.2,570.15 1 0
github.com/niiniyare/erp/internal/core/abac/policy_manager.go:573.143,577.69 2 0
github.com/niiniyare/erp/internal/core/abac/policy_manager.go:577.69,579.3 1 0
github.com/niiniyare/erp/internal/core/abac/policy_manager.go:581.2,581.63 1 0
github.com/niiniyare/erp/internal/core/abac/policy_manager.go:581.63,583.3 1 0
github.com/niiniyare/erp/internal/core/abac/policy_manager.go:585.2,585.15 1 0
github.com/niiniyare/erp/internal/core/abac/policy_manager.go:588.127,596.2 1 0
github.com/niiniyare/erp/internal/core/abac/policy_manager.go:598.158,601.2 1 0
github.com/niiniyare/erp/internal/core/abac/policy_manager.go:603.109,609.2 1 0
github.com/niiniyare/erp/internal/core/abac/policy_manager.go:611.135,615.24 2 0
github.com/niiniyare/erp/internal/core/abac/policy_manager.go:615.24,617.3 1 0
github.com/niiniyare/erp/internal/core/abac/policy_manager.go:620.2,620.77 1 0
github.com/niiniyare/erp/internal/core/abac/policy_manager.go:620.77,622.3 1 0
github.com/niiniyare/erp/internal/core/abac/policy_manager.go:625.2,625.42 1 0
github.com/niiniyare/erp/internal/core/abac/policy_manager.go:625.42,627.3 1 0
github.com/niiniyare/erp/internal/core/abac/policy_manager.go:629.2,629.24 1 0
github.com/niiniyare/erp/internal/core/abac/policy_manager.go:632.126,635.43 2 0
github.com/niiniyare/erp/internal/core/abac/policy_manager.go:635.43,637.3 1 0
github.com/niiniyare/erp/internal/core/abac/policy_manager.go:639.2,639.24 1 0
github.com/niiniyare/erp/internal/core/abac/policy_templates.go:95.127,112.60 4 0
github.com/niiniyare/erp/internal/core/abac/policy_templates.go:112.60,115.3 2 0
github.com/niiniyare/erp/internal/core/abac/policy_templates.go:118.2,151.22 4 0
github.com/niiniyare/erp/internal/core/abac/policy_templates.go:271.113,290.16 6 0
github.com/niiniyare/erp/internal/core/abac/policy_templates.go:290.16,293.3 2 0
github.com/niiniyare/erp/internal/core/abac/policy_templates.go:295.2,301.44 5 0
github.com/niiniyare/erp/internal/core/abac/policy_templates.go:301.44,312.54 4 0
github.com/niiniyare/erp/internal/core/abac/policy_templates.go:312.54,318.12 2 0
github.com/niiniyare/erp/internal/core/abac/policy_templates.go:322.3,323.30 2 0
github.com/niiniyare/erp/internal/core/abac/policy_templates.go:323.30,324.43 1 0
github.com/niiniyare/erp/internal/core/abac/policy_templates.go:324.43,331.5 1 0
github.com/niiniyare/erp/internal/core/abac/policy_templates.go:335.3,335.45 1 0
github.com/niiniyare/erp/internal/core/abac/policy_templates.go:335.45,341.12 2 0
github.com/niiniyare/erp/internal/core/abac/policy_templates.go:345.3,346.62 2 0
github.com/niiniyare/erp/internal/core/abac/policy_templates.go:346.62,353.12 2 0
github.com/niiniyare/erp/internal/core/abac/policy_templates.go:357.3,358.61 2 0
github.com/niiniyare/erp/internal/core/abac/policy_templates.go:358.61,362.4 2 0
github.com/niiniyare/erp/internal/core/abac/policy_templates.go:362.9,366.4 2 0
github.com/niiniyare/erp/internal/core/abac/policy_templates.go:368.3,368.17 1 0
github.com/niiniyare/erp/internal/core/abac/policy_templates.go:368.17,374.12 2 0
github.com/niiniyare/erp/internal/core/abac/policy_templates.go:377.3,381.5 1 0
github.com/niiniyare/erp/internal/core/abac/policy_templates.go:384.2,422.20 8 0
github.com/niiniyare/erp/internal/core/abac/policy_templates.go:425.113,446.28 7 0
github.com/niiniyare/erp/internal/core/abac/policy_templates.go:446.28,449.3 1 0
github.com/niiniyare/erp/internal/core/abac/policy_templates.go:449.8,452.3 1 0
github.com/niiniyare/erp/internal/core/abac/policy_templates.go:454.2,454.16 1 0
github.com/niiniyare/erp/internal/core/abac/policy_templates.go:454.16,457.3 2 0
github.com/niiniyare/erp/internal/core/abac/policy_templates.go:460.2,466.33 4 0
github.com/niiniyare/erp/internal/core/abac/policy_templates.go:466.33,468.3 1 0
github.com/niiniyare/erp/internal/core/abac/policy_templates.go:468.8,470.17 2 0
github.com/niiniyare/erp/internal/core/abac/policy_templates.go:470.17,473.4 2 0
github.com/niiniyare/erp/internal/core/abac/policy_templates.go:476.2,480.24 3 0
github.com/niiniyare/erp/internal/core/abac/policy_templates.go:480.24,481.40 1 0
github.com/niiniyare/erp/internal/core/abac/policy_templates.go:481.40,483.4 1 0
github.com/niiniyare/erp/internal/core/abac/policy_templates.go:486.2,526.20 8 0
github.com/niiniyare/erp/internal/core/abac/policy_templates.go:531.110,533.35 1 0
github.com/niiniyare/erp/internal/core/abac/policy_templates.go:533.35,535.3 1 0
github.com/niiniyare/erp/internal/core/abac/policy_templates.go:537.2,537.31 1 0
github.com/niiniyare/erp/internal/core/abac/policy_templates.go:537.31,539.3 1 0
github.com/niiniyare/erp/internal/core/abac/policy_templates.go:541.2,541.65 1 0
github.com/niiniyare/erp/internal/core/abac/policy_templates.go:541.65,543.3 1 0
github.com/niiniyare/erp/internal/core/abac/policy_templates.go:545.2,545.61 1 0
github.com/niiniyare/erp/internal/core/abac/policy_templates.go:545.61,547.3 1 0
github.com/niiniyare/erp/internal/core/abac/policy_templates.go:550.2,550.39 1 0
github.com/niiniyare/erp/internal/core/abac/policy_templates.go:550.39,551.23 1 0
github.com/niiniyare/erp/internal/core/abac/policy_templates.go:551.23,553.4 1 0
github.com/niiniyare/erp/internal/core/abac/policy_templates.go:554.3,554.23 1 0
github.com/niiniyare/erp/internal/core/abac/policy_templates.go:554.23,556.4 1 0
github.com/niiniyare/erp/internal/core/abac/policy_templates.go:559.2,559.12 1 0
github.com/niiniyare/erp/internal/core/abac/policy_templates.go:562.95,569.65 3 0
github.com/niiniyare/erp/internal/core/abac/policy_templates.go:569.65,570.90 1 0
github.com/niiniyare/erp/internal/core/abac/policy_templates.go:570.90,572.4 1 0
github.com/niiniyare/erp/internal/core/abac/policy_templates.go:573.3,573.47 1 0
github.com/niiniyare/erp/internal/core/abac/policy_templates.go:573.47,575.4 1 0
github.com/niiniyare/erp/internal/core/abac/policy_templates.go:579.2,579.74 1 0
github.com/niiniyare/erp/internal/core/abac/policy_templates.go:579.74,581.3 1 0
github.com/niiniyare/erp/internal/core/abac/policy_templates.go:582.2,582.64 1 0
github.com/niiniyare/erp/internal/core/abac/policy_templates.go:582.64,584.3 1 0
github.com/niiniyare/erp/internal/core/abac/policy_templates.go:586.2,586.15 1 0
github.com/niiniyare/erp/internal/core/abac/policy_templates.go:586.15,588.3 1 0
github.com/niiniyare/erp/internal/core/abac/policy_templates.go:588.8,588.23 1 0
github.com/niiniyare/erp/internal/core/abac/policy_templates.go:588.23,590.3 1 0
github.com/niiniyare/erp/internal/core/abac/policy_templates.go:590.8,592.3 1 0
github.com/niiniyare/erp/internal/core/abac/policy_templates.go:611.119,614.33 2 0
github.com/niiniyare/erp/internal/core/abac/policy_templates.go:615.14,618.60 2 0
github.com/niiniyare/erp/internal/core/abac/policy_templates.go:618.60,620.4 1 0
github.com/niiniyare/erp/internal/core/abac/policy_templates.go:620.9,623.62 2 0
github.com/niiniyare/erp/internal/core/abac/policy_templates.go:623.62,625.5 1 0
github.com/niiniyare/erp/internal/core/abac/policy_templates.go:626.4,626.47 1 0
github.com/niiniyare/erp/internal/core/abac/policy_templates.go:628.14,630.60 1 0
github.com/niiniyare/erp/internal/core/abac/policy_templates.go:631.13,633.59 1 0
github.com/niiniyare/erp/internal/core/abac/policy_templates.go:634.10,635.59 1 0
github.com/niiniyare/erp/internal/core/abac/policy_templates.go:638.2,638.22 1 0
github.com/niiniyare/erp/internal/core/abac/policy_templates.go:641.145,645.27 2 0
github.com/niiniyare/erp/internal/core/abac/policy_templates.go:645.27,648.3 2 0
github.com/niiniyare/erp/internal/core/abac/policy_templates.go:650.2,650.33 1 0
github.com/niiniyare/erp/internal/core/abac/policy_templates.go:650.33,653.3 2 0
github.com/niiniyare/erp/internal/core/abac/policy_templates.go:655.2,655.29 1 0
github.com/niiniyare/erp/internal/core/abac/policy_templates.go:655.29,658.3 2 0
github.com/niiniyare/erp/internal/core/abac/policy_templates.go:660.2,660.61 1 0
github.com/niiniyare/erp/internal/core/abac/policy_templates.go:660.61,663.3 2 0
github.com/niiniyare/erp/internal/core/abac/policy_templates.go:665.2,665.57 1 0
github.com/niiniyare/erp/internal/core/abac/policy_templates.go:665.57,668.3 2 0
github.com/niiniyare/erp/internal/core/abac/policy_templates.go:671.2,671.59 1 0
github.com/niiniyare/erp/internal/core/abac/policy_templates.go:671.59,673.3 1 0
github.com/niiniyare/erp/internal/core/abac/policy_templates.go:675.2,675.15 1 0
github.com/niiniyare/erp/internal/core/abac/policy_templates.go:678.152,683.37 3 0
github.com/niiniyare/erp/internal/core/abac/policy_templates.go:683.37,684.56 1 0
github.com/niiniyare/erp/internal/core/abac/policy_templates.go:684.56,687.4 2 0
github.com/niiniyare/erp/internal/core/abac/policy_templates.go:691.2,691.37 1 0
github.com/niiniyare/erp/internal/core/abac/policy_templates.go:691.37,693.22 2 0
github.com/niiniyare/erp/internal/core/abac/policy_templates.go:693.22,695.4 1 0
github.com/niiniyare/erp/internal/core/abac/policy_templates.go:695.9,695.32 1 0
github.com/niiniyare/erp/internal/core/abac/policy_templates.go:695.32,697.4 1 0
github.com/niiniyare/erp/internal/core/abac/policy_templates.go:698.3,698.42 1 0
github.com/niiniyare/erp/internal/core/abac/policy_templates.go:698.42,701.4 2 0
github.com/niiniyare/erp/internal/core/abac/policy_templates.go:705.2,705.32 1 0
github.com/niiniyare/erp/internal/core/abac/policy_templates.go:705.32,708.3 2 0
github.com/niiniyare/erp/internal/core/abac/policy_templates.go:711.2,711.23 1 0
github.com/niiniyare/erp/internal/core/abac/policy_templates.go:711.23,712.27 1 0
github.com/niiniyare/erp/internal/core/abac/policy_templates.go:712.27,715.4 2 0
github.com/niiniyare/erp/internal/core/abac/policy_templates.go:718.2,718.30 1 0
github.com/niiniyare/erp/internal/core/abac/policy_templates.go:721.132,736.2 1 0
github.com/niiniyare/erp/internal/core/abac/policy_templates.go:738.124,749.2 1 0
github.com/niiniyare/erp/internal/core/abac/policy_templates.go:751.123,755.33 2 0
github.com/niiniyare/erp/internal/core/abac/policy_templates.go:755.33,757.3 1 0
github.com/niiniyare/erp/internal/core/abac/policy_templates.go:759.2,766.49 2 0
github.com/niiniyare/erp/internal/core/abac/policy_templates.go:769.141,772.34 2 0
github.com/niiniyare/erp/internal/core/abac/policy_templates.go:772.34,790.30 2 0
github.com/niiniyare/erp/internal/core/abac/policy_templates.go:790.30,794.4 3 0
github.com/niiniyare/erp/internal/core/abac/policy_templates.go:797.3,797.47 1 0
github.com/niiniyare/erp/internal/core/abac/policy_templates.go:797.47,799.4 1 0
github.com/niiniyare/erp/internal/core/abac/policy_templates.go:801.3,801.45 1 0
github.com/niiniyare/erp/internal/core/abac/policy_templates.go:804.2,804.19 1 0
github.com/niiniyare/erp/internal/core/abac/policy_templates.go:807.143,808.33 1 0
github.com/niiniyare/erp/internal/core/abac/policy_templates.go:809.14,810.27 1 0
github.com/niiniyare/erp/internal/core/abac/policy_templates.go:810.27,812.4 1 0
github.com/niiniyare/erp/internal/core/abac/policy_templates.go:812.9,814.4 1 0
github.com/niiniyare/erp/internal/core/abac/policy_templates.go:815.14,817.60 1 0
github.com/niiniyare/erp/internal/core/abac/policy_templates.go:818.13,820.59 1 0
github.com/niiniyare/erp/internal/core/abac/policy_templates.go:821.10,822.59 1 0
github.com/niiniyare/erp/internal/core/abac/policy_templates.go:826.146,831.34 3 0
github.com/niiniyare/erp/internal/core/abac/policy_templates.go:831.34,832.58 1 0
github.com/niiniyare/erp/internal/core/abac/policy_templates.go:832.58,834.4 1 0
github.com/niiniyare/erp/internal/core/abac/policy_templates.go:838.2,838.49 1 0
github.com/niiniyare/erp/internal/core/abac/policy_templates.go:838.49,840.89 2 0
github.com/niiniyare/erp/internal/core/abac/policy_templates.go:840.89,842.4 1 0
github.com/niiniyare/erp/internal/core/abac/policy_templates.go:845.2,845.14 1 0
github.com/niiniyare/erp/internal/core/abac/policy_templates.go:848.64,852.2 1 0
github.com/niiniyare/erp/internal/core/abac/policy_testing.go:105.109,124.16 6 0
github.com/niiniyare/erp/internal/core/abac/policy_testing.go:124.16,127.3 2 0
github.com/niiniyare/erp/internal/core/abac/policy_testing.go:130.2,134.41 4 0
github.com/niiniyare/erp/internal/core/abac/policy_testing.go:134.41,142.17 3 0
github.com/niiniyare/erp/internal/core/abac/policy_testing.go:142.17,150.4 2 0
github.com/niiniyare/erp/internal/core/abac/policy_testing.go:152.3,153.20 2 0
github.com/niiniyare/erp/internal/core/abac/policy_testing.go:153.20,155.4 1 0
github.com/niiniyare/erp/internal/core/abac/policy_testing.go:158.2,198.20 10 0
github.com/niiniyare/erp/internal/core/abac/policy_testing.go:201.141,249.2 8 0
github.com/niiniyare/erp/internal/core/abac/policy_testing.go:251.140,255.22 3 0
github.com/niiniyare/erp/internal/core/abac/policy_testing.go:255.22,258.3 2 0
github.com/niiniyare/erp/internal/core/abac/policy_testing.go:260.2,260.33 1 0
github.com/niiniyare/erp/internal/core/abac/policy_testing.go:260.33,262.37 2 0
github.com/niiniyare/erp/internal/core/abac/policy_testing.go:262.37,264.4 1 0
github.com/niiniyare/erp/internal/core/abac/policy_testing.go:265.3,265.37 1 0
github.com/niiniyare/erp/internal/core/abac/policy_testing.go:265.37,267.4 1 0
github.com/niiniyare/erp/internal/core/abac/policy_testing.go:269.3,269.21 1 0
github.com/niiniyare/erp/internal/core/abac/policy_testing.go:269.21,272.4 1 0
github.com/niiniyare/erp/internal/core/abac/policy_testing.go:275.2,298.36 4 0
github.com/niiniyare/erp/internal/core/abac/policy_testing.go:298.36,300.3 1 0
github.com/niiniyare/erp/internal/core/abac/policy_testing.go:302.2,302.32 1 0
github.com/niiniyare/erp/internal/core/abac/policy_testing.go:302.32,304.3 1 0
github.com/niiniyare/erp/internal/core/abac/policy_testing.go:306.2,310.3 1 0
github.com/niiniyare/erp/internal/core/abac/policy_testing.go:382.131,403.16 6 0
github.com/niiniyare/erp/internal/core/abac/policy_testing.go:403.16,406.3 2 0
github.com/niiniyare/erp/internal/core/abac/policy_testing.go:409.2,410.16 2 0
github.com/niiniyare/erp/internal/core/abac/policy_testing.go:410.16,413.3 2 0
github.com/niiniyare/erp/internal/core/abac/policy_testing.go:416.2,450.20 8 0
github.com/niiniyare/erp/internal/core/abac/policy_testing.go:453.136,475.2 2 0
github.com/niiniyare/erp/internal/core/abac/policy_testing.go:477.152,499.2 2 0
github.com/niiniyare/erp/internal/core/abac/policy_testing.go:557.138,565.57 5 0
github.com/niiniyare/erp/internal/core/abac/policy_testing.go:565.57,567.3 1 0
github.com/niiniyare/erp/internal/core/abac/policy_testing.go:568.2,568.57 1 0
github.com/niiniyare/erp/internal/core/abac/policy_testing.go:568.57,570.3 1 0
github.com/niiniyare/erp/internal/core/abac/policy_testing.go:571.2,571.51 1 0
github.com/niiniyare/erp/internal/core/abac/policy_testing.go:571.51,573.3 1 0
github.com/niiniyare/erp/internal/core/abac/policy_testing.go:575.2,606.17 4 0
github.com/niiniyare/erp/internal/core/abac/policy_testing.go:609.149,612.74 2 0
github.com/niiniyare/erp/internal/core/abac/policy_testing.go:612.74,615.3 2 0
github.com/niiniyare/erp/internal/core/abac/policy_testing.go:617.2,617.54 1 0
github.com/niiniyare/erp/internal/core/abac/policy_testing.go:617.54,619.3 1 0
github.com/niiniyare/erp/internal/core/abac/policy_testing.go:621.2,621.55 1 0
github.com/niiniyare/erp/internal/core/abac/policy_testing.go:621.55,623.3 1 0
github.com/niiniyare/erp/internal/core/abac/policy_testing.go:625.2,625.54 1 0
github.com/niiniyare/erp/internal/core/abac/policy_testing.go:625.54,627.3 1 0
github.com/niiniyare/erp/internal/core/abac/policy_testing.go:629.2,629.110 1 0
github.com/niiniyare/erp/internal/core/abac/policy_testing.go:629.110,632.3 2 0
github.com/niiniyare/erp/internal/core/abac/policy_testing.go:634.2,634.24 1 0
github.com/niiniyare/erp/internal/core/abac/policy_testing.go:638.27,639.11 1 0
github.com/niiniyare/erp/internal/core/abac/policy_testing.go:639.11,641.3 1 0
github.com/niiniyare/erp/internal/core/abac/policy_testing.go:642.2,642.10 1 0
github.com/niiniyare/erp/internal/core/abac/policy_testing.go:645.33,646.11 1 0
github.com/niiniyare/erp/internal/core/abac/policy_testing.go:646.11,648.3 1 0
github.com/niiniyare/erp/internal/core/abac/policy_testing.go:649.2,649.10 1 0
github.com/niiniyare/erp/internal/core/abac/security_compliance.go:94.29,107.2 1 0
github.com/niiniyare/erp/internal/core/abac/security_compliance.go:109.158,111.2 1 0
github.com/niiniyare/erp/internal/core/abac/security_compliance.go:113.153,115.2 1 0
github.com/niiniyare/erp/internal/core/abac/security_compliance.go:117.128,119.2 1 0
github.com/niiniyare/erp/internal/core/abac/security_compliance.go:121.139,123.2 1 0
github.com/niiniyare/erp/internal/core/abac/security_compliance.go:125.131,127.2 1 0
github.com/niiniyare/erp/internal/core/abac/security_compliance.go:137.58,142.16 3 0
github.com/niiniyare/erp/internal/core/abac/security_compliance.go:142.16,143.57 1 0
github.com/niiniyare/erp/internal/core/abac/security_compliance.go:146.2,147.16 2 0
github.com/niiniyare/erp/internal/core/abac/security_compliance.go:147.16,148.54 1 0
github.com/niiniyare/erp/internal/core/abac/security_compliance.go:151.2,154.3 1 0
github.com/niiniyare/erp/internal/core/abac/security_compliance.go:157.136,162.15 4 0
github.com/niiniyare/erp/internal/core/abac/security_compliance.go:162.15,166.3 2 0
github.com/niiniyare/erp/internal/core/abac/security_compliance.go:169.2,169.59 1 0
github.com/niiniyare/erp/internal/core/abac/security_compliance.go:169.59,171.3 1 0
github.com/niiniyare/erp/internal/core/abac/security_compliance.go:174.2,177.64 2 0
github.com/niiniyare/erp/internal/core/abac/security_compliance.go:177.64,184.3 1 0
github.com/niiniyare/erp/internal/core/abac/security_compliance.go:187.2,188.16 2 0
github.com/niiniyare/erp/internal/core/abac/security_compliance.go:188.16,191.3 2 0
github.com/niiniyare/erp/internal/core/abac/security_compliance.go:194.2,209.60 2 0
github.com/niiniyare/erp/internal/core/abac/security_compliance.go:209.60,211.3 1 0
github.com/niiniyare/erp/internal/core/abac/security_compliance.go:213.2,230.8 2 0
github.com/niiniyare/erp/internal/core/abac/security_compliance.go:233.136,238.63 3 0
github.com/niiniyare/erp/internal/core/abac/security_compliance.go:238.63,240.3 1 0
github.com/niiniyare/erp/internal/core/abac/security_compliance.go:243.2,244.16 2 0
github.com/niiniyare/erp/internal/core/abac/security_compliance.go:244.16,247.3 2 0
github.com/niiniyare/erp/internal/core/abac/security_compliance.go:250.2,262.60 2 0
github.com/niiniyare/erp/internal/core/abac/security_compliance.go:262.60,264.3 1 0
github.com/niiniyare/erp/internal/core/abac/security_compliance.go:266.2,269.8 1 0
github.com/niiniyare/erp/internal/core/abac/security_compliance.go:281.92,292.2 3 0
github.com/niiniyare/erp/internal/core/abac/security_compliance.go:294.107,315.59 4 0
github.com/niiniyare/erp/internal/core/abac/security_compliance.go:315.59,318.3 2 0
github.com/niiniyare/erp/internal/core/abac/security_compliance.go:321.2,334.12 3 0
github.com/niiniyare/erp/internal/core/abac/security_compliance.go:337.125,342.63 3 0
github.com/niiniyare/erp/internal/core/abac/security_compliance.go:342.63,344.3 1 0
github.com/niiniyare/erp/internal/core/abac/security_compliance.go:347.2,355.26 2 0
github.com/niiniyare/erp/internal/core/abac/security_compliance.go:355.26,357.3 1 0
github.com/niiniyare/erp/internal/core/abac/security_compliance.go:360.2,361.16 2 0
github.com/niiniyare/erp/internal/core/abac/security_compliance.go:361.16,364.3 2 0
github.com/niiniyare/erp/internal/core/abac/security_compliance.go:367.2,368.40 2 0
github.com/niiniyare/erp/internal/core/abac/security_compliance.go:368.40,370.33 2 0
github.com/niiniyare/erp/internal/core/abac/security_compliance.go:370.33,373.4 2 0
github.com/niiniyare/erp/internal/core/abac/security_compliance.go:374.3,375.31 2 0
github.com/niiniyare/erp/internal/core/abac/security_compliance.go:375.31,378.4 2 0
github.com/niiniyare/erp/internal/core/abac/security_compliance.go:379.3,380.28 2 0
github.com/niiniyare/erp/internal/core/abac/security_compliance.go:380.28,383.4 2 0
github.com/niiniyare/erp/internal/core/abac/security_compliance.go:384.3,385.28 2 0
github.com/niiniyare/erp/internal/core/abac/security_compliance.go:385.28,388.4 2 0
github.com/niiniyare/erp/internal/core/abac/security_compliance.go:390.3,401.4 1 0
github.com/niiniyare/erp/internal/core/abac/security_compliance.go:405.2,417.65 2 0
github.com/niiniyare/erp/internal/core/abac/security_compliance.go:417.65,419.3 1 0
github.com/niiniyare/erp/internal/core/abac/security_compliance.go:421.2,426.8 1 0
github.com/niiniyare/erp/internal/core/abac/security_compliance.go:438.46,447.2 3 0
github.com/niiniyare/erp/internal/core/abac/security_compliance.go:449.142,454.15 4 0
github.com/niiniyare/erp/internal/core/abac/security_compliance.go:454.15,458.3 2 0
github.com/niiniyare/erp/internal/core/abac/security_compliance.go:461.2,462.16 2 0
github.com/niiniyare/erp/internal/core/abac/security_compliance.go:462.16,464.3 1 0
github.com/niiniyare/erp/internal/core/abac/security_compliance.go:467.2,468.16 2 0
github.com/niiniyare/erp/internal/core/abac/security_compliance.go:468.16,470.3 1 0
github.com/niiniyare/erp/internal/core/abac/security_compliance.go:473.2,474.16 2 0
github.com/niiniyare/erp/internal/core/abac/security_compliance.go:474.16,476.3 1 0
github.com/niiniyare/erp/internal/core/abac/security_compliance.go:479.2,493.60 2 0
github.com/niiniyare/erp/internal/core/abac/security_compliance.go:493.60,495.3 1 0
github.com/niiniyare/erp/internal/core/abac/security_compliance.go:497.2,504.20 2 0
github.com/niiniyare/erp/internal/core/abac/security_compliance.go:507.162,513.16 4 0
github.com/niiniyare/erp/internal/core/abac/security_compliance.go:513.16,515.3 1 0
github.com/niiniyare/erp/internal/core/abac/security_compliance.go:518.2,520.29 2 0
github.com/niiniyare/erp/internal/core/abac/security_compliance.go:520.29,522.17 2 0
github.com/niiniyare/erp/internal/core/abac/security_compliance.go:522.17,524.12 2 0
github.com/niiniyare/erp/internal/core/abac/security_compliance.go:527.3,527.23 1 0
github.com/niiniyare/erp/internal/core/abac/security_compliance.go:527.23,529.4 1 0
github.com/niiniyare/erp/internal/core/abac/security_compliance.go:533.2,544.20 3 0
github.com/niiniyare/erp/internal/core/abac/security_compliance.go:556.48,565.2 3 0
github.com/niiniyare/erp/internal/core/abac/security_compliance.go:567.137,578.41 6 0
github.com/niiniyare/erp/internal/core/abac/security_compliance.go:578.41,580.17 2 0
github.com/niiniyare/erp/internal/core/abac/security_compliance.go:580.17,582.12 2 0
github.com/niiniyare/erp/internal/core/abac/security_compliance.go:585.3,586.17 2 0
github.com/niiniyare/erp/internal/core/abac/security_compliance.go:586.17,588.12 2 0
github.com/niiniyare/erp/internal/core/abac/security_compliance.go:591.3,592.54 2 0
github.com/niiniyare/erp/internal/core/abac/security_compliance.go:596.2,597.16 2 0
github.com/niiniyare/erp/internal/core/abac/security_compliance.go:597.16,599.3 1 0
github.com/niiniyare/erp/internal/core/abac/security_compliance.go:601.2,609.20 2 0
github.com/niiniyare/erp/internal/core/abac/security_compliance.go:612.141,617.66 3 0
github.com/niiniyare/erp/internal/core/abac/security_compliance.go:617.66,619.3 1 0
github.com/niiniyare/erp/internal/core/abac/security_compliance.go:622.2,625.25 3 0
github.com/niiniyare/erp/internal/core/abac/security_compliance.go:626.36,627.57 1 0
github.com/niiniyare/erp/internal/core/abac/security_compliance.go:628.43,629.64 1 0
github.com/niiniyare/erp/internal/core/abac/security_compliance.go:630.37,631.58 1 0
github.com/niiniyare/erp/internal/core/abac/security_compliance.go:632.41,633.62 1 0
github.com/niiniyare/erp/internal/core/abac/security_compliance.go:634.41,635.62 1 0
github.com/niiniyare/erp/internal/core/abac/security_compliance.go:636.10,637.81 1 0
github.com/niiniyare/erp/internal/core/abac/security_compliance.go:640.2,640.16 1 0
github.com/niiniyare/erp/internal/core/abac/security_compliance.go:640.16,642.3 1 0
github.com/niiniyare/erp/internal/core/abac/security_compliance.go:645.2,658.60 2 0
github.com/niiniyare/erp/internal/core/abac/security_compliance.go:658.60,660.3 1 0
github.com/niiniyare/erp/internal/core/abac/security_compliance.go:662.2,669.22 2 0
github.com/niiniyare/erp/internal/core/abac/security_compliance.go:682.44,689.2 1 0
github.com/niiniyare/erp/internal/core/abac/security_compliance.go:691.145,697.16 4 0
github.com/niiniyare/erp/internal/core/abac/security_compliance.go:697.16,699.3 1 0
github.com/niiniyare/erp/internal/core/abac/security_compliance.go:702.2,704.75 2 0
github.com/niiniyare/erp/internal/core/abac/security_compliance.go:704.75,706.17 2 0
github.com/niiniyare/erp/internal/core/abac/security_compliance.go:706.17,708.12 2 0
github.com/niiniyare/erp/internal/core/abac/security_compliance.go:711.3,711.45 1 0
github.com/niiniyare/erp/internal/core/abac/security_compliance.go:715.2,719.36 3 0
github.com/niiniyare/erp/internal/core/abac/security_compliance.go:719.36,720.49 1 0
github.com/niiniyare/erp/internal/core/abac/security_compliance.go:720.49,722.18 2 0
github.com/niiniyare/erp/internal/core/abac/security_compliance.go:722.18,724.13 2 0
github.com/niiniyare/erp/internal/core/abac/security_compliance.go:726.4,726.35 1 0
github.com/niiniyare/erp/internal/core/abac/security_compliance.go:730.2,737.20 2 0
github.com/niiniyare/erp/internal/core/abac/security_compliance.go:749.38,758.2 3 0
github.com/niiniyare/erp/internal/core/abac/security_compliance.go:760.138,766.16 4 0
github.com/niiniyare/erp/internal/core/abac/security_compliance.go:766.16,768.3 1 0
github.com/niiniyare/erp/internal/core/abac/security_compliance.go:771.2,773.60 2 0
github.com/niiniyare/erp/internal/core/abac/security_compliance.go:773.60,775.17 2 0
github.com/niiniyare/erp/internal/core/abac/security_compliance.go:775.17,777.12 2 0
github.com/niiniyare/erp/internal/core/abac/security_compliance.go:780.3,780.32 1 0
github.com/niiniyare/erp/internal/core/abac/security_compliance.go:784.2,803.24 5 0
github.com/niiniyare/erp/internal/core/abac/security_compliance.go:808.90,814.59 4 0
github.com/niiniyare/erp/internal/core/abac/security_compliance.go:814.59,816.3 1 0
github.com/niiniyare/erp/internal/core/abac/security_compliance.go:819.2,823.59 3 0
github.com/niiniyare/erp/internal/core/abac/security_compliance.go:826.99,832.16 4 0
github.com/niiniyare/erp/internal/core/abac/security_compliance.go:832.16,834.3 1 0
github.com/niiniyare/erp/internal/core/abac/security_compliance.go:837.2,838.33 2 0
github.com/niiniyare/erp/internal/core/abac/security_compliance.go:838.33,840.3 1 0
github.com/niiniyare/erp/internal/core/abac/security_compliance.go:842.2,846.16 3 0
github.com/niiniyare/erp/internal/core/abac/security_compliance.go:846.16,848.3 1 0
github.com/niiniyare/erp/internal/core/abac/security_compliance.go:850.2,850.31 1 0
github.com/niiniyare/erp/internal/core/abac/security_compliance.go:853.55,860.27 4 0
github.com/niiniyare/erp/internal/core/abac/security_compliance.go:860.27,862.3 1 0
github.com/niiniyare/erp/internal/core/abac/security_compliance.go:864.2,864.12 1 0
github.com/niiniyare/erp/internal/core/abac/security_compliance.go:867.42,871.21 3 0
github.com/niiniyare/erp/internal/core/abac/security_compliance.go:871.21,873.3 1 0
github.com/niiniyare/erp/internal/core/abac/security_compliance.go:876.32,878.25 2 0
github.com/niiniyare/erp/internal/core/abac/security_compliance.go:878.25,881.3 2 0
github.com/niiniyare/erp/internal/core/abac/security_compliance.go:883.2,890.31 6 0
github.com/niiniyare/erp/internal/core/abac/security_compliance.go:890.31,892.27 2 0
github.com/niiniyare/erp/internal/core/abac/security_compliance.go:892.27,894.4 1 0
github.com/niiniyare/erp/internal/core/abac/security_compliance.go:895.3,895.30 1 0
github.com/niiniyare/erp/internal/core/abac/security_compliance.go:895.30,897.4 1 0
github.com/niiniyare/erp/internal/core/abac/security_compliance.go:898.3,899.29 2 0
github.com/niiniyare/erp/internal/core/abac/security_compliance.go:899.29,901.4 1 0
github.com/niiniyare/erp/internal/core/abac/security_compliance.go:902.3,902.29 1 0
github.com/niiniyare/erp/internal/core/abac/security_compliance.go:902.29,904.4 1 0
github.com/niiniyare/erp/internal/core/abac/security_compliance.go:906.3,916.58 2 0
github.com/niiniyare/erp/internal/core/abac/security_compliance.go:916.58,918.4 1 0
github.com/niiniyare/erp/internal/core/abac/security_compliance.go:924.96,925.20 1 0
github.com/niiniyare/erp/internal/core/abac/security_compliance.go:925.20,927.3 1 0
github.com/niiniyare/erp/internal/core/abac/security_compliance.go:928.2,928.24 1 0
github.com/niiniyare/erp/internal/core/abac/security_compliance.go:928.24,930.3 1 0
github.com/niiniyare/erp/internal/core/abac/security_compliance.go:931.2,931.12 1 0
github.com/niiniyare/erp/internal/core/abac/security_compliance.go:934.94,936.18 1 0
github.com/niiniyare/erp/internal/core/abac/security_compliance.go:937.30,938.36 1 0
github.com/niiniyare/erp/internal/core/abac/security_compliance.go:939.30,940.37 1 0
github.com/niiniyare/erp/internal/core/abac/security_compliance.go:941.27,942.34 1 0
github.com/niiniyare/erp/internal/core/abac/security_compliance.go:943.32,944.40 1 0
github.com/niiniyare/erp/internal/core/abac/security_compliance.go:945.10,946.34 1 0
github.com/niiniyare/erp/internal/core/abac/security_compliance.go:950.127,951.24 1 0
github.com/niiniyare/erp/internal/core/abac/security_compliance.go:952.89,953.14 1 0
github.com/niiniyare/erp/internal/core/abac/security_compliance.go:954.38,955.44 1 0
github.com/niiniyare/erp/internal/core/abac/security_compliance.go:956.10,957.48 1 0
github.com/niiniyare/erp/internal/core/abac/security_compliance.go:961.116,964.2 1 0
github.com/niiniyare/erp/internal/core/abac/security_compliance.go:966.115,969.2 1 0
github.com/niiniyare/erp/internal/core/abac/security_compliance.go:971.96,974.26 2 0
github.com/niiniyare/erp/internal/core/abac/security_compliance.go:974.26,976.3 1 0
github.com/niiniyare/erp/internal/core/abac/security_compliance.go:977.2,977.24 1 0
github.com/niiniyare/erp/internal/core/abac/security_compliance.go:977.24,979.3 1 0
github.com/niiniyare/erp/internal/core/abac/security_compliance.go:980.2,980.28 1 0
github.com/niiniyare/erp/internal/core/abac/security_compliance.go:980.28,982.3 1 0
github.com/niiniyare/erp/internal/core/abac/security_compliance.go:983.2,983.26 1 0
github.com/niiniyare/erp/internal/core/abac/security_compliance.go:983.26,985.3 1 0
github.com/niiniyare/erp/internal/core/abac/security_compliance.go:986.2,986.24 1 0
github.com/niiniyare/erp/internal/core/abac/security_compliance.go:986.24,988.3 1 0
github.com/niiniyare/erp/internal/core/abac/security_compliance.go:990.2,990.16 1 0
github.com/niiniyare/erp/internal/core/abac/security_compliance.go:993.52,1017.2 3 0
github.com/niiniyare/erp/internal/core/abac/security_compliance.go:1019.99,1024.13 4 0
github.com/niiniyare/erp/internal/core/abac/security_compliance.go:1024.13,1026.3 1 0
github.com/niiniyare/erp/internal/core/abac/security_compliance.go:1028.2,1028.20 1 0
github.com/niiniyare/erp/internal/core/abac/security_compliance.go:1031.104,1034.2 1 0
github.com/niiniyare/erp/internal/core/abac/security_compliance.go:1036.137,1039.2 1 0
github.com/niiniyare/erp/internal/core/abac/security_compliance.go:1041.191,1054.2 1 0
github.com/niiniyare/erp/internal/core/abac/security_compliance.go:1056.158,1059.2 1 0
github.com/niiniyare/erp/internal/core/abac/security_compliance.go:1061.100,1062.21 1 0
github.com/niiniyare/erp/internal/core/abac/security_compliance.go:1062.21,1064.3 1 0
github.com/niiniyare/erp/internal/core/abac/security_compliance.go:1065.2,1065.69 1 0
github.com/niiniyare/erp/internal/core/abac/security_compliance.go:1294.42,1296.2 1 0
github.com/niiniyare/erp/internal/core/abac/security_compliance.go:1332.54,1334.2 1 0
github.com/niiniyare/erp/internal/core/abac/security_compliance.go:1336.116,1338.2 1 0
github.com/niiniyare/erp/internal/core/abac/security_compliance.go:1342.42,1344.2 1 0
github.com/niiniyare/erp/internal/core/abac/security_compliance.go:1346.84,1348.2 1 0
github.com/niiniyare/erp/internal/core/abac/security_compliance.go:1352.42,1354.2 1 0
github.com/niiniyare/erp/internal/core/abac/security_compliance.go:1356.82,1358.2 1 0
github.com/niiniyare/erp/internal/core/abac/security_compliance.go:1380.114,1382.2 1 0
github.com/niiniyare/erp/internal/core/abac/security_compliance.go:1384.101,1386.2 1 0
github.com/niiniyare/erp/internal/core/abac/security_compliance.go:1388.117,1390.2 1 0
github.com/niiniyare/erp/internal/core/abac/security_compliance.go:1392.114,1394.2 1 0
github.com/niiniyare/erp/internal/core/abac/security_compliance.go:1396.54,1396.55 0 0
github.com/niiniyare/erp/internal/core/abac/security_compliance.go:1398.119,1400.2 1 0
github.com/niiniyare/erp/internal/core/abac/security_compliance.go:1402.140,1404.2 1 0
github.com/niiniyare/erp/internal/core/abac/security_compliance.go:1406.147,1408.2 1 0
github.com/niiniyare/erp/internal/core/abac/security_compliance.go:1410.141,1412.2 1 0
github.com/niiniyare/erp/internal/core/abac/security_compliance.go:1414.145,1416.2 1 0
github.com/niiniyare/erp/internal/core/abac/security_compliance.go:1418.145,1420.2 1 0
github.com/niiniyare/erp/internal/core/abac/security_compliance.go:1422.136,1424.2 1 0
github.com/niiniyare/erp/internal/core/abac/security_compliance.go:1426.129,1428.2 1 0
github.com/niiniyare/erp/internal/core/abac/security_compliance.go:1430.49,1430.50 0 0
github.com/niiniyare/erp/internal/core/abac/security_compliance.go:1432.83,1433.9 1 0
github.com/niiniyare/erp/internal/core/abac/security_compliance.go:1434.20,1435.27 1 0
github.com/niiniyare/erp/internal/core/abac/security_compliance.go:1436.20,1437.23 1 0
github.com/niiniyare/erp/internal/core/abac/security_compliance.go:1438.20,1439.25 1 0
github.com/niiniyare/erp/internal/core/abac/security_compliance.go:1440.10,1441.22 1 0
github.com/niiniyare/erp/internal/core/abac/security_compliance.go:1445.138,1447.2 1 0
github.com/niiniyare/erp/internal/core/abac/service.go:77.11,101.2 4 0
github.com/niiniyare/erp/internal/core/abac/service.go:125.130,136.21 5 0
github.com/niiniyare/erp/internal/core/abac/service.go:136.21,138.3 1 0
github.com/niiniyare/erp/internal/core/abac/service.go:140.2,150.16 3 0
github.com/niiniyare/erp/internal/core/abac/service.go:150.16,153.3 2 0
github.com/niiniyare/erp/internal/core/abac/service.go:156.2,163.16 3 0
github.com/niiniyare/erp/internal/core/abac/service.go:163.16,166.3 2 0
github.com/niiniyare/erp/internal/core/abac/service.go:169.2,177.16 3 0
github.com/niiniyare/erp/internal/core/abac/service.go:177.16,180.3 2 0
github.com/niiniyare/erp/internal/core/abac/service.go:183.2,189.63 2 0
github.com/niiniyare/erp/internal/core/abac/service.go:189.63,191.3 1 0
github.com/niiniyare/erp/internal/core/abac/service.go:192.2,192.70 1 0
github.com/niiniyare/erp/internal/core/abac/service.go:192.70,194.3 1 0
github.com/niiniyare/erp/internal/core/abac/service.go:196.2,197.16 2 0
github.com/niiniyare/erp/internal/core/abac/service.go:197.16,200.3 2 0
github.com/niiniyare/erp/internal/core/abac/service.go:203.2,206.41 2 0
github.com/niiniyare/erp/internal/core/abac/service.go:206.41,208.3 1 0
github.com/niiniyare/erp/internal/core/abac/service.go:211.2,211.45 1 0
github.com/niiniyare/erp/internal/core/abac/service.go:211.45,213.3 1 0
github.com/niiniyare/erp/internal/core/abac/service.go:216.2,216.39 1 0
github.com/niiniyare/erp/internal/core/abac/service.go:216.39,218.3 1 0
github.com/niiniyare/erp/internal/core/abac/service.go:221.2,221.32 1 0
github.com/niiniyare/erp/internal/core/abac/service.go:221.32,223.3 1 0
github.com/niiniyare/erp/internal/core/abac/service.go:226.2,242.16 6 0
github.com/niiniyare/erp/internal/core/abac/service.go:242.16,245.3 2 0
github.com/niiniyare/erp/internal/core/abac/service.go:247.2,278.20 7 0
github.com/niiniyare/erp/internal/core/abac/service.go:300.143,309.21 5 0
github.com/niiniyare/erp/internal/core/abac/service.go:309.21,311.3 1 0
github.com/niiniyare/erp/internal/core/abac/service.go:313.2,324.39 5 0
github.com/niiniyare/erp/internal/core/abac/service.go:324.39,328.17 3 0
github.com/niiniyare/erp/internal/core/abac/service.go:328.17,349.4 3 0
github.com/niiniyare/erp/internal/core/abac/service.go:349.9,352.4 2 0
github.com/niiniyare/erp/internal/core/abac/service.go:355.2,389.20 8 0
github.com/niiniyare/erp/internal/core/abac/service.go:398.102,407.21 5 0
github.com/niiniyare/erp/internal/core/abac/service.go:407.21,409.3 1 0
github.com/niiniyare/erp/internal/core/abac/service.go:411.2,419.16 3 0
github.com/niiniyare/erp/internal/core/abac/service.go:419.16,423.3 3 0
github.com/niiniyare/erp/internal/core/abac/service.go:434.2,457.20 6 0
github.com/niiniyare/erp/internal/core/abac/service.go:470.142,485.16 5 0
github.com/niiniyare/erp/internal/core/abac/service.go:485.16,489.3 3 0
github.com/niiniyare/erp/internal/core/abac/service.go:491.2,492.33 2 0
github.com/niiniyare/erp/internal/core/abac/service.go:492.33,494.3 1 0
github.com/niiniyare/erp/internal/core/abac/service.go:498.2,519.20 6 0
github.com/niiniyare/erp/internal/core/abac/service.go:532.126,547.16 5 0
github.com/niiniyare/erp/internal/core/abac/service.go:547.16,551.3 3 0
github.com/niiniyare/erp/internal/core/abac/service.go:553.2,554.33 2 0
github.com/niiniyare/erp/internal/core/abac/service.go:554.33,556.3 1 0
github.com/niiniyare/erp/internal/core/abac/service.go:560.2,561.29 2 0
github.com/niiniyare/erp/internal/core/abac/service.go:561.29,563.3 1 0
github.com/niiniyare/erp/internal/core/abac/service.go:565.2,584.20 5 0
github.com/niiniyare/erp/internal/core/abac/service.go:588.84,601.16 5 0
github.com/niiniyare/erp/internal/core/abac/service.go:601.16,605.3 3 0
github.com/niiniyare/erp/internal/core/abac/service.go:607.2,610.12 3 0
github.com/niiniyare/erp/internal/core/abac/service.go:614.91,627.16 5 0
github.com/niiniyare/erp/internal/core/abac/service.go:627.16,631.3 3 0
github.com/niiniyare/erp/internal/core/abac/service.go:633.2,636.12 3 0
github.com/niiniyare/erp/internal/core/abac/service.go:656.100,665.16 5 0
github.com/niiniyare/erp/internal/core/abac/service.go:665.16,669.3 3 0
github.com/niiniyare/erp/internal/core/abac/service.go:671.2,671.19 1 0
github.com/niiniyare/erp/internal/core/abac/service.go:675.121,699.16 6 0
github.com/niiniyare/erp/internal/core/abac/service.go:699.16,703.3 3 0
github.com/niiniyare/erp/internal/core/abac/service.go:706.2,707.41 2 0
github.com/niiniyare/erp/internal/core/abac/service.go:707.41,709.35 2 0
github.com/niiniyare/erp/internal/core/abac/service.go:709.35,711.4 1 0
github.com/niiniyare/erp/internal/core/abac/service.go:713.3,714.41 2 0
github.com/niiniyare/erp/internal/core/abac/service.go:714.41,716.4 1 0
github.com/niiniyare/erp/internal/core/abac/service.go:718.3,731.4 1 0
github.com/niiniyare/erp/internal/core/abac/service.go:734.2,744.20 4 0
github.com/niiniyare/erp/internal/core/abac/service.go:750.68,754.2 1 0
github.com/niiniyare/erp/internal/core/abac/service.go:757.75,761.2 1 0
github.com/niiniyare/erp/internal/core/abac/service.go:764.173,775.2 4 0
github.com/niiniyare/erp/internal/core/abac/service.go:778.175,793.2 1 0
github.com/niiniyare/erp/internal/core/abac/service_mock.go:34.59,38.2 3 0
github.com/niiniyare/erp/internal/core/abac/service_mock.go:41.57,43.2 1 0
github.com/niiniyare/erp/internal/core/abac/service_mock.go:46.147,52.2 5 0
github.com/niiniyare/erp/internal/core/abac/service_mock.go:55.87,58.2 2 0
github.com/niiniyare/erp/internal/core/abac/service_mock.go:61.130,67.2 5 0
github.com/niiniyare/erp/internal/core/abac/service_mock.go:70.99,73.2 2 0
github.com/niiniyare/erp/internal/core/abac/service_mock.go:76.134,82.2 5 0
github.com/niiniyare/erp/internal/core/abac/service_mock.go:85.82,88.2 2 0
github.com/niiniyare/erp/internal/core/abac/service_mock.go:91.104,97.2 5 0
github.com/niiniyare/erp/internal/core/abac/service_mock.go:100.77,103.2 2 0
github.com/niiniyare/erp/internal/core/abac/service_mock.go:106.125,112.2 5 0
github.com/niiniyare/erp/internal/core/abac/service_mock.go:115.92,118.2 2 0
github.com/niiniyare/erp/internal/core/abac/service_mock.go:121.146,127.2 5 0
github.com/niiniyare/erp/internal/core/abac/service_mock.go:130.104,133.2 2 0
github.com/niiniyare/erp/internal/core/abac/service_mock.go:136.95,141.2 4 0
github.com/niiniyare/erp/internal/core/abac/service_mock.go:144.91,147.2 2 0
github.com/niiniyare/erp/internal/core/abac/service_mock.go:150.88,155.2 4 0
github.com/niiniyare/erp/internal/core/abac/service_mock.go:158.86,161.2 2 0
github.com/niiniyare/erp/internal/core/abac/service_mock.go:164.106,170.2 5 0
github.com/niiniyare/erp/internal/core/abac/service_mock.go:173.74,176.2 2 0
github.com/niiniyare/erp/internal/core/abac/temporal_service.go:57.19,65.2 1 0
github.com/niiniyare/erp/internal/core/abac/temporal_service.go:77.138,87.21 4 0
github.com/niiniyare/erp/internal/core/abac/temporal_service.go:87.21,89.3 1 0
github.com/niiniyare/erp/internal/core/abac/temporal_service.go:91.2,120.16 5 0
github.com/niiniyare/erp/internal/core/abac/temporal_service.go:120.16,124.3 3 0
github.com/niiniyare/erp/internal/core/abac/temporal_service.go:126.2,133.8 2 0
github.com/niiniyare/erp/internal/core/abac/temporal_service.go:147.151,155.21 4 0
github.com/niiniyare/erp/internal/core/abac/temporal_service.go:155.21,157.3 1 0
github.com/niiniyare/erp/internal/core/abac/temporal_service.go:159.2,170.39 4 0
github.com/niiniyare/erp/internal/core/abac/temporal_service.go:170.39,180.3 1 0
github.com/niiniyare/erp/internal/core/abac/temporal_service.go:182.2,192.16 3 0
github.com/niiniyare/erp/internal/core/abac/temporal_service.go:192.16,196.3 3 0
github.com/niiniyare/erp/internal/core/abac/temporal_service.go:198.2,206.8 2 0
github.com/niiniyare/erp/internal/core/abac/temporal_service.go:227.97,249.16 8 0
github.com/niiniyare/erp/internal/core/abac/temporal_service.go:249.16,253.3 3 0
github.com/niiniyare/erp/internal/core/abac/temporal_service.go:255.2,262.8 2 0
github.com/niiniyare/erp/internal/core/abac/temporal_service.go:266.126,285.33 7 0
github.com/niiniyare/erp/internal/core/abac/temporal_service.go:285.33,288.41 2 0
github.com/niiniyare/erp/internal/core/abac/temporal_service.go:288.41,290.4 1 0
github.com/niiniyare/erp/internal/core/abac/temporal_service.go:292.3,298.4 1 0
github.com/niiniyare/erp/internal/core/abac/temporal_service.go:301.2,307.16 3 0
github.com/niiniyare/erp/internal/core/abac/temporal_service.go:307.16,311.3 3 0
github.com/niiniyare/erp/internal/core/abac/temporal_service.go:313.2,320.8 2 0
github.com/niiniyare/erp/internal/core/abac/temporal_service.go:334.131,361.16 9 0
github.com/niiniyare/erp/internal/core/abac/temporal_service.go:361.16,365.3 3 0
github.com/niiniyare/erp/internal/core/abac/temporal_service.go:367.2,374.8 2 0
github.com/niiniyare/erp/internal/core/abac/temporal_service.go:389.110,404.16 6 0
github.com/niiniyare/erp/internal/core/abac/temporal_service.go:404.16,407.3 2 0
github.com/niiniyare/erp/internal/core/abac/temporal_service.go:409.2,416.49 2 0
github.com/niiniyare/erp/internal/core/abac/temporal_service.go:416.49,419.3 2 0
github.com/niiniyare/erp/internal/core/abac/temporal_service.go:422.2,422.63 1 0
github.com/niiniyare/erp/internal/core/abac/temporal_service.go:422.63,425.17 3 0
github.com/niiniyare/erp/internal/core/abac/temporal_service.go:425.17,427.4 1 0
github.com/niiniyare/erp/internal/core/abac/temporal_service.go:427.9,429.4 1 0
github.com/niiniyare/erp/internal/core/abac/temporal_service.go:432.2,432.20 1 0
github.com/niiniyare/erp/internal/core/abac/temporal_service.go:436.88,450.16 5 0
github.com/niiniyare/erp/internal/core/abac/temporal_service.go:450.16,454.3 3 0
github.com/niiniyare/erp/internal/core/abac/temporal_service.go:456.2,462.12 3 0
