ok  	awo.so/awo/api/authz	0.035s
ok  	awo.so/awo/api/filterparse	(cached)
?   	awo.so/awo/api/handler	[no test files]
ok  	awo.so/awo/api/middleware	0.069s
?   	awo.so/awo/api/openapi	[no test files]
?   	awo.so/awo/api/response	[no test files]
?   	awo.so/awo/api/router	[no test files]
?   	awo.so/awo/api/service	[no test files]
ok  	awo.so/awo/auth	0.043s
?   	awo.so/awo/bootstrap	[no test files]
?   	awo.so/awo/cache	[no test files]
ok  	awo.so/awo/cmd/awo	(cached)
?   	awo.so/awo/cmd/migrate	[no test files]
?   	awo.so/awo/cmd/server	[no test files]
ok  	awo.so/awo/compiler	0.053s
?   	awo.so/awo/contrib/pgx	[no test files]
ok  	awo.so/awo/contrib/pgx/sqlbuild	(cached)
?   	awo.so/awo/contrib/redis	[no test files]
ok  	awo.so/awo/crypto	(cached)
ok  	awo.so/awo/def	0.025s
?   	awo.so/awo/docgen	[no test files]
?   	awo.so/awo/driver	[no test files]
?   	awo.so/awo/events	[no test files]
?   	awo.so/awo/events/outbox	[no test files]
?   	awo.so/awo/examples/demo	[no test files]
?   	awo.so/awo/examples/finance	[no test files]
ok  	awo.so/awo/filter	(cached)
?   	awo.so/awo/internal/dberr	[no test files]
?   	awo.so/awo/introspect	[no test files]
?   	awo.so/awo/lock	[no test files]
ok  	awo.so/awo/migration	(cached)
ok  	awo.so/awo/module	(cached)
?   	awo.so/awo/naming	[no test files]
ok  	awo.so/awo/observability/events	(cached)
?   	awo.so/awo/observability/health	[no test files]
ok  	awo.so/awo/observability/logging	(cached)
?   	awo.so/awo/observability/metrics	[no test files]
ok  	awo.so/awo/observability/tracing	(cached)
?   	awo.so/awo/perf	[no test files]
?   	awo.so/awo/platform/audit	[no test files]
?   	awo.so/awo/platform/flags	[no test files]
ok  	awo.so/awo/platform/iam	3.130s
ok  	awo.so/awo/platform/metadata	0.023s
?   	awo.so/awo/platform/notifications	[no test files]
?   	awo.so/awo/platform/organization	[no test files]
?   	awo.so/awo/platform/registry	[no test files]
?   	awo.so/awo/platform/settings	[no test files]
ok  	awo.so/awo/platform/tenant	0.021s
ok  	awo.so/awo/registry	0.029s
ok  	awo.so/awo/runtime	0.017s
ok  	awo.so/awo/runtime/naming	(cached)
ok  	awo.so/awo/runtime/tenant	(cached)
ok  	awo.so/awo/sdk	0.039s
?   	awo.so/awo/sdui	[no test files]
ok  	awo.so/awo/secrets	(cached)
?   	awo.so/awo/testing/conformance	[no test files]
?   	awo.so/awo/testing/fakecache	[no test files]
?   	awo.so/awo/testing/fakelock	[no test files]
?   	awo.so/awo/testing/fakestore	[no test files]
?   	awo.so/awo/testing/golden	[no test files]
?   	awo.so/awo/testing/harness	[no test files]
ok  	awo.so/awo/tests/bench	0.046s [no tests to run]
--- FAIL: TestIntrospectEndpoint (0.00s)
    api_test.go:149: compile: schema compilation errors:
        [ERROR] platform_organization: PermissionSet entry "role:platform-admin" is a role name, not a permission identifier; this violates ADR-001/ADR-011. Use "{module}.{entity}.{operation}" format (e.g. "platform.organization.read"). Seed the role-to-permission mapping in iam_role_permissions instead.
        [ERROR] platform_organization: PermissionSet entry "role:tenant.admin" is a role name, not a permission identifier; this violates ADR-001/ADR-011. Use "{module}.{entity}.{operation}" format (e.g. "platform.organization.read"). Seed the role-to-permission mapping in iam_role_permissions instead.
        [ERROR] platform_organization: PermissionSet entry "role:platform-admin" is a role name, not a permission identifier; this violates ADR-001/ADR-011. Use "{module}.{entity}.{operation}" format (e.g. "platform.organization.read"). Seed the role-to-permission mapping in iam_role_permissions instead.
        [ERROR] platform_organization: PermissionSet entry "role:tenant.admin" is a role name, not a permission identifier; this violates ADR-001/ADR-011. Use "{module}.{entity}.{operation}" format (e.g. "platform.organization.read"). Seed the role-to-permission mapping in iam_role_permissions instead.
        [ERROR] platform_organization: PermissionSet entry "role:tenant.user" is a role name, not a permission identifier; this violates ADR-001/ADR-011. Use "{module}.{entity}.{operation}" format (e.g. "platform.organization.read"). Seed the role-to-permission mapping in iam_role_permissions instead.
        [ERROR] platform_organization: PermissionSet entry "role:platform-admin" is a role name, not a permission identifier; this violates ADR-001/ADR-011. Use "{module}.{entity}.{operation}" format (e.g. "platform.organization.read"). Seed the role-to-permission mapping in iam_role_permissions instead.
        [ERROR] platform_organization: PermissionSet entry "role:tenant.admin" is a role name, not a permission identifier; this violates ADR-001/ADR-011. Use "{module}.{entity}.{operation}" format (e.g. "platform.organization.read"). Seed the role-to-permission mapping in iam_role_permissions instead.
        [ERROR] platform_organization: PermissionSet entry "role:platform-admin" is a role name, not a permission identifier; this violates ADR-001/ADR-011. Use "{module}.{entity}.{operation}" format (e.g. "platform.organization.read"). Seed the role-to-permission mapping in iam_role_permissions instead.
        [ERROR] platform_organization: PermissionSet entry "role:tenant.admin" is a role name, not a permission identifier; this violates ADR-001/ADR-011. Use "{module}.{entity}.{operation}" format (e.g. "platform.organization.read"). Seed the role-to-permission mapping in iam_role_permissions instead.
        [ERROR] platform_org_type: PermissionSet entry "role:platform-admin" is a role name, not a permission identifier; this violates ADR-001/ADR-011. Use "{module}.{entity}.{operation}" format (e.g. "platform.org_type.read"). Seed the role-to-permission mapping in iam_role_permissions instead.
        [ERROR] platform_org_type: PermissionSet entry "role:tenant.admin" is a role name, not a permission identifier; this violates ADR-001/ADR-011. Use "{module}.{entity}.{operation}" format (e.g. "platform.org_type.read"). Seed the role-to-permission mapping in iam_role_permissions instead.
        [ERROR] platform_org_type: PermissionSet entry "role:platform-admin" is a role name, not a permission identifier; this violates ADR-001/ADR-011. Use "{module}.{entity}.{operation}" format (e.g. "platform.org_type.read"). Seed the role-to-permission mapping in iam_role_permissions instead.
        [ERROR] platform_org_type: PermissionSet entry "role:tenant.admin" is a role name, not a permission identifier; this violates ADR-001/ADR-011. Use "{module}.{entity}.{operation}" format (e.g. "platform.org_type.read"). Seed the role-to-permission mapping in iam_role_permissions instead.
        [ERROR] platform_org_type: PermissionSet entry "role:tenant.user" is a role name, not a permission identifier; this violates ADR-001/ADR-011. Use "{module}.{entity}.{operation}" format (e.g. "platform.org_type.read"). Seed the role-to-permission mapping in iam_role_permissions instead.
        [ERROR] platform_org_type: PermissionSet entry "role:platform-admin" is a role name, not a permission identifier; this violates ADR-001/ADR-011. Use "{module}.{entity}.{operation}" format (e.g. "platform.org_type.read"). Seed the role-to-permission mapping in iam_role_permissions instead.
        [ERROR] platform_org_type: PermissionSet entry "role:tenant.admin" is a role name, not a permission identifier; this violates ADR-001/ADR-011. Use "{module}.{entity}.{operation}" format (e.g. "platform.org_type.read"). Seed the role-to-permission mapping in iam_role_permissions instead.
        [ERROR] platform_org_type: PermissionSet entry "role:platform-admin" is a role name, not a permission identifier; this violates ADR-001/ADR-011. Use "{module}.{entity}.{operation}" format (e.g. "platform.org_type.read"). Seed the role-to-permission mapping in iam_role_permissions instead.
        [ERROR] platform_org_type: PermissionSet entry "role:tenant.admin" is a role name, not a permission identifier; this violates ADR-001/ADR-011. Use "{module}.{entity}.{operation}" format (e.g. "platform.org_type.read"). Seed the role-to-permission mapping in iam_role_permissions instead.
        [ERROR] platform_org_assignment: PermissionSet entry "role:platform-admin" is a role name, not a permission identifier; this violates ADR-001/ADR-011. Use "{module}.{entity}.{operation}" format (e.g. "platform.org_assignment.read"). Seed the role-to-permission mapping in iam_role_permissions instead.
        [ERROR] platform_org_assignment: PermissionSet entry "role:tenant.admin" is a role name, not a permission identifier; this violates ADR-001/ADR-011. Use "{module}.{entity}.{operation}" format (e.g. "platform.org_assignment.read"). Seed the role-to-permission mapping in iam_role_permissions instead.
        [ERROR] platform_org_assignment: PermissionSet entry "role:platform-admin" is a role name, not a permission identifier; this violates ADR-001/ADR-011. Use "{module}.{entity}.{operation}" format (e.g. "platform.org_assignment.read"). Seed the role-to-permission mapping in iam_role_permissions instead.
        [ERROR] platform_org_assignment: PermissionSet entry "role:tenant.admin" is a role name, not a permission identifier; this violates ADR-001/ADR-011. Use "{module}.{entity}.{operation}" format (e.g. "platform.org_assignment.read"). Seed the role-to-permission mapping in iam_role_permissions instead.
        [ERROR] platform_org_assignment: PermissionSet entry "role:tenant.user" is a role name, not a permission identifier; this violates ADR-001/ADR-011. Use "{module}.{entity}.{operation}" format (e.g. "platform.org_assignment.read"). Seed the role-to-permission mapping in iam_role_permissions instead.
        [ERROR] platform_org_assignment: PermissionSet entry "role:platform-admin" is a role name, not a permission identifier; this violates ADR-001/ADR-011. Use "{module}.{entity}.{operation}" format (e.g. "platform.org_assignment.read"). Seed the role-to-permission mapping in iam_role_permissions instead.
        [ERROR] platform_org_assignment: PermissionSet entry "role:tenant.admin" is a role name, not a permission identifier; this violates ADR-001/ADR-011. Use "{module}.{entity}.{operation}" format (e.g. "platform.org_assignment.read"). Seed the role-to-permission mapping in iam_role_permissions instead.
        [ERROR] platform_org_assignment: PermissionSet entry "role:platform-admin" is a role name, not a permission identifier; this violates ADR-001/ADR-011. Use "{module}.{entity}.{operation}" format (e.g. "platform.org_assignment.read"). Seed the role-to-permission mapping in iam_role_permissions instead.
        [ERROR] platform_org_assignment: PermissionSet entry "role:tenant.admin" is a role name, not a permission identifier; this violates ADR-001/ADR-011. Use "{module}.{entity}.{operation}" format (e.g. "platform.org_assignment.read"). Seed the role-to-permission mapping in iam_role_permissions instead.
        [ERROR] demo_customer: PermissionSet entry "role:tenant.admin" is a role name, not a permission identifier; this violates ADR-001/ADR-011. Use "{module}.{entity}.{operation}" format (e.g. "demo.customer.read"). Seed the role-to-permission mapping in iam_role_permissions instead.
        [ERROR] demo_customer: PermissionSet entry "role:tenant.user" is a role name, not a permission identifier; this violates ADR-001/ADR-011. Use "{module}.{entity}.{operation}" format (e.g. "demo.customer.read"). Seed the role-to-permission mapping in iam_role_permissions instead.
        [ERROR] demo_customer: PermissionSet entry "role:tenant.admin" is a role name, not a permission identifier; this violates ADR-001/ADR-011. Use "{module}.{entity}.{operation}" format (e.g. "demo.customer.read"). Seed the role-to-permission mapping in iam_role_permissions instead.
        [ERROR] demo_customer: PermissionSet entry "role:tenant.user" is a role name, not a permission identifier; this violates ADR-001/ADR-011. Use "{module}.{entity}.{operation}" format (e.g. "demo.customer.read"). Seed the role-to-permission mapping in iam_role_permissions instead.
        [ERROR] demo_customer: PermissionSet entry "role:tenant.admin" is a role name, not a permission identifier; this violates ADR-001/ADR-011. Use "{module}.{entity}.{operation}" format (e.g. "demo.customer.read"). Seed the role-to-permission mapping in iam_role_permissions instead.
        [ERROR] demo_customer: PermissionSet entry "role:tenant.user" is a role name, not a permission identifier; this violates ADR-001/ADR-011. Use "{module}.{entity}.{operation}" format (e.g. "demo.customer.read"). Seed the role-to-permission mapping in iam_role_permissions instead.
        [ERROR] demo_customer: PermissionSet entry "role:tenant.admin" is a role name, not a permission identifier; this violates ADR-001/ADR-011. Use "{module}.{entity}.{operation}" format (e.g. "demo.customer.read"). Seed the role-to-permission mapping in iam_role_permissions instead.
--- FAIL: TestRouteRegistration (0.00s)
    api_test.go:192: compile: schema compilation errors:
        [ERROR] platform_organization: PermissionSet entry "role:platform-admin" is a role name, not a permission identifier; this violates ADR-001/ADR-011. Use "{module}.{entity}.{operation}" format (e.g. "platform.organization.read"). Seed the role-to-permission mapping in iam_role_permissions instead.
        [ERROR] platform_organization: PermissionSet entry "role:tenant.admin" is a role name, not a permission identifier; this violates ADR-001/ADR-011. Use "{module}.{entity}.{operation}" format (e.g. "platform.organization.read"). Seed the role-to-permission mapping in iam_role_permissions instead.
        [ERROR] platform_organization: PermissionSet entry "role:platform-admin" is a role name, not a permission identifier; this violates ADR-001/ADR-011. Use "{module}.{entity}.{operation}" format (e.g. "platform.organization.read"). Seed the role-to-permission mapping in iam_role_permissions instead.
        [ERROR] platform_organization: PermissionSet entry "role:tenant.admin" is a role name, not a permission identifier; this violates ADR-001/ADR-011. Use "{module}.{entity}.{operation}" format (e.g. "platform.organization.read"). Seed the role-to-permission mapping in iam_role_permissions instead.
        [ERROR] platform_organization: PermissionSet entry "role:tenant.user" is a role name, not a permission identifier; this violates ADR-001/ADR-011. Use "{module}.{entity}.{operation}" format (e.g. "platform.organization.read"). Seed the role-to-permission mapping in iam_role_permissions instead.
        [ERROR] platform_organization: PermissionSet entry "role:platform-admin" is a role name, not a permission identifier; this violates ADR-001/ADR-011. Use "{module}.{entity}.{operation}" format (e.g. "platform.organization.read"). Seed the role-to-permission mapping in iam_role_permissions instead.
        [ERROR] platform_organization: PermissionSet entry "role:tenant.admin" is a role name, not a permission identifier; this violates ADR-001/ADR-011. Use "{module}.{entity}.{operation}" format (e.g. "platform.organization.read"). Seed the role-to-permission mapping in iam_role_permissions instead.
        [ERROR] platform_organization: PermissionSet entry "role:platform-admin" is a role name, not a permission identifier; this violates ADR-001/ADR-011. Use "{module}.{entity}.{operation}" format (e.g. "platform.organization.read"). Seed the role-to-permission mapping in iam_role_permissions instead.
        [ERROR] platform_organization: PermissionSet entry "role:tenant.admin" is a role name, not a permission identifier; this violates ADR-001/ADR-011. Use "{module}.{entity}.{operation}" format (e.g. "platform.organization.read"). Seed the role-to-permission mapping in iam_role_permissions instead.
        [ERROR] platform_org_type: PermissionSet entry "role:platform-admin" is a role name, not a permission identifier; this violates ADR-001/ADR-011. Use "{module}.{entity}.{operation}" format (e.g. "platform.org_type.read"). Seed the role-to-permission mapping in iam_role_permissions instead.
        [ERROR] platform_org_type: PermissionSet entry "role:tenant.admin" is a role name, not a permission identifier; this violates ADR-001/ADR-011. Use "{module}.{entity}.{operation}" format (e.g. "platform.org_type.read"). Seed the role-to-permission mapping in iam_role_permissions instead.
        [ERROR] platform_org_type: PermissionSet entry "role:platform-admin" is a role name, not a permission identifier; this violates ADR-001/ADR-011. Use "{module}.{entity}.{operation}" format (e.g. "platform.org_type.read"). Seed the role-to-permission mapping in iam_role_permissions instead.
        [ERROR] platform_org_type: PermissionSet entry "role:tenant.admin" is a role name, not a permission identifier; this violates ADR-001/ADR-011. Use "{module}.{entity}.{operation}" format (e.g. "platform.org_type.read"). Seed the role-to-permission mapping in iam_role_permissions instead.
        [ERROR] platform_org_type: PermissionSet entry "role:tenant.user" is a role name, not a permission identifier; this violates ADR-001/ADR-011. Use "{module}.{entity}.{operation}" format (e.g. "platform.org_type.read"). Seed the role-to-permission mapping in iam_role_permissions instead.
        [ERROR] platform_org_type: PermissionSet entry "role:platform-admin" is a role name, not a permission identifier; this violates ADR-001/ADR-011. Use "{module}.{entity}.{operation}" format (e.g. "platform.org_type.read"). Seed the role-to-permission mapping in iam_role_permissions instead.
        [ERROR] platform_org_type: PermissionSet entry "role:tenant.admin" is a role name, not a permission identifier; this violates ADR-001/ADR-011. Use "{module}.{entity}.{operation}" format (e.g. "platform.org_type.read"). Seed the role-to-permission mapping in iam_role_permissions instead.
        [ERROR] platform_org_type: PermissionSet entry "role:platform-admin" is a role name, not a permission identifier; this violates ADR-001/ADR-011. Use "{module}.{entity}.{operation}" format (e.g. "platform.org_type.read"). Seed the role-to-permission mapping in iam_role_permissions instead.
        [ERROR] platform_org_type: PermissionSet entry "role:tenant.admin" is a role name, not a permission identifier; this violates ADR-001/ADR-011. Use "{module}.{entity}.{operation}" format (e.g. "platform.org_type.read"). Seed the role-to-permission mapping in iam_role_permissions instead.
        [ERROR] platform_org_assignment: PermissionSet entry "role:platform-admin" is a role name, not a permission identifier; this violates ADR-001/ADR-011. Use "{module}.{entity}.{operation}" format (e.g. "platform.org_assignment.read"). Seed the role-to-permission mapping in iam_role_permissions instead.
        [ERROR] platform_org_assignment: PermissionSet entry "role:tenant.admin" is a role name, not a permission identifier; this violates ADR-001/ADR-011. Use "{module}.{entity}.{operation}" format (e.g. "platform.org_assignment.read"). Seed the role-to-permission mapping in iam_role_permissions instead.
        [ERROR] platform_org_assignment: PermissionSet entry "role:platform-admin" is a role name, not a permission identifier; this violates ADR-001/ADR-011. Use "{module}.{entity}.{operation}" format (e.g. "platform.org_assignment.read"). Seed the role-to-permission mapping in iam_role_permissions instead.
        [ERROR] platform_org_assignment: PermissionSet entry "role:tenant.admin" is a role name, not a permission identifier; this violates ADR-001/ADR-011. Use "{module}.{entity}.{operation}" format (e.g. "platform.org_assignment.read"). Seed the role-to-permission mapping in iam_role_permissions instead.
        [ERROR] platform_org_assignment: PermissionSet entry "role:tenant.user" is a role name, not a permission identifier; this violates ADR-001/ADR-011. Use "{module}.{entity}.{operation}" format (e.g. "platform.org_assignment.read"). Seed the role-to-permission mapping in iam_role_permissions instead.
        [ERROR] platform_org_assignment: PermissionSet entry "role:platform-admin" is a role name, not a permission identifier; this violates ADR-001/ADR-011. Use "{module}.{entity}.{operation}" format (e.g. "platform.org_assignment.read"). Seed the role-to-permission mapping in iam_role_permissions instead.
        [ERROR] platform_org_assignment: PermissionSet entry "role:tenant.admin" is a role name, not a permission identifier; this violates ADR-001/ADR-011. Use "{module}.{entity}.{operation}" format (e.g. "platform.org_assignment.read"). Seed the role-to-permission mapping in iam_role_permissions instead.
        [ERROR] platform_org_assignment: PermissionSet entry "role:platform-admin" is a role name, not a permission identifier; this violates ADR-001/ADR-011. Use "{module}.{entity}.{operation}" format (e.g. "platform.org_assignment.read"). Seed the role-to-permission mapping in iam_role_permissions instead.
        [ERROR] platform_org_assignment: PermissionSet entry "role:tenant.admin" is a role name, not a permission identifier; this violates ADR-001/ADR-011. Use "{module}.{entity}.{operation}" format (e.g. "platform.org_assignment.read"). Seed the role-to-permission mapping in iam_role_permissions instead.
        [ERROR] demo_customer: PermissionSet entry "role:tenant.admin" is a role name, not a permission identifier; this violates ADR-001/ADR-011. Use "{module}.{entity}.{operation}" format (e.g. "demo.customer.read"). Seed the role-to-permission mapping in iam_role_permissions instead.
        [ERROR] demo_customer: PermissionSet entry "role:tenant.user" is a role name, not a permission identifier; this violates ADR-001/ADR-011. Use "{module}.{entity}.{operation}" format (e.g. "demo.customer.read"). Seed the role-to-permission mapping in iam_role_permissions instead.
        [ERROR] demo_customer: PermissionSet entry "role:tenant.admin" is a role name, not a permission identifier; this violates ADR-001/ADR-011. Use "{module}.{entity}.{operation}" format (e.g. "demo.customer.read"). Seed the role-to-permission mapping in iam_role_permissions instead.
        [ERROR] demo_customer: PermissionSet entry "role:tenant.user" is a role name, not a permission identifier; this violates ADR-001/ADR-011. Use "{module}.{entity}.{operation}" format (e.g. "demo.customer.read"). Seed the role-to-permission mapping in iam_role_permissions instead.
        [ERROR] demo_customer: PermissionSet entry "role:tenant.admin" is a role name, not a permission identifier; this violates ADR-001/ADR-011. Use "{module}.{entity}.{operation}" format (e.g. "demo.customer.read"). Seed the role-to-permission mapping in iam_role_permissions instead.
        [ERROR] demo_customer: PermissionSet entry "role:tenant.user" is a role name, not a permission identifier; this violates ADR-001/ADR-011. Use "{module}.{entity}.{operation}" format (e.g. "demo.customer.read"). Seed the role-to-permission mapping in iam_role_permissions instead.
        [ERROR] demo_customer: PermissionSet entry "role:tenant.admin" is a role name, not a permission identifier; this violates ADR-001/ADR-011. Use "{module}.{entity}.{operation}" format (e.g. "demo.customer.read"). Seed the role-to-permission mapping in iam_role_permissions instead.
--- FAIL: TestEntityListRoute (0.00s)
    api_test.go:222: compile: schema compilation errors:
        [ERROR] platform_organization: PermissionSet entry "role:platform-admin" is a role name, not a permission identifier; this violates ADR-001/ADR-011. Use "{module}.{entity}.{operation}" format (e.g. "platform.organization.read"). Seed the role-to-permission mapping in iam_role_permissions instead.
        [ERROR] platform_organization: PermissionSet entry "role:tenant.admin" is a role name, not a permission identifier; this violates ADR-001/ADR-011. Use "{module}.{entity}.{operation}" format (e.g. "platform.organization.read"). Seed the role-to-permission mapping in iam_role_permissions instead.
        [ERROR] platform_organization: PermissionSet entry "role:platform-admin" is a role name, not a permission identifier; this violates ADR-001/ADR-011. Use "{module}.{entity}.{operation}" format (e.g. "platform.organization.read"). Seed the role-to-permission mapping in iam_role_permissions instead.
        [ERROR] platform_organization: PermissionSet entry "role:tenant.admin" is a role name, not a permission identifier; this violates ADR-001/ADR-011. Use "{module}.{entity}.{operation}" format (e.g. "platform.organization.read"). Seed the role-to-permission mapping in iam_role_permissions instead.
        [ERROR] platform_organization: PermissionSet entry "role:tenant.user" is a role name, not a permission identifier; this violates ADR-001/ADR-011. Use "{module}.{entity}.{operation}" format (e.g. "platform.organization.read"). Seed the role-to-permission mapping in iam_role_permissions instead.
        [ERROR] platform_organization: PermissionSet entry "role:platform-admin" is a role name, not a permission identifier; this violates ADR-001/ADR-011. Use "{module}.{entity}.{operation}" format (e.g. "platform.organization.read"). Seed the role-to-permission mapping in iam_role_permissions instead.
        [ERROR] platform_organization: PermissionSet entry "role:tenant.admin" is a role name, not a permission identifier; this violates ADR-001/ADR-011. Use "{module}.{entity}.{operation}" format (e.g. "platform.organization.read"). Seed the role-to-permission mapping in iam_role_permissions instead.
        [ERROR] platform_organization: PermissionSet entry "role:platform-admin" is a role name, not a permission identifier; this violates ADR-001/ADR-011. Use "{module}.{entity}.{operation}" format (e.g. "platform.organization.read"). Seed the role-to-permission mapping in iam_role_permissions instead.
        [ERROR] platform_organization: PermissionSet entry "role:tenant.admin" is a role name, not a permission identifier; this violates ADR-001/ADR-011. Use "{module}.{entity}.{operation}" format (e.g. "platform.organization.read"). Seed the role-to-permission mapping in iam_role_permissions instead.
        [ERROR] platform_org_type: PermissionSet entry "role:platform-admin" is a role name, not a permission identifier; this violates ADR-001/ADR-011. Use "{module}.{entity}.{operation}" format (e.g. "platform.org_type.read"). Seed the role-to-permission mapping in iam_role_permissions instead.
        [ERROR] platform_org_type: PermissionSet entry "role:tenant.admin" is a role name, not a permission identifier; this violates ADR-001/ADR-011. Use "{module}.{entity}.{operation}" format (e.g. "platform.org_type.read"). Seed the role-to-permission mapping in iam_role_permissions instead.
        [ERROR] platform_org_type: PermissionSet entry "role:platform-admin" is a role name, not a permission identifier; this violates ADR-001/ADR-011. Use "{module}.{entity}.{operation}" format (e.g. "platform.org_type.read"). Seed the role-to-permission mapping in iam_role_permissions instead.
        [ERROR] platform_org_type: PermissionSet entry "role:tenant.admin" is a role name, not a permission identifier; this violates ADR-001/ADR-011. Use "{module}.{entity}.{operation}" format (e.g. "platform.org_type.read"). Seed the role-to-permission mapping in iam_role_permissions instead.
        [ERROR] platform_org_type: PermissionSet entry "role:tenant.user" is a role name, not a permission identifier; this violates ADR-001/ADR-011. Use "{module}.{entity}.{operation}" format (e.g. "platform.org_type.read"). Seed the role-to-permission mapping in iam_role_permissions instead.
        [ERROR] platform_org_type: PermissionSet entry "role:platform-admin" is a role name, not a permission identifier; this violates ADR-001/ADR-011. Use "{module}.{entity}.{operation}" format (e.g. "platform.org_type.read"). Seed the role-to-permission mapping in iam_role_permissions instead.
        [ERROR] platform_org_type: PermissionSet entry "role:tenant.admin" is a role name, not a permission identifier; this violates ADR-001/ADR-011. Use "{module}.{entity}.{operation}" format (e.g. "platform.org_type.read"). Seed the role-to-permission mapping in iam_role_permissions instead.
        [ERROR] platform_org_type: PermissionSet entry "role:platform-admin" is a role name, not a permission identifier; this violates ADR-001/ADR-011. Use "{module}.{entity}.{operation}" format (e.g. "platform.org_type.read"). Seed the role-to-permission mapping in iam_role_permissions instead.
        [ERROR] platform_org_type: PermissionSet entry "role:tenant.admin" is a role name, not a permission identifier; this violates ADR-001/ADR-011. Use "{module}.{entity}.{operation}" format (e.g. "platform.org_type.read"). Seed the role-to-permission mapping in iam_role_permissions instead.
        [ERROR] platform_org_assignment: PermissionSet entry "role:platform-admin" is a role name, not a permission identifier; this violates ADR-001/ADR-011. Use "{module}.{entity}.{operation}" format (e.g. "platform.org_assignment.read"). Seed the role-to-permission mapping in iam_role_permissions instead.
        [ERROR] platform_org_assignment: PermissionSet entry "role:tenant.admin" is a role name, not a permission identifier; this violates ADR-001/ADR-011. Use "{module}.{entity}.{operation}" format (e.g. "platform.org_assignment.read"). Seed the role-to-permission mapping in iam_role_permissions instead.
        [ERROR] platform_org_assignment: PermissionSet entry "role:platform-admin" is a role name, not a permission identifier; this violates ADR-001/ADR-011. Use "{module}.{entity}.{operation}" format (e.g. "platform.org_assignment.read"). Seed the role-to-permission mapping in iam_role_permissions instead.
        [ERROR] platform_org_assignment: PermissionSet entry "role:tenant.admin" is a role name, not a permission identifier; this violates ADR-001/ADR-011. Use "{module}.{entity}.{operation}" format (e.g. "platform.org_assignment.read"). Seed the role-to-permission mapping in iam_role_permissions instead.
        [ERROR] platform_org_assignment: PermissionSet entry "role:tenant.user" is a role name, not a permission identifier; this violates ADR-001/ADR-011. Use "{module}.{entity}.{operation}" format (e.g. "platform.org_assignment.read"). Seed the role-to-permission mapping in iam_role_permissions instead.
        [ERROR] platform_org_assignment: PermissionSet entry "role:platform-admin" is a role name, not a permission identifier; this violates ADR-001/ADR-011. Use "{module}.{entity}.{operation}" format (e.g. "platform.org_assignment.read"). Seed the role-to-permission mapping in iam_role_permissions instead.
        [ERROR] platform_org_assignment: PermissionSet entry "role:tenant.admin" is a role name, not a permission identifier; this violates ADR-001/ADR-011. Use "{module}.{entity}.{operation}" format (e.g. "platform.org_assignment.read"). Seed the role-to-permission mapping in iam_role_permissions instead.
        [ERROR] platform_org_assignment: PermissionSet entry "role:platform-admin" is a role name, not a permission identifier; this violates ADR-001/ADR-011. Use "{module}.{entity}.{operation}" format (e.g. "platform.org_assignment.read"). Seed the role-to-permission mapping in iam_role_permissions instead.
        [ERROR] platform_org_assignment: PermissionSet entry "role:tenant.admin" is a role name, not a permission identifier; this violates ADR-001/ADR-011. Use "{module}.{entity}.{operation}" format (e.g. "platform.org_assignment.read"). Seed the role-to-permission mapping in iam_role_permissions instead.
        [ERROR] demo_customer: PermissionSet entry "role:tenant.admin" is a role name, not a permission identifier; this violates ADR-001/ADR-011. Use "{module}.{entity}.{operation}" format (e.g. "demo.customer.read"). Seed the role-to-permission mapping in iam_role_permissions instead.
        [ERROR] demo_customer: PermissionSet entry "role:tenant.user" is a role name, not a permission identifier; this violates ADR-001/ADR-011. Use "{module}.{entity}.{operation}" format (e.g. "demo.customer.read"). Seed the role-to-permission mapping in iam_role_permissions instead.
        [ERROR] demo_customer: PermissionSet entry "role:tenant.admin" is a role name, not a permission identifier; this violates ADR-001/ADR-011. Use "{module}.{entity}.{operation}" format (e.g. "demo.customer.read"). Seed the role-to-permission mapping in iam_role_permissions instead.
        [ERROR] demo_customer: PermissionSet entry "role:tenant.user" is a role name, not a permission identifier; this violates ADR-001/ADR-011. Use "{module}.{entity}.{operation}" format (e.g. "demo.customer.read"). Seed the role-to-permission mapping in iam_role_permissions instead.
        [ERROR] demo_customer: PermissionSet entry "role:tenant.admin" is a role name, not a permission identifier; this violates ADR-001/ADR-011. Use "{module}.{entity}.{operation}" format (e.g. "demo.customer.read"). Seed the role-to-permission mapping in iam_role_permissions instead.
        [ERROR] demo_customer: PermissionSet entry "role:tenant.user" is a role name, not a permission identifier; this violates ADR-001/ADR-011. Use "{module}.{entity}.{operation}" format (e.g. "demo.customer.read"). Seed the role-to-permission mapping in iam_role_permissions instead.
        [ERROR] demo_customer: PermissionSet entry "role:tenant.admin" is a role name, not a permission identifier; this violates ADR-001/ADR-011. Use "{module}.{entity}.{operation}" format (e.g. "demo.customer.read"). Seed the role-to-permission mapping in iam_role_permissions instead.
--- FAIL: TestEntityCreateRoute (0.00s)
    api_test.go:253: compile: schema compilation errors:
        [ERROR] platform_organization: PermissionSet entry "role:platform-admin" is a role name, not a permission identifier; this violates ADR-001/ADR-011. Use "{module}.{entity}.{operation}" format (e.g. "platform.organization.read"). Seed the role-to-permission mapping in iam_role_permissions instead.
        [ERROR] platform_organization: PermissionSet entry "role:tenant.admin" is a role name, not a permission identifier; this violates ADR-001/ADR-011. Use "{module}.{entity}.{operation}" format (e.g. "platform.organization.read"). Seed the role-to-permission mapping in iam_role_permissions instead.
        [ERROR] platform_organization: PermissionSet entry "role:platform-admin" is a role name, not a permission identifier; this violates ADR-001/ADR-011. Use "{module}.{entity}.{operation}" format (e.g. "platform.organization.read"). Seed the role-to-permission mapping in iam_role_permissions instead.
        [ERROR] platform_organization: PermissionSet entry "role:tenant.admin" is a role name, not a permission identifier; this violates ADR-001/ADR-011. Use "{module}.{entity}.{operation}" format (e.g. "platform.organization.read"). Seed the role-to-permission mapping in iam_role_permissions instead.
        [ERROR] platform_organization: PermissionSet entry "role:tenant.user" is a role name, not a permission identifier; this violates ADR-001/ADR-011. Use "{module}.{entity}.{operation}" format (e.g. "platform.organization.read"). Seed the role-to-permission mapping in iam_role_permissions instead.
        [ERROR] platform_organization: PermissionSet entry "role:platform-admin" is a role name, not a permission identifier; this violates ADR-001/ADR-011. Use "{module}.{entity}.{operation}" format (e.g. "platform.organization.read"). Seed the role-to-permission mapping in iam_role_permissions instead.
        [ERROR] platform_organization: PermissionSet entry "role:tenant.admin" is a role name, not a permission identifier; this violates ADR-001/ADR-011. Use "{module}.{entity}.{operation}" format (e.g. "platform.organization.read"). Seed the role-to-permission mapping in iam_role_permissions instead.
        [ERROR] platform_organization: PermissionSet entry "role:platform-admin" is a role name, not a permission identifier; this violates ADR-001/ADR-011. Use "{module}.{entity}.{operation}" format (e.g. "platform.organization.read"). Seed the role-to-permission mapping in iam_role_permissions instead.
        [ERROR] platform_organization: PermissionSet entry "role:tenant.admin" is a role name, not a permission identifier; this violates ADR-001/ADR-011. Use "{module}.{entity}.{operation}" format (e.g. "platform.organization.read"). Seed the role-to-permission mapping in iam_role_permissions instead.
        [ERROR] platform_org_type: PermissionSet entry "role:platform-admin" is a role name, not a permission identifier; this violates ADR-001/ADR-011. Use "{module}.{entity}.{operation}" format (e.g. "platform.org_type.read"). Seed the role-to-permission mapping in iam_role_permissions instead.
        [ERROR] platform_org_type: PermissionSet entry "role:tenant.admin" is a role name, not a permission identifier; this violates ADR-001/ADR-011. Use "{module}.{entity}.{operation}" format (e.g. "platform.org_type.read"). Seed the role-to-permission mapping in iam_role_permissions instead.
        [ERROR] platform_org_type: PermissionSet entry "role:platform-admin" is a role name, not a permission identifier; this violates ADR-001/ADR-011. Use "{module}.{entity}.{operation}" format (e.g. "platform.org_type.read"). Seed the role-to-permission mapping in iam_role_permissions instead.
        [ERROR] platform_org_type: PermissionSet entry "role:tenant.admin" is a role name, not a permission identifier; this violates ADR-001/ADR-011. Use "{module}.{entity}.{operation}" format (e.g. "platform.org_type.read"). Seed the role-to-permission mapping in iam_role_permissions instead.
        [ERROR] platform_org_type: PermissionSet entry "role:tenant.user" is a role name, not a permission identifier; this violates ADR-001/ADR-011. Use "{module}.{entity}.{operation}" format (e.g. "platform.org_type.read"). Seed the role-to-permission mapping in iam_role_permissions instead.
        [ERROR] platform_org_type: PermissionSet entry "role:platform-admin" is a role name, not a permission identifier; this violates ADR-001/ADR-011. Use "{module}.{entity}.{operation}" format (e.g. "platform.org_type.read"). Seed the role-to-permission mapping in iam_role_permissions instead.
        [ERROR] platform_org_type: PermissionSet entry "role:tenant.admin" is a role name, not a permission identifier; this violates ADR-001/ADR-011. Use "{module}.{entity}.{operation}" format (e.g. "platform.org_type.read"). Seed the role-to-permission mapping in iam_role_permissions instead.
        [ERROR] platform_org_type: PermissionSet entry "role:platform-admin" is a role name, not a permission identifier; this violates ADR-001/ADR-011. Use "{module}.{entity}.{operation}" format (e.g. "platform.org_type.read"). Seed the role-to-permission mapping in iam_role_permissions instead.
        [ERROR] platform_org_type: PermissionSet entry "role:tenant.admin" is a role name, not a permission identifier; this violates ADR-001/ADR-011. Use "{module}.{entity}.{operation}" format (e.g. "platform.org_type.read"). Seed the role-to-permission mapping in iam_role_permissions instead.
        [ERROR] platform_org_assignment: PermissionSet entry "role:platform-admin" is a role name, not a permission identifier; this violates ADR-001/ADR-011. Use "{module}.{entity}.{operation}" format (e.g. "platform.org_assignment.read"). Seed the role-to-permission mapping in iam_role_permissions instead.
        [ERROR] platform_org_assignment: PermissionSet entry "role:tenant.admin" is a role name, not a permission identifier; this violates ADR-001/ADR-011. Use "{module}.{entity}.{operation}" format (e.g. "platform.org_assignment.read"). Seed the role-to-permission mapping in iam_role_permissions instead.
        [ERROR] platform_org_assignment: PermissionSet entry "role:platform-admin" is a role name, not a permission identifier; this violates ADR-001/ADR-011. Use "{module}.{entity}.{operation}" format (e.g. "platform.org_assignment.read"). Seed the role-to-permission mapping in iam_role_permissions instead.
        [ERROR] platform_org_assignment: PermissionSet entry "role:tenant.admin" is a role name, not a permission identifier; this violates ADR-001/ADR-011. Use "{module}.{entity}.{operation}" format (e.g. "platform.org_assignment.read"). Seed the role-to-permission mapping in iam_role_permissions instead.
        [ERROR] platform_org_assignment: PermissionSet entry "role:tenant.user" is a role name, not a permission identifier; this violates ADR-001/ADR-011. Use "{module}.{entity}.{operation}" format (e.g. "platform.org_assignment.read"). Seed the role-to-permission mapping in iam_role_permissions instead.
        [ERROR] platform_org_assignment: PermissionSet entry "role:platform-admin" is a role name, not a permission identifier; this violates ADR-001/ADR-011. Use "{module}.{entity}.{operation}" format (e.g. "platform.org_assignment.read"). Seed the role-to-permission mapping in iam_role_permissions instead.
        [ERROR] platform_org_assignment: PermissionSet entry "role:tenant.admin" is a role name, not a permission identifier; this violates ADR-001/ADR-011. Use "{module}.{entity}.{operation}" format (e.g. "platform.org_assignment.read"). Seed the role-to-permission mapping in iam_role_permissions instead.
        [ERROR] platform_org_assignment: PermissionSet entry "role:platform-admin" is a role name, not a permission identifier; this violates ADR-001/ADR-011. Use "{module}.{entity}.{operation}" format (e.g. "platform.org_assignment.read"). Seed the role-to-permission mapping in iam_role_permissions instead.
        [ERROR] platform_org_assignment: PermissionSet entry "role:tenant.admin" is a role name, not a permission identifier; this violates ADR-001/ADR-011. Use "{module}.{entity}.{operation}" format (e.g. "platform.org_assignment.read"). Seed the role-to-permission mapping in iam_role_permissions instead.
        [ERROR] demo_customer: PermissionSet entry "role:tenant.admin" is a role name, not a permission identifier; this violates ADR-001/ADR-011. Use "{module}.{entity}.{operation}" format (e.g. "demo.customer.read"). Seed the role-to-permission mapping in iam_role_permissions instead.
        [ERROR] demo_customer: PermissionSet entry "role:tenant.user" is a role name, not a permission identifier; this violates ADR-001/ADR-011. Use "{module}.{entity}.{operation}" format (e.g. "demo.customer.read"). Seed the role-to-permission mapping in iam_role_permissions instead.
        [ERROR] demo_customer: PermissionSet entry "role:tenant.admin" is a role name, not a permission identifier; this violates ADR-001/ADR-011. Use "{module}.{entity}.{operation}" format (e.g. "demo.customer.read"). Seed the role-to-permission mapping in iam_role_permissions instead.
        [ERROR] demo_customer: PermissionSet entry "role:tenant.user" is a role name, not a permission identifier; this violates ADR-001/ADR-011. Use "{module}.{entity}.{operation}" format (e.g. "demo.customer.read"). Seed the role-to-permission mapping in iam_role_permissions instead.
        [ERROR] demo_customer: PermissionSet entry "role:tenant.admin" is a role name, not a permission identifier; this violates ADR-001/ADR-011. Use "{module}.{entity}.{operation}" format (e.g. "demo.customer.read"). Seed the role-to-permission mapping in iam_role_permissions instead.
        [ERROR] demo_customer: PermissionSet entry "role:tenant.user" is a role name, not a permission identifier; this violates ADR-001/ADR-011. Use "{module}.{entity}.{operation}" format (e.g. "demo.customer.read"). Seed the role-to-permission mapping in iam_role_permissions instead.
        [ERROR] demo_customer: PermissionSet entry "role:tenant.admin" is a role name, not a permission identifier; this violates ADR-001/ADR-011. Use "{module}.{entity}.{operation}" format (e.g. "demo.customer.read"). Seed the role-to-permission mapping in iam_role_permissions instead.
--- FAIL: TestEntityGetRoute (0.00s)
    api_test.go:273: compile: schema compilation errors:
        [ERROR] platform_organization: PermissionSet entry "role:platform-admin" is a role name, not a permission identifier; this violates ADR-001/ADR-011. Use "{module}.{entity}.{operation}" format (e.g. "platform.organization.read"). Seed the role-to-permission mapping in iam_role_permissions instead.
        [ERROR] platform_organization: PermissionSet entry "role:tenant.admin" is a role name, not a permission identifier; this violates ADR-001/ADR-011. Use "{module}.{entity}.{operation}" format (e.g. "platform.organization.read"). Seed the role-to-permission mapping in iam_role_permissions instead.
        [ERROR] platform_organization: PermissionSet entry "role:platform-admin" is a role name, not a permission identifier; this violates ADR-001/ADR-011. Use "{module}.{entity}.{operation}" format (e.g. "platform.organization.read"). Seed the role-to-permission mapping in iam_role_permissions instead.
        [ERROR] platform_organization: PermissionSet entry "role:tenant.admin" is a role name, not a permission identifier; this violates ADR-001/ADR-011. Use "{module}.{entity}.{operation}" format (e.g. "platform.organization.read"). Seed the role-to-permission mapping in iam_role_permissions instead.
        [ERROR] platform_organization: PermissionSet entry "role:tenant.user" is a role name, not a permission identifier; this violates ADR-001/ADR-011. Use "{module}.{entity}.{operation}" format (e.g. "platform.organization.read"). Seed the role-to-permission mapping in iam_role_permissions instead.
        [ERROR] platform_organization: PermissionSet entry "role:platform-admin" is a role name, not a permission identifier; this violates ADR-001/ADR-011. Use "{module}.{entity}.{operation}" format (e.g. "platform.organization.read"). Seed the role-to-permission mapping in iam_role_permissions instead.
        [ERROR] platform_organization: PermissionSet entry "role:tenant.admin" is a role name, not a permission identifier; this violates ADR-001/ADR-011. Use "{module}.{entity}.{operation}" format (e.g. "platform.organization.read"). Seed the role-to-permission mapping in iam_role_permissions instead.
        [ERROR] platform_organization: PermissionSet entry "role:platform-admin" is a role name, not a permission identifier; this violates ADR-001/ADR-011. Use "{module}.{entity}.{operation}" format (e.g. "platform.organization.read"). Seed the role-to-permission mapping in iam_role_permissions instead.
        [ERROR] platform_organization: PermissionSet entry "role:tenant.admin" is a role name, not a permission identifier; this violates ADR-001/ADR-011. Use "{module}.{entity}.{operation}" format (e.g. "platform.organization.read"). Seed the role-to-permission mapping in iam_role_permissions instead.
        [ERROR] platform_org_type: PermissionSet entry "role:platform-admin" is a role name, not a permission identifier; this violates ADR-001/ADR-011. Use "{module}.{entity}.{operation}" format (e.g. "platform.org_type.read"). Seed the role-to-permission mapping in iam_role_permissions instead.
        [ERROR] platform_org_type: PermissionSet entry "role:tenant.admin" is a role name, not a permission identifier; this violates ADR-001/ADR-011. Use "{module}.{entity}.{operation}" format (e.g. "platform.org_type.read"). Seed the role-to-permission mapping in iam_role_permissions instead.
        [ERROR] platform_org_type: PermissionSet entry "role:platform-admin" is a role name, not a permission identifier; this violates ADR-001/ADR-011. Use "{module}.{entity}.{operation}" format (e.g. "platform.org_type.read"). Seed the role-to-permission mapping in iam_role_permissions instead.
        [ERROR] platform_org_type: PermissionSet entry "role:tenant.admin" is a role name, not a permission identifier; this violates ADR-001/ADR-011. Use "{module}.{entity}.{operation}" format (e.g. "platform.org_type.read"). Seed the role-to-permission mapping in iam_role_permissions instead.
        [ERROR] platform_org_type: PermissionSet entry "role:tenant.user" is a role name, not a permission identifier; this violates ADR-001/ADR-011. Use "{module}.{entity}.{operation}" format (e.g. "platform.org_type.read"). Seed the role-to-permission mapping in iam_role_permissions instead.
        [ERROR] platform_org_type: PermissionSet entry "role:platform-admin" is a role name, not a permission identifier; this violates ADR-001/ADR-011. Use "{module}.{entity}.{operation}" format (e.g. "platform.org_type.read"). Seed the role-to-permission mapping in iam_role_permissions instead.
        [ERROR] platform_org_type: PermissionSet entry "role:tenant.admin" is a role name, not a permission identifier; this violates ADR-001/ADR-011. Use "{module}.{entity}.{operation}" format (e.g. "platform.org_type.read"). Seed the role-to-permission mapping in iam_role_permissions instead.
        [ERROR] platform_org_type: PermissionSet entry "role:platform-admin" is a role name, not a permission identifier; this violates ADR-001/ADR-011. Use "{module}.{entity}.{operation}" format (e.g. "platform.org_type.read"). Seed the role-to-permission mapping in iam_role_permissions instead.
        [ERROR] platform_org_type: PermissionSet entry "role:tenant.admin" is a role name, not a permission identifier; this violates ADR-001/ADR-011. Use "{module}.{entity}.{operation}" format (e.g. "platform.org_type.read"). Seed the role-to-permission mapping in iam_role_permissions instead.
        [ERROR] platform_org_assignment: PermissionSet entry "role:platform-admin" is a role name, not a permission identifier; this violates ADR-001/ADR-011. Use "{module}.{entity}.{operation}" format (e.g. "platform.org_assignment.read"). Seed the role-to-permission mapping in iam_role_permissions instead.
        [ERROR] platform_org_assignment: PermissionSet entry "role:tenant.admin" is a role name, not a permission identifier; this violates ADR-001/ADR-011. Use "{module}.{entity}.{operation}" format (e.g. "platform.org_assignment.read"). Seed the role-to-permission mapping in iam_role_permissions instead.
        [ERROR] platform_org_assignment: PermissionSet entry "role:platform-admin" is a role name, not a permission identifier; this violates ADR-001/ADR-011. Use "{module}.{entity}.{operation}" format (e.g. "platform.org_assignment.read"). Seed the role-to-permission mapping in iam_role_permissions instead.
        [ERROR] platform_org_assignment: PermissionSet entry "role:tenant.admin" is a role name, not a permission identifier; this violates ADR-001/ADR-011. Use "{module}.{entity}.{operation}" format (e.g. "platform.org_assignment.read"). Seed the role-to-permission mapping in iam_role_permissions instead.
        [ERROR] platform_org_assignment: PermissionSet entry "role:tenant.user" is a role name, not a permission identifier; this violates ADR-001/ADR-011. Use "{module}.{entity}.{operation}" format (e.g. "platform.org_assignment.read"). Seed the role-to-permission mapping in iam_role_permissions instead.
        [ERROR] platform_org_assignment: PermissionSet entry "role:platform-admin" is a role name, not a permission identifier; this violates ADR-001/ADR-011. Use "{module}.{entity}.{operation}" format (e.g. "platform.org_assignment.read"). Seed the role-to-permission mapping in iam_role_permissions instead.
        [ERROR] platform_org_assignment: PermissionSet entry "role:tenant.admin" is a role name, not a permission identifier; this violates ADR-001/ADR-011. Use "{module}.{entity}.{operation}" format (e.g. "platform.org_assignment.read"). Seed the role-to-permission mapping in iam_role_permissions instead.
        [ERROR] platform_org_assignment: PermissionSet entry "role:platform-admin" is a role name, not a permission identifier; this violates ADR-001/ADR-011. Use "{module}.{entity}.{operation}" format (e.g. "platform.org_assignment.read"). Seed the role-to-permission mapping in iam_role_permissions instead.
        [ERROR] platform_org_assignment: PermissionSet entry "role:tenant.admin" is a role name, not a permission identifier; this violates ADR-001/ADR-011. Use "{module}.{entity}.{operation}" format (e.g. "platform.org_assignment.read"). Seed the role-to-permission mapping in iam_role_permissions instead.
        [ERROR] demo_customer: PermissionSet entry "role:tenant.admin" is a role name, not a permission identifier; this violates ADR-001/ADR-011. Use "{module}.{entity}.{operation}" format (e.g. "demo.customer.read"). Seed the role-to-permission mapping in iam_role_permissions instead.
        [ERROR] demo_customer: PermissionSet entry "role:tenant.user" is a role name, not a permission identifier; this violates ADR-001/ADR-011. Use "{module}.{entity}.{operation}" format (e.g. "demo.customer.read"). Seed the role-to-permission mapping in iam_role_permissions instead.
        [ERROR] demo_customer: PermissionSet entry "role:tenant.admin" is a role name, not a permission identifier; this violates ADR-001/ADR-011. Use "{module}.{entity}.{operation}" format (e.g. "demo.customer.read"). Seed the role-to-permission mapping in iam_role_permissions instead.
        [ERROR] demo_customer: PermissionSet entry "role:tenant.user" is a role name, not a permission identifier; this violates ADR-001/ADR-011. Use "{module}.{entity}.{operation}" format (e.g. "demo.customer.read"). Seed the role-to-permission mapping in iam_role_permissions instead.
        [ERROR] demo_customer: PermissionSet entry "role:tenant.admin" is a role name, not a permission identifier; this violates ADR-001/ADR-011. Use "{module}.{entity}.{operation}" format (e.g. "demo.customer.read"). Seed the role-to-permission mapping in iam_role_permissions instead.
        [ERROR] demo_customer: PermissionSet entry "role:tenant.user" is a role name, not a permission identifier; this violates ADR-001/ADR-011. Use "{module}.{entity}.{operation}" format (e.g. "demo.customer.read"). Seed the role-to-permission mapping in iam_role_permissions instead.
        [ERROR] demo_customer: PermissionSet entry "role:tenant.admin" is a role name, not a permission identifier; this violates ADR-001/ADR-011. Use "{module}.{entity}.{operation}" format (e.g. "demo.customer.read"). Seed the role-to-permission mapping in iam_role_permissions instead.
--- FAIL: TestEntityUpdateRoute (0.00s)
    api_test.go:287: compile: schema compilation errors:
        [ERROR] platform_organization: PermissionSet entry "role:platform-admin" is a role name, not a permission identifier; this violates ADR-001/ADR-011. Use "{module}.{entity}.{operation}" format (e.g. "platform.organization.read"). Seed the role-to-permission mapping in iam_role_permissions instead.
        [ERROR] platform_organization: PermissionSet entry "role:tenant.admin" is a role name, not a permission identifier; this violates ADR-001/ADR-011. Use "{module}.{entity}.{operation}" format (e.g. "platform.organization.read"). Seed the role-to-permission mapping in iam_role_permissions instead.
        [ERROR] platform_organization: PermissionSet entry "role:platform-admin" is a role name, not a permission identifier; this violates ADR-001/ADR-011. Use "{module}.{entity}.{operation}" format (e.g. "platform.organization.read"). Seed the role-to-permission mapping in iam_role_permissions instead.
        [ERROR] platform_organization: PermissionSet entry "role:tenant.admin" is a role name, not a permission identifier; this violates ADR-001/ADR-011. Use "{module}.{entity}.{operation}" format (e.g. "platform.organization.read"). Seed the role-to-permission mapping in iam_role_permissions instead.
        [ERROR] platform_organization: PermissionSet entry "role:tenant.user" is a role name, not a permission identifier; this violates ADR-001/ADR-011. Use "{module}.{entity}.{operation}" format (e.g. "platform.organization.read"). Seed the role-to-permission mapping in iam_role_permissions instead.
        [ERROR] platform_organization: PermissionSet entry "role:platform-admin" is a role name, not a permission identifier; this violates ADR-001/ADR-011. Use "{module}.{entity}.{operation}" format (e.g. "platform.organization.read"). Seed the role-to-permission mapping in iam_role_permissions instead.
        [ERROR] platform_organization: PermissionSet entry "role:tenant.admin" is a role name, not a permission identifier; this violates ADR-001/ADR-011. Use "{module}.{entity}.{operation}" format (e.g. "platform.organization.read"). Seed the role-to-permission mapping in iam_role_permissions instead.
        [ERROR] platform_organization: PermissionSet entry "role:platform-admin" is a role name, not a permission identifier; this violates ADR-001/ADR-011. Use "{module}.{entity}.{operation}" format (e.g. "platform.organization.read"). Seed the role-to-permission mapping in iam_role_permissions instead.
        [ERROR] platform_organization: PermissionSet entry "role:tenant.admin" is a role name, not a permission identifier; this violates ADR-001/ADR-011. Use "{module}.{entity}.{operation}" format (e.g. "platform.organization.read"). Seed the role-to-permission mapping in iam_role_permissions instead.
        [ERROR] platform_org_type: PermissionSet entry "role:platform-admin" is a role name, not a permission identifier; this violates ADR-001/ADR-011. Use "{module}.{entity}.{operation}" format (e.g. "platform.org_type.read"). Seed the role-to-permission mapping in iam_role_permissions instead.
        [ERROR] platform_org_type: PermissionSet entry "role:tenant.admin" is a role name, not a permission identifier; this violates ADR-001/ADR-011. Use "{module}.{entity}.{operation}" format (e.g. "platform.org_type.read"). Seed the role-to-permission mapping in iam_role_permissions instead.
        [ERROR] platform_org_type: PermissionSet entry "role:platform-admin" is a role name, not a permission identifier; this violates ADR-001/ADR-011. Use "{module}.{entity}.{operation}" format (e.g. "platform.org_type.read"). Seed the role-to-permission mapping in iam_role_permissions instead.
        [ERROR] platform_org_type: PermissionSet entry "role:tenant.admin" is a role name, not a permission identifier; this violates ADR-001/ADR-011. Use "{module}.{entity}.{operation}" format (e.g. "platform.org_type.read"). Seed the role-to-permission mapping in iam_role_permissions instead.
        [ERROR] platform_org_type: PermissionSet entry "role:tenant.user" is a role name, not a permission identifier; this violates ADR-001/ADR-011. Use "{module}.{entity}.{operation}" format (e.g. "platform.org_type.read"). Seed the role-to-permission mapping in iam_role_permissions instead.
        [ERROR] platform_org_type: PermissionSet entry "role:platform-admin" is a role name, not a permission identifier; this violates ADR-001/ADR-011. Use "{module}.{entity}.{operation}" format (e.g. "platform.org_type.read"). Seed the role-to-permission mapping in iam_role_permissions instead.
        [ERROR] platform_org_type: PermissionSet entry "role:tenant.admin" is a role name, not a permission identifier; this violates ADR-001/ADR-011. Use "{module}.{entity}.{operation}" format (e.g. "platform.org_type.read"). Seed the role-to-permission mapping in iam_role_permissions instead.
        [ERROR] platform_org_type: PermissionSet entry "role:platform-admin" is a role name, not a permission identifier; this violates ADR-001/ADR-011. Use "{module}.{entity}.{operation}" format (e.g. "platform.org_type.read"). Seed the role-to-permission mapping in iam_role_permissions instead.
        [ERROR] platform_org_type: PermissionSet entry "role:tenant.admin" is a role name, not a permission identifier; this violates ADR-001/ADR-011. Use "{module}.{entity}.{operation}" format (e.g. "platform.org_type.read"). Seed the role-to-permission mapping in iam_role_permissions instead.
        [ERROR] platform_org_assignment: PermissionSet entry "role:platform-admin" is a role name, not a permission identifier; this violates ADR-001/ADR-011. Use "{module}.{entity}.{operation}" format (e.g. "platform.org_assignment.read"). Seed the role-to-permission mapping in iam_role_permissions instead.
        [ERROR] platform_org_assignment: PermissionSet entry "role:tenant.admin" is a role name, not a permission identifier; this violates ADR-001/ADR-011. Use "{module}.{entity}.{operation}" format (e.g. "platform.org_assignment.read"). Seed the role-to-permission mapping in iam_role_permissions instead.
        [ERROR] platform_org_assignment: PermissionSet entry "role:platform-admin" is a role name, not a permission identifier; this violates ADR-001/ADR-011. Use "{module}.{entity}.{operation}" format (e.g. "platform.org_assignment.read"). Seed the role-to-permission mapping in iam_role_permissions instead.
        [ERROR] platform_org_assignment: PermissionSet entry "role:tenant.admin" is a role name, not a permission identifier; this violates ADR-001/ADR-011. Use "{module}.{entity}.{operation}" format (e.g. "platform.org_assignment.read"). Seed the role-to-permission mapping in iam_role_permissions instead.
        [ERROR] platform_org_assignment: PermissionSet entry "role:tenant.user" is a role name, not a permission identifier; this violates ADR-001/ADR-011. Use "{module}.{entity}.{operation}" format (e.g. "platform.org_assignment.read"). Seed the role-to-permission mapping in iam_role_permissions instead.
        [ERROR] platform_org_assignment: PermissionSet entry "role:platform-admin" is a role name, not a permission identifier; this violates ADR-001/ADR-011. Use "{module}.{entity}.{operation}" format (e.g. "platform.org_assignment.read"). Seed the role-to-permission mapping in iam_role_permissions instead.
        [ERROR] platform_org_assignment: PermissionSet entry "role:tenant.admin" is a role name, not a permission identifier; this violates ADR-001/ADR-011. Use "{module}.{entity}.{operation}" format (e.g. "platform.org_assignment.read"). Seed the role-to-permission mapping in iam_role_permissions instead.
        [ERROR] platform_org_assignment: PermissionSet entry "role:platform-admin" is a role name, not a permission identifier; this violates ADR-001/ADR-011. Use "{module}.{entity}.{operation}" format (e.g. "platform.org_assignment.read"). Seed the role-to-permission mapping in iam_role_permissions instead.
        [ERROR] platform_org_assignment: PermissionSet entry "role:tenant.admin" is a role name, not a permission identifier; this violates ADR-001/ADR-011. Use "{module}.{entity}.{operation}" format (e.g. "platform.org_assignment.read"). Seed the role-to-permission mapping in iam_role_permissions instead.
        [ERROR] demo_customer: PermissionSet entry "role:tenant.admin" is a role name, not a permission identifier; this violates ADR-001/ADR-011. Use "{module}.{entity}.{operation}" format (e.g. "demo.customer.read"). Seed the role-to-permission mapping in iam_role_permissions instead.
        [ERROR] demo_customer: PermissionSet entry "role:tenant.user" is a role name, not a permission identifier; this violates ADR-001/ADR-011. Use "{module}.{entity}.{operation}" format (e.g. "demo.customer.read"). Seed the role-to-permission mapping in iam_role_permissions instead.
        [ERROR] demo_customer: PermissionSet entry "role:tenant.admin" is a role name, not a permission identifier; this violates ADR-001/ADR-011. Use "{module}.{entity}.{operation}" format (e.g. "demo.customer.read"). Seed the role-to-permission mapping in iam_role_permissions instead.
        [ERROR] demo_customer: PermissionSet entry "role:tenant.user" is a role name, not a permission identifier; this violates ADR-001/ADR-011. Use "{module}.{entity}.{operation}" format (e.g. "demo.customer.read"). Seed the role-to-permission mapping in iam_role_permissions instead.
        [ERROR] demo_customer: PermissionSet entry "role:tenant.admin" is a role name, not a permission identifier; this violates ADR-001/ADR-011. Use "{module}.{entity}.{operation}" format (e.g. "demo.customer.read"). Seed the role-to-permission mapping in iam_role_permissions instead.
        [ERROR] demo_customer: PermissionSet entry "role:tenant.user" is a role name, not a permission identifier; this violates ADR-001/ADR-011. Use "{module}.{entity}.{operation}" format (e.g. "demo.customer.read"). Seed the role-to-permission mapping in iam_role_permissions instead.
        [ERROR] demo_customer: PermissionSet entry "role:tenant.admin" is a role name, not a permission identifier; this violates ADR-001/ADR-011. Use "{module}.{entity}.{operation}" format (e.g. "demo.customer.read"). Seed the role-to-permission mapping in iam_role_permissions instead.
--- FAIL: TestEntityDeleteRoute (0.00s)
    api_test.go:300: compile: schema compilation errors:
        [ERROR] platform_organization: PermissionSet entry "role:platform-admin" is a role name, not a permission identifier; this violates ADR-001/ADR-011. Use "{module}.{entity}.{operation}" format (e.g. "platform.organization.read"). Seed the role-to-permission mapping in iam_role_permissions instead.
        [ERROR] platform_organization: PermissionSet entry "role:tenant.admin" is a role name, not a permission identifier; this violates ADR-001/ADR-011. Use "{module}.{entity}.{operation}" format (e.g. "platform.organization.read"). Seed the role-to-permission mapping in iam_role_permissions instead.
        [ERROR] platform_organization: PermissionSet entry "role:platform-admin" is a role name, not a permission identifier; this violates ADR-001/ADR-011. Use "{module}.{entity}.{operation}" format (e.g. "platform.organization.read"). Seed the role-to-permission mapping in iam_role_permissions instead.
        [ERROR] platform_organization: PermissionSet entry "role:tenant.admin" is a role name, not a permission identifier; this violates ADR-001/ADR-011. Use "{module}.{entity}.{operation}" format (e.g. "platform.organization.read"). Seed the role-to-permission mapping in iam_role_permissions instead.
        [ERROR] platform_organization: PermissionSet entry "role:tenant.user" is a role name, not a permission identifier; this violates ADR-001/ADR-011. Use "{module}.{entity}.{operation}" format (e.g. "platform.organization.read"). Seed the role-to-permission mapping in iam_role_permissions instead.
        [ERROR] platform_organization: PermissionSet entry "role:platform-admin" is a role name, not a permission identifier; this violates ADR-001/ADR-011. Use "{module}.{entity}.{operation}" format (e.g. "platform.organization.read"). Seed the role-to-permission mapping in iam_role_permissions instead.
        [ERROR] platform_organization: PermissionSet entry "role:tenant.admin" is a role name, not a permission identifier; this violates ADR-001/ADR-011. Use "{module}.{entity}.{operation}" format (e.g. "platform.organization.read"). Seed the role-to-permission mapping in iam_role_permissions instead.
        [ERROR] platform_organization: PermissionSet entry "role:platform-admin" is a role name, not a permission identifier; this violates ADR-001/ADR-011. Use "{module}.{entity}.{operation}" format (e.g. "platform.organization.read"). Seed the role-to-permission mapping in iam_role_permissions instead.
        [ERROR] platform_organization: PermissionSet entry "role:tenant.admin" is a role name, not a permission identifier; this violates ADR-001/ADR-011. Use "{module}.{entity}.{operation}" format (e.g. "platform.organization.read"). Seed the role-to-permission mapping in iam_role_permissions instead.
        [ERROR] platform_org_type: PermissionSet entry "role:platform-admin" is a role name, not a permission identifier; this violates ADR-001/ADR-011. Use "{module}.{entity}.{operation}" format (e.g. "platform.org_type.read"). Seed the role-to-permission mapping in iam_role_permissions instead.
        [ERROR] platform_org_type: PermissionSet entry "role:tenant.admin" is a role name, not a permission identifier; this violates ADR-001/ADR-011. Use "{module}.{entity}.{operation}" format (e.g. "platform.org_type.read"). Seed the role-to-permission mapping in iam_role_permissions instead.
        [ERROR] platform_org_type: PermissionSet entry "role:platform-admin" is a role name, not a permission identifier; this violates ADR-001/ADR-011. Use "{module}.{entity}.{operation}" format (e.g. "platform.org_type.read"). Seed the role-to-permission mapping in iam_role_permissions instead.
        [ERROR] platform_org_type: PermissionSet entry "role:tenant.admin" is a role name, not a permission identifier; this violates ADR-001/ADR-011. Use "{module}.{entity}.{operation}" format (e.g. "platform.org_type.read"). Seed the role-to-permission mapping in iam_role_permissions instead.
        [ERROR] platform_org_type: PermissionSet entry "role:tenant.user" is a role name, not a permission identifier; this violates ADR-001/ADR-011. Use "{module}.{entity}.{operation}" format (e.g. "platform.org_type.read"). Seed the role-to-permission mapping in iam_role_permissions instead.
        [ERROR] platform_org_type: PermissionSet entry "role:platform-admin" is a role name, not a permission identifier; this violates ADR-001/ADR-011. Use "{module}.{entity}.{operation}" format (e.g. "platform.org_type.read"). Seed the role-to-permission mapping in iam_role_permissions instead.
        [ERROR] platform_org_type: PermissionSet entry "role:tenant.admin" is a role name, not a permission identifier; this violates ADR-001/ADR-011. Use "{module}.{entity}.{operation}" format (e.g. "platform.org_type.read"). Seed the role-to-permission mapping in iam_role_permissions instead.
        [ERROR] platform_org_type: PermissionSet entry "role:platform-admin" is a role name, not a permission identifier; this violates ADR-001/ADR-011. Use "{module}.{entity}.{operation}" format (e.g. "platform.org_type.read"). Seed the role-to-permission mapping in iam_role_permissions instead.
        [ERROR] platform_org_type: PermissionSet entry "role:tenant.admin" is a role name, not a permission identifier; this violates ADR-001/ADR-011. Use "{module}.{entity}.{operation}" format (e.g. "platform.org_type.read"). Seed the role-to-permission mapping in iam_role_permissions instead.
        [ERROR] platform_org_assignment: PermissionSet entry "role:platform-admin" is a role name, not a permission identifier; this violates ADR-001/ADR-011. Use "{module}.{entity}.{operation}" format (e.g. "platform.org_assignment.read"). Seed the role-to-permission mapping in iam_role_permissions instead.
        [ERROR] platform_org_assignment: PermissionSet entry "role:tenant.admin" is a role name, not a permission identifier; this violates ADR-001/ADR-011. Use "{module}.{entity}.{operation}" format (e.g. "platform.org_assignment.read"). Seed the role-to-permission mapping in iam_role_permissions instead.
        [ERROR] platform_org_assignment: PermissionSet entry "role:platform-admin" is a role name, not a permission identifier; this violates ADR-001/ADR-011. Use "{module}.{entity}.{operation}" format (e.g. "platform.org_assignment.read"). Seed the role-to-permission mapping in iam_role_permissions instead.
        [ERROR] platform_org_assignment: PermissionSet entry "role:tenant.admin" is a role name, not a permission identifier; this violates ADR-001/ADR-011. Use "{module}.{entity}.{operation}" format (e.g. "platform.org_assignment.read"). Seed the role-to-permission mapping in iam_role_permissions instead.
        [ERROR] platform_org_assignment: PermissionSet entry "role:tenant.user" is a role name, not a permission identifier; this violates ADR-001/ADR-011. Use "{module}.{entity}.{operation}" format (e.g. "platform.org_assignment.read"). Seed the role-to-permission mapping in iam_role_permissions instead.
        [ERROR] platform_org_assignment: PermissionSet entry "role:platform-admin" is a role name, not a permission identifier; this violates ADR-001/ADR-011. Use "{module}.{entity}.{operation}" format (e.g. "platform.org_assignment.read"). Seed the role-to-permission mapping in iam_role_permissions instead.
        [ERROR] platform_org_assignment: PermissionSet entry "role:tenant.admin" is a role name, not a permission identifier; this violates ADR-001/ADR-011. Use "{module}.{entity}.{operation}" format (e.g. "platform.org_assignment.read"). Seed the role-to-permission mapping in iam_role_permissions instead.
        [ERROR] platform_org_assignment: PermissionSet entry "role:platform-admin" is a role name, not a permission identifier; this violates ADR-001/ADR-011. Use "{module}.{entity}.{operation}" format (e.g. "platform.org_assignment.read"). Seed the role-to-permission mapping in iam_role_permissions instead.
        [ERROR] platform_org_assignment: PermissionSet entry "role:tenant.admin" is a role name, not a permission identifier; this violates ADR-001/ADR-011. Use "{module}.{entity}.{operation}" format (e.g. "platform.org_assignment.read"). Seed the role-to-permission mapping in iam_role_permissions instead.
        [ERROR] demo_customer: PermissionSet entry "role:tenant.admin" is a role name, not a permission identifier; this violates ADR-001/ADR-011. Use "{module}.{entity}.{operation}" format (e.g. "demo.customer.read"). Seed the role-to-permission mapping in iam_role_permissions instead.
        [ERROR] demo_customer: PermissionSet entry "role:tenant.user" is a role name, not a permission identifier; this violates ADR-001/ADR-011. Use "{module}.{entity}.{operation}" format (e.g. "demo.customer.read"). Seed the role-to-permission mapping in iam_role_permissions instead.
        [ERROR] demo_customer: PermissionSet entry "role:tenant.admin" is a role name, not a permission identifier; this violates ADR-001/ADR-011. Use "{module}.{entity}.{operation}" format (e.g. "demo.customer.read"). Seed the role-to-permission mapping in iam_role_permissions instead.
        [ERROR] demo_customer: PermissionSet entry "role:tenant.user" is a role name, not a permission identifier; this violates ADR-001/ADR-011. Use "{module}.{entity}.{operation}" format (e.g. "demo.customer.read"). Seed the role-to-permission mapping in iam_role_permissions instead.
        [ERROR] demo_customer: PermissionSet entry "role:tenant.admin" is a role name, not a permission identifier; this violates ADR-001/ADR-011. Use "{module}.{entity}.{operation}" format (e.g. "demo.customer.read"). Seed the role-to-permission mapping in iam_role_permissions instead.
        [ERROR] demo_customer: PermissionSet entry "role:tenant.user" is a role name, not a permission identifier; this violates ADR-001/ADR-011. Use "{module}.{entity}.{operation}" format (e.g. "demo.customer.read"). Seed the role-to-permission mapping in iam_role_permissions instead.
        [ERROR] demo_customer: PermissionSet entry "role:tenant.admin" is a role name, not a permission identifier; this violates ADR-001/ADR-011. Use "{module}.{entity}.{operation}" format (e.g. "demo.customer.read"). Seed the role-to-permission mapping in iam_role_permissions instead.
--- FAIL: TestSchemaFingerprint (0.00s)
    api_test.go:313: compile: schema compilation errors:
        [ERROR] platform_organization: PermissionSet entry "role:platform-admin" is a role name, not a permission identifier; this violates ADR-001/ADR-011. Use "{module}.{entity}.{operation}" format (e.g. "platform.organization.read"). Seed the role-to-permission mapping in iam_role_permissions instead.
        [ERROR] platform_organization: PermissionSet entry "role:tenant.admin" is a role name, not a permission identifier; this violates ADR-001/ADR-011. Use "{module}.{entity}.{operation}" format (e.g. "platform.organization.read"). Seed the role-to-permission mapping in iam_role_permissions instead.
        [ERROR] platform_organization: PermissionSet entry "role:platform-admin" is a role name, not a permission identifier; this violates ADR-001/ADR-011. Use "{module}.{entity}.{operation}" format (e.g. "platform.organization.read"). Seed the role-to-permission mapping in iam_role_permissions instead.
        [ERROR] platform_organization: PermissionSet entry "role:tenant.admin" is a role name, not a permission identifier; this violates ADR-001/ADR-011. Use "{module}.{entity}.{operation}" format (e.g. "platform.organization.read"). Seed the role-to-permission mapping in iam_role_permissions instead.
        [ERROR] platform_organization: PermissionSet entry "role:tenant.user" is a role name, not a permission identifier; this violates ADR-001/ADR-011. Use "{module}.{entity}.{operation}" format (e.g. "platform.organization.read"). Seed the role-to-permission mapping in iam_role_permissions instead.
        [ERROR] platform_organization: PermissionSet entry "role:platform-admin" is a role name, not a permission identifier; this violates ADR-001/ADR-011. Use "{module}.{entity}.{operation}" format (e.g. "platform.organization.read"). Seed the role-to-permission mapping in iam_role_permissions instead.
        [ERROR] platform_organization: PermissionSet entry "role:tenant.admin" is a role name, not a permission identifier; this violates ADR-001/ADR-011. Use "{module}.{entity}.{operation}" format (e.g. "platform.organization.read"). Seed the role-to-permission mapping in iam_role_permissions instead.
        [ERROR] platform_organization: PermissionSet entry "role:platform-admin" is a role name, not a permission identifier; this violates ADR-001/ADR-011. Use "{module}.{entity}.{operation}" format (e.g. "platform.organization.read"). Seed the role-to-permission mapping in iam_role_permissions instead.
        [ERROR] platform_organization: PermissionSet entry "role:tenant.admin" is a role name, not a permission identifier; this violates ADR-001/ADR-011. Use "{module}.{entity}.{operation}" format (e.g. "platform.organization.read"). Seed the role-to-permission mapping in iam_role_permissions instead.
        [ERROR] platform_org_type: PermissionSet entry "role:platform-admin" is a role name, not a permission identifier; this violates ADR-001/ADR-011. Use "{module}.{entity}.{operation}" format (e.g. "platform.org_type.read"). Seed the role-to-permission mapping in iam_role_permissions instead.
        [ERROR] platform_org_type: PermissionSet entry "role:tenant.admin" is a role name, not a permission identifier; this violates ADR-001/ADR-011. Use "{module}.{entity}.{operation}" format (e.g. "platform.org_type.read"). Seed the role-to-permission mapping in iam_role_permissions instead.
        [ERROR] platform_org_type: PermissionSet entry "role:platform-admin" is a role name, not a permission identifier; this violates ADR-001/ADR-011. Use "{module}.{entity}.{operation}" format (e.g. "platform.org_type.read"). Seed the role-to-permission mapping in iam_role_permissions instead.
        [ERROR] platform_org_type: PermissionSet entry "role:tenant.admin" is a role name, not a permission identifier; this violates ADR-001/ADR-011. Use "{module}.{entity}.{operation}" format (e.g. "platform.org_type.read"). Seed the role-to-permission mapping in iam_role_permissions instead.
        [ERROR] platform_org_type: PermissionSet entry "role:tenant.user" is a role name, not a permission identifier; this violates ADR-001/ADR-011. Use "{module}.{entity}.{operation}" format (e.g. "platform.org_type.read"). Seed the role-to-permission mapping in iam_role_permissions instead.
        [ERROR] platform_org_type: PermissionSet entry "role:platform-admin" is a role name, not a permission identifier; this violates ADR-001/ADR-011. Use "{module}.{entity}.{operation}" format (e.g. "platform.org_type.read"). Seed the role-to-permission mapping in iam_role_permissions instead.
        [ERROR] platform_org_type: PermissionSet entry "role:tenant.admin" is a role name, not a permission identifier; this violates ADR-001/ADR-011. Use "{module}.{entity}.{operation}" format (e.g. "platform.org_type.read"). Seed the role-to-permission mapping in iam_role_permissions instead.
        [ERROR] platform_org_type: PermissionSet entry "role:platform-admin" is a role name, not a permission identifier; this violates ADR-001/ADR-011. Use "{module}.{entity}.{operation}" format (e.g. "platform.org_type.read"). Seed the role-to-permission mapping in iam_role_permissions instead.
        [ERROR] platform_org_type: PermissionSet entry "role:tenant.admin" is a role name, not a permission identifier; this violates ADR-001/ADR-011. Use "{module}.{entity}.{operation}" format (e.g. "platform.org_type.read"). Seed the role-to-permission mapping in iam_role_permissions instead.
        [ERROR] platform_org_assignment: PermissionSet entry "role:platform-admin" is a role name, not a permission identifier; this violates ADR-001/ADR-011. Use "{module}.{entity}.{operation}" format (e.g. "platform.org_assignment.read"). Seed the role-to-permission mapping in iam_role_permissions instead.
        [ERROR] platform_org_assignment: PermissionSet entry "role:tenant.admin" is a role name, not a permission identifier; this violates ADR-001/ADR-011. Use "{module}.{entity}.{operation}" format (e.g. "platform.org_assignment.read"). Seed the role-to-permission mapping in iam_role_permissions instead.
        [ERROR] platform_org_assignment: PermissionSet entry "role:platform-admin" is a role name, not a permission identifier; this violates ADR-001/ADR-011. Use "{module}.{entity}.{operation}" format (e.g. "platform.org_assignment.read"). Seed the role-to-permission mapping in iam_role_permissions instead.
        [ERROR] platform_org_assignment: PermissionSet entry "role:tenant.admin" is a role name, not a permission identifier; this violates ADR-001/ADR-011. Use "{module}.{entity}.{operation}" format (e.g. "platform.org_assignment.read"). Seed the role-to-permission mapping in iam_role_permissions instead.
        [ERROR] platform_org_assignment: PermissionSet entry "role:tenant.user" is a role name, not a permission identifier; this violates ADR-001/ADR-011. Use "{module}.{entity}.{operation}" format (e.g. "platform.org_assignment.read"). Seed the role-to-permission mapping in iam_role_permissions instead.
        [ERROR] platform_org_assignment: PermissionSet entry "role:platform-admin" is a role name, not a permission identifier; this violates ADR-001/ADR-011. Use "{module}.{entity}.{operation}" format (e.g. "platform.org_assignment.read"). Seed the role-to-permission mapping in iam_role_permissions instead.
        [ERROR] platform_org_assignment: PermissionSet entry "role:tenant.admin" is a role name, not a permission identifier; this violates ADR-001/ADR-011. Use "{module}.{entity}.{operation}" format (e.g. "platform.org_assignment.read"). Seed the role-to-permission mapping in iam_role_permissions instead.
        [ERROR] platform_org_assignment: PermissionSet entry "role:platform-admin" is a role name, not a permission identifier; this violates ADR-001/ADR-011. Use "{module}.{entity}.{operation}" format (e.g. "platform.org_assignment.read"). Seed the role-to-permission mapping in iam_role_permissions instead.
        [ERROR] platform_org_assignment: PermissionSet entry "role:tenant.admin" is a role name, not a permission identifier; this violates ADR-001/ADR-011. Use "{module}.{entity}.{operation}" format (e.g. "platform.org_assignment.read"). Seed the role-to-permission mapping in iam_role_permissions instead.
        [ERROR] demo_customer: PermissionSet entry "role:tenant.admin" is a role name, not a permission identifier; this violates ADR-001/ADR-011. Use "{module}.{entity}.{operation}" format (e.g. "demo.customer.read"). Seed the role-to-permission mapping in iam_role_permissions instead.
        [ERROR] demo_customer: PermissionSet entry "role:tenant.user" is a role name, not a permission identifier; this violates ADR-001/ADR-011. Use "{module}.{entity}.{operation}" format (e.g. "demo.customer.read"). Seed the role-to-permission mapping in iam_role_permissions instead.
        [ERROR] demo_customer: PermissionSet entry "role:tenant.admin" is a role name, not a permission identifier; this violates ADR-001/ADR-011. Use "{module}.{entity}.{operation}" format (e.g. "demo.customer.read"). Seed the role-to-permission mapping in iam_role_permissions instead.
        [ERROR] demo_customer: PermissionSet entry "role:tenant.user" is a role name, not a permission identifier; this violates ADR-001/ADR-011. Use "{module}.{entity}.{operation}" format (e.g. "demo.customer.read"). Seed the role-to-permission mapping in iam_role_permissions instead.
        [ERROR] demo_customer: PermissionSet entry "role:tenant.admin" is a role name, not a permission identifier; this violates ADR-001/ADR-011. Use "{module}.{entity}.{operation}" format (e.g. "demo.customer.read"). Seed the role-to-permission mapping in iam_role_permissions instead.
        [ERROR] demo_customer: PermissionSet entry "role:tenant.user" is a role name, not a permission identifier; this violates ADR-001/ADR-011. Use "{module}.{entity}.{operation}" format (e.g. "demo.customer.read"). Seed the role-to-permission mapping in iam_role_permissions instead.
        [ERROR] demo_customer: PermissionSet entry "role:tenant.admin" is a role name, not a permission identifier; this violates ADR-001/ADR-011. Use "{module}.{entity}.{operation}" format (e.g. "demo.customer.read"). Seed the role-to-permission mapping in iam_role_permissions instead.
--- FAIL: TestAllEntitiesHaveRoutes (0.00s)
    api_test.go:331: compile: schema compilation errors:
        [ERROR] platform_organization: PermissionSet entry "role:platform-admin" is a role name, not a permission identifier; this violates ADR-001/ADR-011. Use "{module}.{entity}.{operation}" format (e.g. "platform.organization.read"). Seed the role-to-permission mapping in iam_role_permissions instead.
        [ERROR] platform_organization: PermissionSet entry "role:tenant.admin" is a role name, not a permission identifier; this violates ADR-001/ADR-011. Use "{module}.{entity}.{operation}" format (e.g. "platform.organization.read"). Seed the role-to-permission mapping in iam_role_permissions instead.
        [ERROR] platform_organization: PermissionSet entry "role:platform-admin" is a role name, not a permission identifier; this violates ADR-001/ADR-011. Use "{module}.{entity}.{operation}" format (e.g. "platform.organization.read"). Seed the role-to-permission mapping in iam_role_permissions instead.
        [ERROR] platform_organization: PermissionSet entry "role:tenant.admin" is a role name, not a permission identifier; this violates ADR-001/ADR-011. Use "{module}.{entity}.{operation}" format (e.g. "platform.organization.read"). Seed the role-to-permission mapping in iam_role_permissions instead.
        [ERROR] platform_organization: PermissionSet entry "role:tenant.user" is a role name, not a permission identifier; this violates ADR-001/ADR-011. Use "{module}.{entity}.{operation}" format (e.g. "platform.organization.read"). Seed the role-to-permission mapping in iam_role_permissions instead.
        [ERROR] platform_organization: PermissionSet entry "role:platform-admin" is a role name, not a permission identifier; this violates ADR-001/ADR-011. Use "{module}.{entity}.{operation}" format (e.g. "platform.organization.read"). Seed the role-to-permission mapping in iam_role_permissions instead.
        [ERROR] platform_organization: PermissionSet entry "role:tenant.admin" is a role name, not a permission identifier; this violates ADR-001/ADR-011. Use "{module}.{entity}.{operation}" format (e.g. "platform.organization.read"). Seed the role-to-permission mapping in iam_role_permissions instead.
        [ERROR] platform_organization: PermissionSet entry "role:platform-admin" is a role name, not a permission identifier; this violates ADR-001/ADR-011. Use "{module}.{entity}.{operation}" format (e.g. "platform.organization.read"). Seed the role-to-permission mapping in iam_role_permissions instead.
        [ERROR] platform_organization: PermissionSet entry "role:tenant.admin" is a role name, not a permission identifier; this violates ADR-001/ADR-011. Use "{module}.{entity}.{operation}" format (e.g. "platform.organization.read"). Seed the role-to-permission mapping in iam_role_permissions instead.
        [ERROR] platform_org_type: PermissionSet entry "role:platform-admin" is a role name, not a permission identifier; this violates ADR-001/ADR-011. Use "{module}.{entity}.{operation}" format (e.g. "platform.org_type.read"). Seed the role-to-permission mapping in iam_role_permissions instead.
        [ERROR] platform_org_type: PermissionSet entry "role:tenant.admin" is a role name, not a permission identifier; this violates ADR-001/ADR-011. Use "{module}.{entity}.{operation}" format (e.g. "platform.org_type.read"). Seed the role-to-permission mapping in iam_role_permissions instead.
        [ERROR] platform_org_type: PermissionSet entry "role:platform-admin" is a role name, not a permission identifier; this violates ADR-001/ADR-011. Use "{module}.{entity}.{operation}" format (e.g. "platform.org_type.read"). Seed the role-to-permission mapping in iam_role_permissions instead.
        [ERROR] platform_org_type: PermissionSet entry "role:tenant.admin" is a role name, not a permission identifier; this violates ADR-001/ADR-011. Use "{module}.{entity}.{operation}" format (e.g. "platform.org_type.read"). Seed the role-to-permission mapping in iam_role_permissions instead.
        [ERROR] platform_org_type: PermissionSet entry "role:tenant.user" is a role name, not a permission identifier; this violates ADR-001/ADR-011. Use "{module}.{entity}.{operation}" format (e.g. "platform.org_type.read"). Seed the role-to-permission mapping in iam_role_permissions instead.
        [ERROR] platform_org_type: PermissionSet entry "role:platform-admin" is a role name, not a permission identifier; this violates ADR-001/ADR-011. Use "{module}.{entity}.{operation}" format (e.g. "platform.org_type.read"). Seed the role-to-permission mapping in iam_role_permissions instead.
        [ERROR] platform_org_type: PermissionSet entry "role:tenant.admin" is a role name, not a permission identifier; this violates ADR-001/ADR-011. Use "{module}.{entity}.{operation}" format (e.g. "platform.org_type.read"). Seed the role-to-permission mapping in iam_role_permissions instead.
        [ERROR] platform_org_type: PermissionSet entry "role:platform-admin" is a role name, not a permission identifier; this violates ADR-001/ADR-011. Use "{module}.{entity}.{operation}" format (e.g. "platform.org_type.read"). Seed the role-to-permission mapping in iam_role_permissions instead.
        [ERROR] platform_org_type: PermissionSet entry "role:tenant.admin" is a role name, not a permission identifier; this violates ADR-001/ADR-011. Use "{module}.{entity}.{operation}" format (e.g. "platform.org_type.read"). Seed the role-to-permission mapping in iam_role_permissions instead.
        [ERROR] platform_org_assignment: PermissionSet entry "role:platform-admin" is a role name, not a permission identifier; this violates ADR-001/ADR-011. Use "{module}.{entity}.{operation}" format (e.g. "platform.org_assignment.read"). Seed the role-to-permission mapping in iam_role_permissions instead.
        [ERROR] platform_org_assignment: PermissionSet entry "role:tenant.admin" is a role name, not a permission identifier; this violates ADR-001/ADR-011. Use "{module}.{entity}.{operation}" format (e.g. "platform.org_assignment.read"). Seed the role-to-permission mapping in iam_role_permissions instead.
        [ERROR] platform_org_assignment: PermissionSet entry "role:platform-admin" is a role name, not a permission identifier; this violates ADR-001/ADR-011. Use "{module}.{entity}.{operation}" format (e.g. "platform.org_assignment.read"). Seed the role-to-permission mapping in iam_role_permissions instead.
        [ERROR] platform_org_assignment: PermissionSet entry "role:tenant.admin" is a role name, not a permission identifier; this violates ADR-001/ADR-011. Use "{module}.{entity}.{operation}" format (e.g. "platform.org_assignment.read"). Seed the role-to-permission mapping in iam_role_permissions instead.
        [ERROR] platform_org_assignment: PermissionSet entry "role:tenant.user" is a role name, not a permission identifier; this violates ADR-001/ADR-011. Use "{module}.{entity}.{operation}" format (e.g. "platform.org_assignment.read"). Seed the role-to-permission mapping in iam_role_permissions instead.
        [ERROR] platform_org_assignment: PermissionSet entry "role:platform-admin" is a role name, not a permission identifier; this violates ADR-001/ADR-011. Use "{module}.{entity}.{operation}" format (e.g. "platform.org_assignment.read"). Seed the role-to-permission mapping in iam_role_permissions instead.
        [ERROR] platform_org_assignment: PermissionSet entry "role:tenant.admin" is a role name, not a permission identifier; this violates ADR-001/ADR-011. Use "{module}.{entity}.{operation}" format (e.g. "platform.org_assignment.read"). Seed the role-to-permission mapping in iam_role_permissions instead.
        [ERROR] platform_org_assignment: PermissionSet entry "role:platform-admin" is a role name, not a permission identifier; this violates ADR-001/ADR-011. Use "{module}.{entity}.{operation}" format (e.g. "platform.org_assignment.read"). Seed the role-to-permission mapping in iam_role_permissions instead.
        [ERROR] platform_org_assignment: PermissionSet entry "role:tenant.admin" is a role name, not a permission identifier; this violates ADR-001/ADR-011. Use "{module}.{entity}.{operation}" format (e.g. "platform.org_assignment.read"). Seed the role-to-permission mapping in iam_role_permissions instead.
        [ERROR] demo_customer: PermissionSet entry "role:tenant.admin" is a role name, not a permission identifier; this violates ADR-001/ADR-011. Use "{module}.{entity}.{operation}" format (e.g. "demo.customer.read"). Seed the role-to-permission mapping in iam_role_permissions instead.
        [ERROR] demo_customer: PermissionSet entry "role:tenant.user" is a role name, not a permission identifier; this violates ADR-001/ADR-011. Use "{module}.{entity}.{operation}" format (e.g. "demo.customer.read"). Seed the role-to-permission mapping in iam_role_permissions instead.
        [ERROR] demo_customer: PermissionSet entry "role:tenant.admin" is a role name, not a permission identifier; this violates ADR-001/ADR-011. Use "{module}.{entity}.{operation}" format (e.g. "demo.customer.read"). Seed the role-to-permission mapping in iam_role_permissions instead.
        [ERROR] demo_customer: PermissionSet entry "role:tenant.user" is a role name, not a permission identifier; this violates ADR-001/ADR-011. Use "{module}.{entity}.{operation}" format (e.g. "demo.customer.read"). Seed the role-to-permission mapping in iam_role_permissions instead.
        [ERROR] demo_customer: PermissionSet entry "role:tenant.admin" is a role name, not a permission identifier; this violates ADR-001/ADR-011. Use "{module}.{entity}.{operation}" format (e.g. "demo.customer.read"). Seed the role-to-permission mapping in iam_role_permissions instead.
        [ERROR] demo_customer: PermissionSet entry "role:tenant.user" is a role name, not a permission identifier; this violates ADR-001/ADR-011. Use "{module}.{entity}.{operation}" format (e.g. "demo.customer.read"). Seed the role-to-permission mapping in iam_role_permissions instead.
        [ERROR] demo_customer: PermissionSet entry "role:tenant.admin" is a role name, not a permission identifier; this violates ADR-001/ADR-011. Use "{module}.{entity}.{operation}" format (e.g. "demo.customer.read"). Seed the role-to-permission mapping in iam_role_permissions instead.
FAIL
FAIL	awo.so/awo/tests/e2e	0.050s
--- FAIL: TestFakeStoreCRUD (0.00s)
    pipeline_test.go:37: harness: compile schema: schema compilation errors:
        [ERROR] platform_organization: PermissionSet entry "role:platform-admin" is a role name, not a permission identifier; this violates ADR-001/ADR-011. Use "{module}.{entity}.{operation}" format (e.g. "platform.organization.read"). Seed the role-to-permission mapping in iam_role_permissions instead.
        [ERROR] platform_organization: PermissionSet entry "role:tenant.admin" is a role name, not a permission identifier; this violates ADR-001/ADR-011. Use "{module}.{entity}.{operation}" format (e.g. "platform.organization.read"). Seed the role-to-permission mapping in iam_role_permissions instead.
        [ERROR] platform_organization: PermissionSet entry "role:platform-admin" is a role name, not a permission identifier; this violates ADR-001/ADR-011. Use "{module}.{entity}.{operation}" format (e.g. "platform.organization.read"). Seed the role-to-permission mapping in iam_role_permissions instead.
        [ERROR] platform_organization: PermissionSet entry "role:tenant.admin" is a role name, not a permission identifier; this violates ADR-001/ADR-011. Use "{module}.{entity}.{operation}" format (e.g. "platform.organization.read"). Seed the role-to-permission mapping in iam_role_permissions instead.
        [ERROR] platform_organization: PermissionSet entry "role:tenant.user" is a role name, not a permission identifier; this violates ADR-001/ADR-011. Use "{module}.{entity}.{operation}" format (e.g. "platform.organization.read"). Seed the role-to-permission mapping in iam_role_permissions instead.
        [ERROR] platform_organization: PermissionSet entry "role:platform-admin" is a role name, not a permission identifier; this violates ADR-001/ADR-011. Use "{module}.{entity}.{operation}" format (e.g. "platform.organization.read"). Seed the role-to-permission mapping in iam_role_permissions instead.
        [ERROR] platform_organization: PermissionSet entry "role:tenant.admin" is a role name, not a permission identifier; this violates ADR-001/ADR-011. Use "{module}.{entity}.{operation}" format (e.g. "platform.organization.read"). Seed the role-to-permission mapping in iam_role_permissions instead.
        [ERROR] platform_organization: PermissionSet entry "role:platform-admin" is a role name, not a permission identifier; this violates ADR-001/ADR-011. Use "{module}.{entity}.{operation}" format (e.g. "platform.organization.read"). Seed the role-to-permission mapping in iam_role_permissions instead.
        [ERROR] platform_organization: PermissionSet entry "role:tenant.admin" is a role name, not a permission identifier; this violates ADR-001/ADR-011. Use "{module}.{entity}.{operation}" format (e.g. "platform.organization.read"). Seed the role-to-permission mapping in iam_role_permissions instead.
        [ERROR] platform_org_type: PermissionSet entry "role:platform-admin" is a role name, not a permission identifier; this violates ADR-001/ADR-011. Use "{module}.{entity}.{operation}" format (e.g. "platform.org_type.read"). Seed the role-to-permission mapping in iam_role_permissions instead.
        [ERROR] platform_org_type: PermissionSet entry "role:tenant.admin" is a role name, not a permission identifier; this violates ADR-001/ADR-011. Use "{module}.{entity}.{operation}" format (e.g. "platform.org_type.read"). Seed the role-to-permission mapping in iam_role_permissions instead.
        [ERROR] platform_org_type: PermissionSet entry "role:platform-admin" is a role name, not a permission identifier; this violates ADR-001/ADR-011. Use "{module}.{entity}.{operation}" format (e.g. "platform.org_type.read"). Seed the role-to-permission mapping in iam_role_permissions instead.
        [ERROR] platform_org_type: PermissionSet entry "role:tenant.admin" is a role name, not a permission identifier; this violates ADR-001/ADR-011. Use "{module}.{entity}.{operation}" format (e.g. "platform.org_type.read"). Seed the role-to-permission mapping in iam_role_permissions instead.
        [ERROR] platform_org_type: PermissionSet entry "role:tenant.user" is a role name, not a permission identifier; this violates ADR-001/ADR-011. Use "{module}.{entity}.{operation}" format (e.g. "platform.org_type.read"). Seed the role-to-permission mapping in iam_role_permissions instead.
        [ERROR] platform_org_type: PermissionSet entry "role:platform-admin" is a role name, not a permission identifier; this violates ADR-001/ADR-011. Use "{module}.{entity}.{operation}" format (e.g. "platform.org_type.read"). Seed the role-to-permission mapping in iam_role_permissions instead.
        [ERROR] platform_org_type: PermissionSet entry "role:tenant.admin" is a role name, not a permission identifier; this violates ADR-001/ADR-011. Use "{module}.{entity}.{operation}" format (e.g. "platform.org_type.read"). Seed the role-to-permission mapping in iam_role_permissions instead.
        [ERROR] platform_org_type: PermissionSet entry "role:platform-admin" is a role name, not a permission identifier; this violates ADR-001/ADR-011. Use "{module}.{entity}.{operation}" format (e.g. "platform.org_type.read"). Seed the role-to-permission mapping in iam_role_permissions instead.
        [ERROR] platform_org_type: PermissionSet entry "role:tenant.admin" is a role name, not a permission identifier; this violates ADR-001/ADR-011. Use "{module}.{entity}.{operation}" format (e.g. "platform.org_type.read"). Seed the role-to-permission mapping in iam_role_permissions instead.
        [ERROR] platform_org_assignment: PermissionSet entry "role:platform-admin" is a role name, not a permission identifier; this violates ADR-001/ADR-011. Use "{module}.{entity}.{operation}" format (e.g. "platform.org_assignment.read"). Seed the role-to-permission mapping in iam_role_permissions instead.
        [ERROR] platform_org_assignment: PermissionSet entry "role:tenant.admin" is a role name, not a permission identifier; this violates ADR-001/ADR-011. Use "{module}.{entity}.{operation}" format (e.g. "platform.org_assignment.read"). Seed the role-to-permission mapping in iam_role_permissions instead.
        [ERROR] platform_org_assignment: PermissionSet entry "role:platform-admin" is a role name, not a permission identifier; this violates ADR-001/ADR-011. Use "{module}.{entity}.{operation}" format (e.g. "platform.org_assignment.read"). Seed the role-to-permission mapping in iam_role_permissions instead.
        [ERROR] platform_org_assignment: PermissionSet entry "role:tenant.admin" is a role name, not a permission identifier; this violates ADR-001/ADR-011. Use "{module}.{entity}.{operation}" format (e.g. "platform.org_assignment.read"). Seed the role-to-permission mapping in iam_role_permissions instead.
        [ERROR] platform_org_assignment: PermissionSet entry "role:tenant.user" is a role name, not a permission identifier; this violates ADR-001/ADR-011. Use "{module}.{entity}.{operation}" format (e.g. "platform.org_assignment.read"). Seed the role-to-permission mapping in iam_role_permissions instead.
        [ERROR] platform_org_assignment: PermissionSet entry "role:platform-admin" is a role name, not a permission identifier; this violates ADR-001/ADR-011. Use "{module}.{entity}.{operation}" format (e.g. "platform.org_assignment.read"). Seed the role-to-permission mapping in iam_role_permissions instead.
        [ERROR] platform_org_assignment: PermissionSet entry "role:tenant.admin" is a role name, not a permission identifier; this violates ADR-001/ADR-011. Use "{module}.{entity}.{operation}" format (e.g. "platform.org_assignment.read"). Seed the role-to-permission mapping in iam_role_permissions instead.
        [ERROR] platform_org_assignment: PermissionSet entry "role:platform-admin" is a role name, not a permission identifier; this violates ADR-001/ADR-011. Use "{module}.{entity}.{operation}" format (e.g. "platform.org_assignment.read"). Seed the role-to-permission mapping in iam_role_permissions instead.
        [ERROR] platform_org_assignment: PermissionSet entry "role:tenant.admin" is a role name, not a permission identifier; this violates ADR-001/ADR-011. Use "{module}.{entity}.{operation}" format (e.g. "platform.org_assignment.read"). Seed the role-to-permission mapping in iam_role_permissions instead.
        [ERROR] demo_customer: PermissionSet entry "role:tenant.admin" is a role name, not a permission identifier; this violates ADR-001/ADR-011. Use "{module}.{entity}.{operation}" format (e.g. "demo.customer.read"). Seed the role-to-permission mapping in iam_role_permissions instead.
        [ERROR] demo_customer: PermissionSet entry "role:tenant.user" is a role name, not a permission identifier; this violates ADR-001/ADR-011. Use "{module}.{entity}.{operation}" format (e.g. "demo.customer.read"). Seed the role-to-permission mapping in iam_role_permissions instead.
        [ERROR] demo_customer: PermissionSet entry "role:tenant.admin" is a role name, not a permission identifier; this violates ADR-001/ADR-011. Use "{module}.{entity}.{operation}" format (e.g. "demo.customer.read"). Seed the role-to-permission mapping in iam_role_permissions instead.
        [ERROR] demo_customer: PermissionSet entry "role:tenant.user" is a role name, not a permission identifier; this violates ADR-001/ADR-011. Use "{module}.{entity}.{operation}" format (e.g. "demo.customer.read"). Seed the role-to-permission mapping in iam_role_permissions instead.
        [ERROR] demo_customer: PermissionSet entry "role:tenant.admin" is a role name, not a permission identifier; this violates ADR-001/ADR-011. Use "{module}.{entity}.{operation}" format (e.g. "demo.customer.read"). Seed the role-to-permission mapping in iam_role_permissions instead.
        [ERROR] demo_customer: PermissionSet entry "role:tenant.user" is a role name, not a permission identifier; this violates ADR-001/ADR-011. Use "{module}.{entity}.{operation}" format (e.g. "demo.customer.read"). Seed the role-to-permission mapping in iam_role_permissions instead.
        [ERROR] demo_customer: PermissionSet entry "role:tenant.admin" is a role name, not a permission identifier; this violates ADR-001/ADR-011. Use "{module}.{entity}.{operation}" format (e.g. "demo.customer.read"). Seed the role-to-permission mapping in iam_role_permissions instead.
--- FAIL: TestFakeStoreFilter (0.00s)
    pipeline_test.go:113: harness: compile schema: schema compilation errors:
        [ERROR] platform_organization: PermissionSet entry "role:platform-admin" is a role name, not a permission identifier; this violates ADR-001/ADR-011. Use "{module}.{entity}.{operation}" format (e.g. "platform.organization.read"). Seed the role-to-permission mapping in iam_role_permissions instead.
        [ERROR] platform_organization: PermissionSet entry "role:tenant.admin" is a role name, not a permission identifier; this violates ADR-001/ADR-011. Use "{module}.{entity}.{operation}" format (e.g. "platform.organization.read"). Seed the role-to-permission mapping in iam_role_permissions instead.
        [ERROR] platform_organization: PermissionSet entry "role:platform-admin" is a role name, not a permission identifier; this violates ADR-001/ADR-011. Use "{module}.{entity}.{operation}" format (e.g. "platform.organization.read"). Seed the role-to-permission mapping in iam_role_permissions instead.
        [ERROR] platform_organization: PermissionSet entry "role:tenant.admin" is a role name, not a permission identifier; this violates ADR-001/ADR-011. Use "{module}.{entity}.{operation}" format (e.g. "platform.organization.read"). Seed the role-to-permission mapping in iam_role_permissions instead.
        [ERROR] platform_organization: PermissionSet entry "role:tenant.user" is a role name, not a permission identifier; this violates ADR-001/ADR-011. Use "{module}.{entity}.{operation}" format (e.g. "platform.organization.read"). Seed the role-to-permission mapping in iam_role_permissions instead.
        [ERROR] platform_organization: PermissionSet entry "role:platform-admin" is a role name, not a permission identifier; this violates ADR-001/ADR-011. Use "{module}.{entity}.{operation}" format (e.g. "platform.organization.read"). Seed the role-to-permission mapping in iam_role_permissions instead.
        [ERROR] platform_organization: PermissionSet entry "role:tenant.admin" is a role name, not a permission identifier; this violates ADR-001/ADR-011. Use "{module}.{entity}.{operation}" format (e.g. "platform.organization.read"). Seed the role-to-permission mapping in iam_role_permissions instead.
        [ERROR] platform_organization: PermissionSet entry "role:platform-admin" is a role name, not a permission identifier; this violates ADR-001/ADR-011. Use "{module}.{entity}.{operation}" format (e.g. "platform.organization.read"). Seed the role-to-permission mapping in iam_role_permissions instead.
        [ERROR] platform_organization: PermissionSet entry "role:tenant.admin" is a role name, not a permission identifier; this violates ADR-001/ADR-011. Use "{module}.{entity}.{operation}" format (e.g. "platform.organization.read"). Seed the role-to-permission mapping in iam_role_permissions instead.
        [ERROR] platform_org_type: PermissionSet entry "role:platform-admin" is a role name, not a permission identifier; this violates ADR-001/ADR-011. Use "{module}.{entity}.{operation}" format (e.g. "platform.org_type.read"). Seed the role-to-permission mapping in iam_role_permissions instead.
        [ERROR] platform_org_type: PermissionSet entry "role:tenant.admin" is a role name, not a permission identifier; this violates ADR-001/ADR-011. Use "{module}.{entity}.{operation}" format (e.g. "platform.org_type.read"). Seed the role-to-permission mapping in iam_role_permissions instead.
        [ERROR] platform_org_type: PermissionSet entry "role:platform-admin" is a role name, not a permission identifier; this violates ADR-001/ADR-011. Use "{module}.{entity}.{operation}" format (e.g. "platform.org_type.read"). Seed the role-to-permission mapping in iam_role_permissions instead.
        [ERROR] platform_org_type: PermissionSet entry "role:tenant.admin" is a role name, not a permission identifier; this violates ADR-001/ADR-011. Use "{module}.{entity}.{operation}" format (e.g. "platform.org_type.read"). Seed the role-to-permission mapping in iam_role_permissions instead.
        [ERROR] platform_org_type: PermissionSet entry "role:tenant.user" is a role name, not a permission identifier; this violates ADR-001/ADR-011. Use "{module}.{entity}.{operation}" format (e.g. "platform.org_type.read"). Seed the role-to-permission mapping in iam_role_permissions instead.
        [ERROR] platform_org_type: PermissionSet entry "role:platform-admin" is a role name, not a permission identifier; this violates ADR-001/ADR-011. Use "{module}.{entity}.{operation}" format (e.g. "platform.org_type.read"). Seed the role-to-permission mapping in iam_role_permissions instead.
        [ERROR] platform_org_type: PermissionSet entry "role:tenant.admin" is a role name, not a permission identifier; this violates ADR-001/ADR-011. Use "{module}.{entity}.{operation}" format (e.g. "platform.org_type.read"). Seed the role-to-permission mapping in iam_role_permissions instead.
        [ERROR] platform_org_type: PermissionSet entry "role:platform-admin" is a role name, not a permission identifier; this violates ADR-001/ADR-011. Use "{module}.{entity}.{operation}" format (e.g. "platform.org_type.read"). Seed the role-to-permission mapping in iam_role_permissions instead.
        [ERROR] platform_org_type: PermissionSet entry "role:tenant.admin" is a role name, not a permission identifier; this violates ADR-001/ADR-011. Use "{module}.{entity}.{operation}" format (e.g. "platform.org_type.read"). Seed the role-to-permission mapping in iam_role_permissions instead.
        [ERROR] platform_org_assignment: PermissionSet entry "role:platform-admin" is a role name, not a permission identifier; this violates ADR-001/ADR-011. Use "{module}.{entity}.{operation}" format (e.g. "platform.org_assignment.read"). Seed the role-to-permission mapping in iam_role_permissions instead.
        [ERROR] platform_org_assignment: PermissionSet entry "role:tenant.admin" is a role name, not a permission identifier; this violates ADR-001/ADR-011. Use "{module}.{entity}.{operation}" format (e.g. "platform.org_assignment.read"). Seed the role-to-permission mapping in iam_role_permissions instead.
        [ERROR] platform_org_assignment: PermissionSet entry "role:platform-admin" is a role name, not a permission identifier; this violates ADR-001/ADR-011. Use "{module}.{entity}.{operation}" format (e.g. "platform.org_assignment.read"). Seed the role-to-permission mapping in iam_role_permissions instead.
        [ERROR] platform_org_assignment: PermissionSet entry "role:tenant.admin" is a role name, not a permission identifier; this violates ADR-001/ADR-011. Use "{module}.{entity}.{operation}" format (e.g. "platform.org_assignment.read"). Seed the role-to-permission mapping in iam_role_permissions instead.
        [ERROR] platform_org_assignment: PermissionSet entry "role:tenant.user" is a role name, not a permission identifier; this violates ADR-001/ADR-011. Use "{module}.{entity}.{operation}" format (e.g. "platform.org_assignment.read"). Seed the role-to-permission mapping in iam_role_permissions instead.
        [ERROR] platform_org_assignment: PermissionSet entry "role:platform-admin" is a role name, not a permission identifier; this violates ADR-001/ADR-011. Use "{module}.{entity}.{operation}" format (e.g. "platform.org_assignment.read"). Seed the role-to-permission mapping in iam_role_permissions instead.
        [ERROR] platform_org_assignment: PermissionSet entry "role:tenant.admin" is a role name, not a permission identifier; this violates ADR-001/ADR-011. Use "{module}.{entity}.{operation}" format (e.g. "platform.org_assignment.read"). Seed the role-to-permission mapping in iam_role_permissions instead.
        [ERROR] platform_org_assignment: PermissionSet entry "role:platform-admin" is a role name, not a permission identifier; this violates ADR-001/ADR-011. Use "{module}.{entity}.{operation}" format (e.g. "platform.org_assignment.read"). Seed the role-to-permission mapping in iam_role_permissions instead.
        [ERROR] platform_org_assignment: PermissionSet entry "role:tenant.admin" is a role name, not a permission identifier; this violates ADR-001/ADR-011. Use "{module}.{entity}.{operation}" format (e.g. "platform.org_assignment.read"). Seed the role-to-permission mapping in iam_role_permissions instead.
        [ERROR] demo_customer: PermissionSet entry "role:tenant.admin" is a role name, not a permission identifier; this violates ADR-001/ADR-011. Use "{module}.{entity}.{operation}" format (e.g. "demo.customer.read"). Seed the role-to-permission mapping in iam_role_permissions instead.
        [ERROR] demo_customer: PermissionSet entry "role:tenant.user" is a role name, not a permission identifier; this violates ADR-001/ADR-011. Use "{module}.{entity}.{operation}" format (e.g. "demo.customer.read"). Seed the role-to-permission mapping in iam_role_permissions instead.
        [ERROR] demo_customer: PermissionSet entry "role:tenant.admin" is a role name, not a permission identifier; this violates ADR-001/ADR-011. Use "{module}.{entity}.{operation}" format (e.g. "demo.customer.read"). Seed the role-to-permission mapping in iam_role_permissions instead.
        [ERROR] demo_customer: PermissionSet entry "role:tenant.user" is a role name, not a permission identifier; this violates ADR-001/ADR-011. Use "{module}.{entity}.{operation}" format (e.g. "demo.customer.read"). Seed the role-to-permission mapping in iam_role_permissions instead.
        [ERROR] demo_customer: PermissionSet entry "role:tenant.admin" is a role name, not a permission identifier; this violates ADR-001/ADR-011. Use "{module}.{entity}.{operation}" format (e.g. "demo.customer.read"). Seed the role-to-permission mapping in iam_role_permissions instead.
        [ERROR] demo_customer: PermissionSet entry "role:tenant.user" is a role name, not a permission identifier; this violates ADR-001/ADR-011. Use "{module}.{entity}.{operation}" format (e.g. "demo.customer.read"). Seed the role-to-permission mapping in iam_role_permissions instead.
        [ERROR] demo_customer: PermissionSet entry "role:tenant.admin" is a role name, not a permission identifier; this violates ADR-001/ADR-011. Use "{module}.{entity}.{operation}" format (e.g. "demo.customer.read"). Seed the role-to-permission mapping in iam_role_permissions instead.
--- FAIL: TestFakeStoreExistsCount (0.00s)
    pipeline_test.go:168: harness: compile schema: schema compilation errors:
        [ERROR] platform_organization: PermissionSet entry "role:platform-admin" is a role name, not a permission identifier; this violates ADR-001/ADR-011. Use "{module}.{entity}.{operation}" format (e.g. "platform.organization.read"). Seed the role-to-permission mapping in iam_role_permissions instead.
        [ERROR] platform_organization: PermissionSet entry "role:tenant.admin" is a role name, not a permission identifier; this violates ADR-001/ADR-011. Use "{module}.{entity}.{operation}" format (e.g. "platform.organization.read"). Seed the role-to-permission mapping in iam_role_permissions instead.
        [ERROR] platform_organization: PermissionSet entry "role:platform-admin" is a role name, not a permission identifier; this violates ADR-001/ADR-011. Use "{module}.{entity}.{operation}" format (e.g. "platform.organization.read"). Seed the role-to-permission mapping in iam_role_permissions instead.
        [ERROR] platform_organization: PermissionSet entry "role:tenant.admin" is a role name, not a permission identifier; this violates ADR-001/ADR-011. Use "{module}.{entity}.{operation}" format (e.g. "platform.organization.read"). Seed the role-to-permission mapping in iam_role_permissions instead.
        [ERROR] platform_organization: PermissionSet entry "role:tenant.user" is a role name, not a permission identifier; this violates ADR-001/ADR-011. Use "{module}.{entity}.{operation}" format (e.g. "platform.organization.read"). Seed the role-to-permission mapping in iam_role_permissions instead.
        [ERROR] platform_organization: PermissionSet entry "role:platform-admin" is a role name, not a permission identifier; this violates ADR-001/ADR-011. Use "{module}.{entity}.{operation}" format (e.g. "platform.organization.read"). Seed the role-to-permission mapping in iam_role_permissions instead.
        [ERROR] platform_organization: PermissionSet entry "role:tenant.admin" is a role name, not a permission identifier; this violates ADR-001/ADR-011. Use "{module}.{entity}.{operation}" format (e.g. "platform.organization.read"). Seed the role-to-permission mapping in iam_role_permissions instead.
        [ERROR] platform_organization: PermissionSet entry "role:platform-admin" is a role name, not a permission identifier; this violates ADR-001/ADR-011. Use "{module}.{entity}.{operation}" format (e.g. "platform.organization.read"). Seed the role-to-permission mapping in iam_role_permissions instead.
        [ERROR] platform_organization: PermissionSet entry "role:tenant.admin" is a role name, not a permission identifier; this violates ADR-001/ADR-011. Use "{module}.{entity}.{operation}" format (e.g. "platform.organization.read"). Seed the role-to-permission mapping in iam_role_permissions instead.
        [ERROR] platform_org_type: PermissionSet entry "role:platform-admin" is a role name, not a permission identifier; this violates ADR-001/ADR-011. Use "{module}.{entity}.{operation}" format (e.g. "platform.org_type.read"). Seed the role-to-permission mapping in iam_role_permissions instead.
        [ERROR] platform_org_type: PermissionSet entry "role:tenant.admin" is a role name, not a permission identifier; this violates ADR-001/ADR-011. Use "{module}.{entity}.{operation}" format (e.g. "platform.org_type.read"). Seed the role-to-permission mapping in iam_role_permissions instead.
        [ERROR] platform_org_type: PermissionSet entry "role:platform-admin" is a role name, not a permission identifier; this violates ADR-001/ADR-011. Use "{module}.{entity}.{operation}" format (e.g. "platform.org_type.read"). Seed the role-to-permission mapping in iam_role_permissions instead.
        [ERROR] platform_org_type: PermissionSet entry "role:tenant.admin" is a role name, not a permission identifier; this violates ADR-001/ADR-011. Use "{module}.{entity}.{operation}" format (e.g. "platform.org_type.read"). Seed the role-to-permission mapping in iam_role_permissions instead.
        [ERROR] platform_org_type: PermissionSet entry "role:tenant.user" is a role name, not a permission identifier; this violates ADR-001/ADR-011. Use "{module}.{entity}.{operation}" format (e.g. "platform.org_type.read"). Seed the role-to-permission mapping in iam_role_permissions instead.
        [ERROR] platform_org_type: PermissionSet entry "role:platform-admin" is a role name, not a permission identifier; this violates ADR-001/ADR-011. Use "{module}.{entity}.{operation}" format (e.g. "platform.org_type.read"). Seed the role-to-permission mapping in iam_role_permissions instead.
        [ERROR] platform_org_type: PermissionSet entry "role:tenant.admin" is a role name, not a permission identifier; this violates ADR-001/ADR-011. Use "{module}.{entity}.{operation}" format (e.g. "platform.org_type.read"). Seed the role-to-permission mapping in iam_role_permissions instead.
        [ERROR] platform_org_type: PermissionSet entry "role:platform-admin" is a role name, not a permission identifier; this violates ADR-001/ADR-011. Use "{module}.{entity}.{operation}" format (e.g. "platform.org_type.read"). Seed the role-to-permission mapping in iam_role_permissions instead.
        [ERROR] platform_org_type: PermissionSet entry "role:tenant.admin" is a role name, not a permission identifier; this violates ADR-001/ADR-011. Use "{module}.{entity}.{operation}" format (e.g. "platform.org_type.read"). Seed the role-to-permission mapping in iam_role_permissions instead.
        [ERROR] platform_org_assignment: PermissionSet entry "role:platform-admin" is a role name, not a permission identifier; this violates ADR-001/ADR-011. Use "{module}.{entity}.{operation}" format (e.g. "platform.org_assignment.read"). Seed the role-to-permission mapping in iam_role_permissions instead.
        [ERROR] platform_org_assignment: PermissionSet entry "role:tenant.admin" is a role name, not a permission identifier; this violates ADR-001/ADR-011. Use "{module}.{entity}.{operation}" format (e.g. "platform.org_assignment.read"). Seed the role-to-permission mapping in iam_role_permissions instead.
        [ERROR] platform_org_assignment: PermissionSet entry "role:platform-admin" is a role name, not a permission identifier; this violates ADR-001/ADR-011. Use "{module}.{entity}.{operation}" format (e.g. "platform.org_assignment.read"). Seed the role-to-permission mapping in iam_role_permissions instead.
        [ERROR] platform_org_assignment: PermissionSet entry "role:tenant.admin" is a role name, not a permission identifier; this violates ADR-001/ADR-011. Use "{module}.{entity}.{operation}" format (e.g. "platform.org_assignment.read"). Seed the role-to-permission mapping in iam_role_permissions instead.
        [ERROR] platform_org_assignment: PermissionSet entry "role:tenant.user" is a role name, not a permission identifier; this violates ADR-001/ADR-011. Use "{module}.{entity}.{operation}" format (e.g. "platform.org_assignment.read"). Seed the role-to-permission mapping in iam_role_permissions instead.
        [ERROR] platform_org_assignment: PermissionSet entry "role:platform-admin" is a role name, not a permission identifier; this violates ADR-001/ADR-011. Use "{module}.{entity}.{operation}" format (e.g. "platform.org_assignment.read"). Seed the role-to-permission mapping in iam_role_permissions instead.
        [ERROR] platform_org_assignment: PermissionSet entry "role:tenant.admin" is a role name, not a permission identifier; this violates ADR-001/ADR-011. Use "{module}.{entity}.{operation}" format (e.g. "platform.org_assignment.read"). Seed the role-to-permission mapping in iam_role_permissions instead.
        [ERROR] platform_org_assignment: PermissionSet entry "role:platform-admin" is a role name, not a permission identifier; this violates ADR-001/ADR-011. Use "{module}.{entity}.{operation}" format (e.g. "platform.org_assignment.read"). Seed the role-to-permission mapping in iam_role_permissions instead.
        [ERROR] platform_org_assignment: PermissionSet entry "role:tenant.admin" is a role name, not a permission identifier; this violates ADR-001/ADR-011. Use "{module}.{entity}.{operation}" format (e.g. "platform.org_assignment.read"). Seed the role-to-permission mapping in iam_role_permissions instead.
        [ERROR] demo_customer: PermissionSet entry "role:tenant.admin" is a role name, not a permission identifier; this violates ADR-001/ADR-011. Use "{module}.{entity}.{operation}" format (e.g. "demo.customer.read"). Seed the role-to-permission mapping in iam_role_permissions instead.
        [ERROR] demo_customer: PermissionSet entry "role:tenant.user" is a role name, not a permission identifier; this violates ADR-001/ADR-011. Use "{module}.{entity}.{operation}" format (e.g. "demo.customer.read"). Seed the role-to-permission mapping in iam_role_permissions instead.
        [ERROR] demo_customer: PermissionSet entry "role:tenant.admin" is a role name, not a permission identifier; this violates ADR-001/ADR-011. Use "{module}.{entity}.{operation}" format (e.g. "demo.customer.read"). Seed the role-to-permission mapping in iam_role_permissions instead.
        [ERROR] demo_customer: PermissionSet entry "role:tenant.user" is a role name, not a permission identifier; this violates ADR-001/ADR-011. Use "{module}.{entity}.{operation}" format (e.g. "demo.customer.read"). Seed the role-to-permission mapping in iam_role_permissions instead.
        [ERROR] demo_customer: PermissionSet entry "role:tenant.admin" is a role name, not a permission identifier; this violates ADR-001/ADR-011. Use "{module}.{entity}.{operation}" format (e.g. "demo.customer.read"). Seed the role-to-permission mapping in iam_role_permissions instead.
        [ERROR] demo_customer: PermissionSet entry "role:tenant.user" is a role name, not a permission identifier; this violates ADR-001/ADR-011. Use "{module}.{entity}.{operation}" format (e.g. "demo.customer.read"). Seed the role-to-permission mapping in iam_role_permissions instead.
        [ERROR] demo_customer: PermissionSet entry "role:tenant.admin" is a role name, not a permission identifier; this violates ADR-001/ADR-011. Use "{module}.{entity}.{operation}" format (e.g. "demo.customer.read"). Seed the role-to-permission mapping in iam_role_permissions instead.
--- FAIL: TestFakeStoreBulkCreate (0.00s)
    pipeline_test.go:388: harness: compile schema: schema compilation errors:
        [ERROR] platform_organization: PermissionSet entry "role:platform-admin" is a role name, not a permission identifier; this violates ADR-001/ADR-011. Use "{module}.{entity}.{operation}" format (e.g. "platform.organization.read"). Seed the role-to-permission mapping in iam_role_permissions instead.
        [ERROR] platform_organization: PermissionSet entry "role:tenant.admin" is a role name, not a permission identifier; this violates ADR-001/ADR-011. Use "{module}.{entity}.{operation}" format (e.g. "platform.organization.read"). Seed the role-to-permission mapping in iam_role_permissions instead.
        [ERROR] platform_organization: PermissionSet entry "role:platform-admin" is a role name, not a permission identifier; this violates ADR-001/ADR-011. Use "{module}.{entity}.{operation}" format (e.g. "platform.organization.read"). Seed the role-to-permission mapping in iam_role_permissions instead.
        [ERROR] platform_organization: PermissionSet entry "role:tenant.admin" is a role name, not a permission identifier; this violates ADR-001/ADR-011. Use "{module}.{entity}.{operation}" format (e.g. "platform.organization.read"). Seed the role-to-permission mapping in iam_role_permissions instead.
        [ERROR] platform_organization: PermissionSet entry "role:tenant.user" is a role name, not a permission identifier; this violates ADR-001/ADR-011. Use "{module}.{entity}.{operation}" format (e.g. "platform.organization.read"). Seed the role-to-permission mapping in iam_role_permissions instead.
        [ERROR] platform_organization: PermissionSet entry "role:platform-admin" is a role name, not a permission identifier; this violates ADR-001/ADR-011. Use "{module}.{entity}.{operation}" format (e.g. "platform.organization.read"). Seed the role-to-permission mapping in iam_role_permissions instead.
        [ERROR] platform_organization: PermissionSet entry "role:tenant.admin" is a role name, not a permission identifier; this violates ADR-001/ADR-011. Use "{module}.{entity}.{operation}" format (e.g. "platform.organization.read"). Seed the role-to-permission mapping in iam_role_permissions instead.
        [ERROR] platform_organization: PermissionSet entry "role:platform-admin" is a role name, not a permission identifier; this violates ADR-001/ADR-011. Use "{module}.{entity}.{operation}" format (e.g. "platform.organization.read"). Seed the role-to-permission mapping in iam_role_permissions instead.
        [ERROR] platform_organization: PermissionSet entry "role:tenant.admin" is a role name, not a permission identifier; this violates ADR-001/ADR-011. Use "{module}.{entity}.{operation}" format (e.g. "platform.organization.read"). Seed the role-to-permission mapping in iam_role_permissions instead.
        [ERROR] platform_org_type: PermissionSet entry "role:platform-admin" is a role name, not a permission identifier; this violates ADR-001/ADR-011. Use "{module}.{entity}.{operation}" format (e.g. "platform.org_type.read"). Seed the role-to-permission mapping in iam_role_permissions instead.
        [ERROR] platform_org_type: PermissionSet entry "role:tenant.admin" is a role name, not a permission identifier; this violates ADR-001/ADR-011. Use "{module}.{entity}.{operation}" format (e.g. "platform.org_type.read"). Seed the role-to-permission mapping in iam_role_permissions instead.
        [ERROR] platform_org_type: PermissionSet entry "role:platform-admin" is a role name, not a permission identifier; this violates ADR-001/ADR-011. Use "{module}.{entity}.{operation}" format (e.g. "platform.org_type.read"). Seed the role-to-permission mapping in iam_role_permissions instead.
        [ERROR] platform_org_type: PermissionSet entry "role:tenant.admin" is a role name, not a permission identifier; this violates ADR-001/ADR-011. Use "{module}.{entity}.{operation}" format (e.g. "platform.org_type.read"). Seed the role-to-permission mapping in iam_role_permissions instead.
        [ERROR] platform_org_type: PermissionSet entry "role:tenant.user" is a role name, not a permission identifier; this violates ADR-001/ADR-011. Use "{module}.{entity}.{operation}" format (e.g. "platform.org_type.read"). Seed the role-to-permission mapping in iam_role_permissions instead.
        [ERROR] platform_org_type: PermissionSet entry "role:platform-admin" is a role name, not a permission identifier; this violates ADR-001/ADR-011. Use "{module}.{entity}.{operation}" format (e.g. "platform.org_type.read"). Seed the role-to-permission mapping in iam_role_permissions instead.
        [ERROR] platform_org_type: PermissionSet entry "role:tenant.admin" is a role name, not a permission identifier; this violates ADR-001/ADR-011. Use "{module}.{entity}.{operation}" format (e.g. "platform.org_type.read"). Seed the role-to-permission mapping in iam_role_permissions instead.
        [ERROR] platform_org_type: PermissionSet entry "role:platform-admin" is a role name, not a permission identifier; this violates ADR-001/ADR-011. Use "{module}.{entity}.{operation}" format (e.g. "platform.org_type.read"). Seed the role-to-permission mapping in iam_role_permissions instead.
        [ERROR] platform_org_type: PermissionSet entry "role:tenant.admin" is a role name, not a permission identifier; this violates ADR-001/ADR-011. Use "{module}.{entity}.{operation}" format (e.g. "platform.org_type.read"). Seed the role-to-permission mapping in iam_role_permissions instead.
        [ERROR] platform_org_assignment: PermissionSet entry "role:platform-admin" is a role name, not a permission identifier; this violates ADR-001/ADR-011. Use "{module}.{entity}.{operation}" format (e.g. "platform.org_assignment.read"). Seed the role-to-permission mapping in iam_role_permissions instead.
        [ERROR] platform_org_assignment: PermissionSet entry "role:tenant.admin" is a role name, not a permission identifier; this violates ADR-001/ADR-011. Use "{module}.{entity}.{operation}" format (e.g. "platform.org_assignment.read"). Seed the role-to-permission mapping in iam_role_permissions instead.
        [ERROR] platform_org_assignment: PermissionSet entry "role:platform-admin" is a role name, not a permission identifier; this violates ADR-001/ADR-011. Use "{module}.{entity}.{operation}" format (e.g. "platform.org_assignment.read"). Seed the role-to-permission mapping in iam_role_permissions instead.
        [ERROR] platform_org_assignment: PermissionSet entry "role:tenant.admin" is a role name, not a permission identifier; this violates ADR-001/ADR-011. Use "{module}.{entity}.{operation}" format (e.g. "platform.org_assignment.read"). Seed the role-to-permission mapping in iam_role_permissions instead.
        [ERROR] platform_org_assignment: PermissionSet entry "role:tenant.user" is a role name, not a permission identifier; this violates ADR-001/ADR-011. Use "{module}.{entity}.{operation}" format (e.g. "platform.org_assignment.read"). Seed the role-to-permission mapping in iam_role_permissions instead.
        [ERROR] platform_org_assignment: PermissionSet entry "role:platform-admin" is a role name, not a permission identifier; this violates ADR-001/ADR-011. Use "{module}.{entity}.{operation}" format (e.g. "platform.org_assignment.read"). Seed the role-to-permission mapping in iam_role_permissions instead.
        [ERROR] platform_org_assignment: PermissionSet entry "role:tenant.admin" is a role name, not a permission identifier; this violates ADR-001/ADR-011. Use "{module}.{entity}.{operation}" format (e.g. "platform.org_assignment.read"). Seed the role-to-permission mapping in iam_role_permissions instead.
        [ERROR] platform_org_assignment: PermissionSet entry "role:platform-admin" is a role name, not a permission identifier; this violates ADR-001/ADR-011. Use "{module}.{entity}.{operation}" format (e.g. "platform.org_assignment.read"). Seed the role-to-permission mapping in iam_role_permissions instead.
        [ERROR] platform_org_assignment: PermissionSet entry "role:tenant.admin" is a role name, not a permission identifier; this violates ADR-001/ADR-011. Use "{module}.{entity}.{operation}" format (e.g. "platform.org_assignment.read"). Seed the role-to-permission mapping in iam_role_permissions instead.
        [ERROR] demo_customer: PermissionSet entry "role:tenant.admin" is a role name, not a permission identifier; this violates ADR-001/ADR-011. Use "{module}.{entity}.{operation}" format (e.g. "demo.customer.read"). Seed the role-to-permission mapping in iam_role_permissions instead.
        [ERROR] demo_customer: PermissionSet entry "role:tenant.user" is a role name, not a permission identifier; this violates ADR-001/ADR-011. Use "{module}.{entity}.{operation}" format (e.g. "demo.customer.read"). Seed the role-to-permission mapping in iam_role_permissions instead.
        [ERROR] demo_customer: PermissionSet entry "role:tenant.admin" is a role name, not a permission identifier; this violates ADR-001/ADR-011. Use "{module}.{entity}.{operation}" format (e.g. "demo.customer.read"). Seed the role-to-permission mapping in iam_role_permissions instead.
        [ERROR] demo_customer: PermissionSet entry "role:tenant.user" is a role name, not a permission identifier; this violates ADR-001/ADR-011. Use "{module}.{entity}.{operation}" format (e.g. "demo.customer.read"). Seed the role-to-permission mapping in iam_role_permissions instead.
        [ERROR] demo_customer: PermissionSet entry "role:tenant.admin" is a role name, not a permission identifier; this violates ADR-001/ADR-011. Use "{module}.{entity}.{operation}" format (e.g. "demo.customer.read"). Seed the role-to-permission mapping in iam_role_permissions instead.
        [ERROR] demo_customer: PermissionSet entry "role:tenant.user" is a role name, not a permission identifier; this violates ADR-001/ADR-011. Use "{module}.{entity}.{operation}" format (e.g. "demo.customer.read"). Seed the role-to-permission mapping in iam_role_permissions instead.
        [ERROR] demo_customer: PermissionSet entry "role:tenant.admin" is a role name, not a permission identifier; this violates ADR-001/ADR-011. Use "{module}.{entity}.{operation}" format (e.g. "demo.customer.read"). Seed the role-to-permission mapping in iam_role_permissions instead.
--- FAIL: TestFakeStoreBulkUpdate (0.00s)
    pipeline_test.go:412: harness: compile schema: schema compilation errors:
        [ERROR] platform_organization: PermissionSet entry "role:platform-admin" is a role name, not a permission identifier; this violates ADR-001/ADR-011. Use "{module}.{entity}.{operation}" format (e.g. "platform.organization.read"). Seed the role-to-permission mapping in iam_role_permissions instead.
        [ERROR] platform_organization: PermissionSet entry "role:tenant.admin" is a role name, not a permission identifier; this violates ADR-001/ADR-011. Use "{module}.{entity}.{operation}" format (e.g. "platform.organization.read"). Seed the role-to-permission mapping in iam_role_permissions instead.
        [ERROR] platform_organization: PermissionSet entry "role:platform-admin" is a role name, not a permission identifier; this violates ADR-001/ADR-011. Use "{module}.{entity}.{operation}" format (e.g. "platform.organization.read"). Seed the role-to-permission mapping in iam_role_permissions instead.
        [ERROR] platform_organization: PermissionSet entry "role:tenant.admin" is a role name, not a permission identifier; this violates ADR-001/ADR-011. Use "{module}.{entity}.{operation}" format (e.g. "platform.organization.read"). Seed the role-to-permission mapping in iam_role_permissions instead.
        [ERROR] platform_organization: PermissionSet entry "role:tenant.user" is a role name, not a permission identifier; this violates ADR-001/ADR-011. Use "{module}.{entity}.{operation}" format (e.g. "platform.organization.read"). Seed the role-to-permission mapping in iam_role_permissions instead.
        [ERROR] platform_organization: PermissionSet entry "role:platform-admin" is a role name, not a permission identifier; this violates ADR-001/ADR-011. Use "{module}.{entity}.{operation}" format (e.g. "platform.organization.read"). Seed the role-to-permission mapping in iam_role_permissions instead.
        [ERROR] platform_organization: PermissionSet entry "role:tenant.admin" is a role name, not a permission identifier; this violates ADR-001/ADR-011. Use "{module}.{entity}.{operation}" format (e.g. "platform.organization.read"). Seed the role-to-permission mapping in iam_role_permissions instead.
        [ERROR] platform_organization: PermissionSet entry "role:platform-admin" is a role name, not a permission identifier; this violates ADR-001/ADR-011. Use "{module}.{entity}.{operation}" format (e.g. "platform.organization.read"). Seed the role-to-permission mapping in iam_role_permissions instead.
        [ERROR] platform_organization: PermissionSet entry "role:tenant.admin" is a role name, not a permission identifier; this violates ADR-001/ADR-011. Use "{module}.{entity}.{operation}" format (e.g. "platform.organization.read"). Seed the role-to-permission mapping in iam_role_permissions instead.
        [ERROR] platform_org_type: PermissionSet entry "role:platform-admin" is a role name, not a permission identifier; this violates ADR-001/ADR-011. Use "{module}.{entity}.{operation}" format (e.g. "platform.org_type.read"). Seed the role-to-permission mapping in iam_role_permissions instead.
        [ERROR] platform_org_type: PermissionSet entry "role:tenant.admin" is a role name, not a permission identifier; this violates ADR-001/ADR-011. Use "{module}.{entity}.{operation}" format (e.g. "platform.org_type.read"). Seed the role-to-permission mapping in iam_role_permissions instead.
        [ERROR] platform_org_type: PermissionSet entry "role:platform-admin" is a role name, not a permission identifier; this violates ADR-001/ADR-011. Use "{module}.{entity}.{operation}" format (e.g. "platform.org_type.read"). Seed the role-to-permission mapping in iam_role_permissions instead.
        [ERROR] platform_org_type: PermissionSet entry "role:tenant.admin" is a role name, not a permission identifier; this violates ADR-001/ADR-011. Use "{module}.{entity}.{operation}" format (e.g. "platform.org_type.read"). Seed the role-to-permission mapping in iam_role_permissions instead.
        [ERROR] platform_org_type: PermissionSet entry "role:tenant.user" is a role name, not a permission identifier; this violates ADR-001/ADR-011. Use "{module}.{entity}.{operation}" format (e.g. "platform.org_type.read"). Seed the role-to-permission mapping in iam_role_permissions instead.
        [ERROR] platform_org_type: PermissionSet entry "role:platform-admin" is a role name, not a permission identifier; this violates ADR-001/ADR-011. Use "{module}.{entity}.{operation}" format (e.g. "platform.org_type.read"). Seed the role-to-permission mapping in iam_role_permissions instead.
        [ERROR] platform_org_type: PermissionSet entry "role:tenant.admin" is a role name, not a permission identifier; this violates ADR-001/ADR-011. Use "{module}.{entity}.{operation}" format (e.g. "platform.org_type.read"). Seed the role-to-permission mapping in iam_role_permissions instead.
        [ERROR] platform_org_type: PermissionSet entry "role:platform-admin" is a role name, not a permission identifier; this violates ADR-001/ADR-011. Use "{module}.{entity}.{operation}" format (e.g. "platform.org_type.read"). Seed the role-to-permission mapping in iam_role_permissions instead.
        [ERROR] platform_org_type: PermissionSet entry "role:tenant.admin" is a role name, not a permission identifier; this violates ADR-001/ADR-011. Use "{module}.{entity}.{operation}" format (e.g. "platform.org_type.read"). Seed the role-to-permission mapping in iam_role_permissions instead.
        [ERROR] platform_org_assignment: PermissionSet entry "role:platform-admin" is a role name, not a permission identifier; this violates ADR-001/ADR-011. Use "{module}.{entity}.{operation}" format (e.g. "platform.org_assignment.read"). Seed the role-to-permission mapping in iam_role_permissions instead.
        [ERROR] platform_org_assignment: PermissionSet entry "role:tenant.admin" is a role name, not a permission identifier; this violates ADR-001/ADR-011. Use "{module}.{entity}.{operation}" format (e.g. "platform.org_assignment.read"). Seed the role-to-permission mapping in iam_role_permissions instead.
        [ERROR] platform_org_assignment: PermissionSet entry "role:platform-admin" is a role name, not a permission identifier; this violates ADR-001/ADR-011. Use "{module}.{entity}.{operation}" format (e.g. "platform.org_assignment.read"). Seed the role-to-permission mapping in iam_role_permissions instead.
        [ERROR] platform_org_assignment: PermissionSet entry "role:tenant.admin" is a role name, not a permission identifier; this violates ADR-001/ADR-011. Use "{module}.{entity}.{operation}" format (e.g. "platform.org_assignment.read"). Seed the role-to-permission mapping in iam_role_permissions instead.
        [ERROR] platform_org_assignment: PermissionSet entry "role:tenant.user" is a role name, not a permission identifier; this violates ADR-001/ADR-011. Use "{module}.{entity}.{operation}" format (e.g. "platform.org_assignment.read"). Seed the role-to-permission mapping in iam_role_permissions instead.
        [ERROR] platform_org_assignment: PermissionSet entry "role:platform-admin" is a role name, not a permission identifier; this violates ADR-001/ADR-011. Use "{module}.{entity}.{operation}" format (e.g. "platform.org_assignment.read"). Seed the role-to-permission mapping in iam_role_permissions instead.
        [ERROR] platform_org_assignment: PermissionSet entry "role:tenant.admin" is a role name, not a permission identifier; this violates ADR-001/ADR-011. Use "{module}.{entity}.{operation}" format (e.g. "platform.org_assignment.read"). Seed the role-to-permission mapping in iam_role_permissions instead.
        [ERROR] platform_org_assignment: PermissionSet entry "role:platform-admin" is a role name, not a permission identifier; this violates ADR-001/ADR-011. Use "{module}.{entity}.{operation}" format (e.g. "platform.org_assignment.read"). Seed the role-to-permission mapping in iam_role_permissions instead.
        [ERROR] platform_org_assignment: PermissionSet entry "role:tenant.admin" is a role name, not a permission identifier; this violates ADR-001/ADR-011. Use "{module}.{entity}.{operation}" format (e.g. "platform.org_assignment.read"). Seed the role-to-permission mapping in iam_role_permissions instead.
        [ERROR] demo_customer: PermissionSet entry "role:tenant.admin" is a role name, not a permission identifier; this violates ADR-001/ADR-011. Use "{module}.{entity}.{operation}" format (e.g. "demo.customer.read"). Seed the role-to-permission mapping in iam_role_permissions instead.
        [ERROR] demo_customer: PermissionSet entry "role:tenant.user" is a role name, not a permission identifier; this violates ADR-001/ADR-011. Use "{module}.{entity}.{operation}" format (e.g. "demo.customer.read"). Seed the role-to-permission mapping in iam_role_permissions instead.
        [ERROR] demo_customer: PermissionSet entry "role:tenant.admin" is a role name, not a permission identifier; this violates ADR-001/ADR-011. Use "{module}.{entity}.{operation}" format (e.g. "demo.customer.read"). Seed the role-to-permission mapping in iam_role_permissions instead.
        [ERROR] demo_customer: PermissionSet entry "role:tenant.user" is a role name, not a permission identifier; this violates ADR-001/ADR-011. Use "{module}.{entity}.{operation}" format (e.g. "demo.customer.read"). Seed the role-to-permission mapping in iam_role_permissions instead.
        [ERROR] demo_customer: PermissionSet entry "role:tenant.admin" is a role name, not a permission identifier; this violates ADR-001/ADR-011. Use "{module}.{entity}.{operation}" format (e.g. "demo.customer.read"). Seed the role-to-permission mapping in iam_role_permissions instead.
        [ERROR] demo_customer: PermissionSet entry "role:tenant.user" is a role name, not a permission identifier; this violates ADR-001/ADR-011. Use "{module}.{entity}.{operation}" format (e.g. "demo.customer.read"). Seed the role-to-permission mapping in iam_role_permissions instead.
        [ERROR] demo_customer: PermissionSet entry "role:tenant.admin" is a role name, not a permission identifier; this violates ADR-001/ADR-011. Use "{module}.{entity}.{operation}" format (e.g. "demo.customer.read"). Seed the role-to-permission mapping in iam_role_permissions instead.
--- FAIL: TestFakeStoreWithTx (0.00s)
    pipeline_test.go:450: harness: compile schema: schema compilation errors:
        [ERROR] platform_organization: PermissionSet entry "role:platform-admin" is a role name, not a permission identifier; this violates ADR-001/ADR-011. Use "{module}.{entity}.{operation}" format (e.g. "platform.organization.read"). Seed the role-to-permission mapping in iam_role_permissions instead.
        [ERROR] platform_organization: PermissionSet entry "role:tenant.admin" is a role name, not a permission identifier; this violates ADR-001/ADR-011. Use "{module}.{entity}.{operation}" format (e.g. "platform.organization.read"). Seed the role-to-permission mapping in iam_role_permissions instead.
        [ERROR] platform_organization: PermissionSet entry "role:platform-admin" is a role name, not a permission identifier; this violates ADR-001/ADR-011. Use "{module}.{entity}.{operation}" format (e.g. "platform.organization.read"). Seed the role-to-permission mapping in iam_role_permissions instead.
        [ERROR] platform_organization: PermissionSet entry "role:tenant.admin" is a role name, not a permission identifier; this violates ADR-001/ADR-011. Use "{module}.{entity}.{operation}" format (e.g. "platform.organization.read"). Seed the role-to-permission mapping in iam_role_permissions instead.
        [ERROR] platform_organization: PermissionSet entry "role:tenant.user" is a role name, not a permission identifier; this violates ADR-001/ADR-011. Use "{module}.{entity}.{operation}" format (e.g. "platform.organization.read"). Seed the role-to-permission mapping in iam_role_permissions instead.
        [ERROR] platform_organization: PermissionSet entry "role:platform-admin" is a role name, not a permission identifier; this violates ADR-001/ADR-011. Use "{module}.{entity}.{operation}" format (e.g. "platform.organization.read"). Seed the role-to-permission mapping in iam_role_permissions instead.
        [ERROR] platform_organization: PermissionSet entry "role:tenant.admin" is a role name, not a permission identifier; this violates ADR-001/ADR-011. Use "{module}.{entity}.{operation}" format (e.g. "platform.organization.read"). Seed the role-to-permission mapping in iam_role_permissions instead.
        [ERROR] platform_organization: PermissionSet entry "role:platform-admin" is a role name, not a permission identifier; this violates ADR-001/ADR-011. Use "{module}.{entity}.{operation}" format (e.g. "platform.organization.read"). Seed the role-to-permission mapping in iam_role_permissions instead.
        [ERROR] platform_organization: PermissionSet entry "role:tenant.admin" is a role name, not a permission identifier; this violates ADR-001/ADR-011. Use "{module}.{entity}.{operation}" format (e.g. "platform.organization.read"). Seed the role-to-permission mapping in iam_role_permissions instead.
        [ERROR] platform_org_type: PermissionSet entry "role:platform-admin" is a role name, not a permission identifier; this violates ADR-001/ADR-011. Use "{module}.{entity}.{operation}" format (e.g. "platform.org_type.read"). Seed the role-to-permission mapping in iam_role_permissions instead.
        [ERROR] platform_org_type: PermissionSet entry "role:tenant.admin" is a role name, not a permission identifier; this violates ADR-001/ADR-011. Use "{module}.{entity}.{operation}" format (e.g. "platform.org_type.read"). Seed the role-to-permission mapping in iam_role_permissions instead.
        [ERROR] platform_org_type: PermissionSet entry "role:platform-admin" is a role name, not a permission identifier; this violates ADR-001/ADR-011. Use "{module}.{entity}.{operation}" format (e.g. "platform.org_type.read"). Seed the role-to-permission mapping in iam_role_permissions instead.
        [ERROR] platform_org_type: PermissionSet entry "role:tenant.admin" is a role name, not a permission identifier; this violates ADR-001/ADR-011. Use "{module}.{entity}.{operation}" format (e.g. "platform.org_type.read"). Seed the role-to-permission mapping in iam_role_permissions instead.
        [ERROR] platform_org_type: PermissionSet entry "role:tenant.user" is a role name, not a permission identifier; this violates ADR-001/ADR-011. Use "{module}.{entity}.{operation}" format (e.g. "platform.org_type.read"). Seed the role-to-permission mapping in iam_role_permissions instead.
        [ERROR] platform_org_type: PermissionSet entry "role:platform-admin" is a role name, not a permission identifier; this violates ADR-001/ADR-011. Use "{module}.{entity}.{operation}" format (e.g. "platform.org_type.read"). Seed the role-to-permission mapping in iam_role_permissions instead.
        [ERROR] platform_org_type: PermissionSet entry "role:tenant.admin" is a role name, not a permission identifier; this violates ADR-001/ADR-011. Use "{module}.{entity}.{operation}" format (e.g. "platform.org_type.read"). Seed the role-to-permission mapping in iam_role_permissions instead.
        [ERROR] platform_org_type: PermissionSet entry "role:platform-admin" is a role name, not a permission identifier; this violates ADR-001/ADR-011. Use "{module}.{entity}.{operation}" format (e.g. "platform.org_type.read"). Seed the role-to-permission mapping in iam_role_permissions instead.
        [ERROR] platform_org_type: PermissionSet entry "role:tenant.admin" is a role name, not a permission identifier; this violates ADR-001/ADR-011. Use "{module}.{entity}.{operation}" format (e.g. "platform.org_type.read"). Seed the role-to-permission mapping in iam_role_permissions instead.
        [ERROR] platform_org_assignment: PermissionSet entry "role:platform-admin" is a role name, not a permission identifier; this violates ADR-001/ADR-011. Use "{module}.{entity}.{operation}" format (e.g. "platform.org_assignment.read"). Seed the role-to-permission mapping in iam_role_permissions instead.
        [ERROR] platform_org_assignment: PermissionSet entry "role:tenant.admin" is a role name, not a permission identifier; this violates ADR-001/ADR-011. Use "{module}.{entity}.{operation}" format (e.g. "platform.org_assignment.read"). Seed the role-to-permission mapping in iam_role_permissions instead.
        [ERROR] platform_org_assignment: PermissionSet entry "role:platform-admin" is a role name, not a permission identifier; this violates ADR-001/ADR-011. Use "{module}.{entity}.{operation}" format (e.g. "platform.org_assignment.read"). Seed the role-to-permission mapping in iam_role_permissions instead.
        [ERROR] platform_org_assignment: PermissionSet entry "role:tenant.admin" is a role name, not a permission identifier; this violates ADR-001/ADR-011. Use "{module}.{entity}.{operation}" format (e.g. "platform.org_assignment.read"). Seed the role-to-permission mapping in iam_role_permissions instead.
        [ERROR] platform_org_assignment: PermissionSet entry "role:tenant.user" is a role name, not a permission identifier; this violates ADR-001/ADR-011. Use "{module}.{entity}.{operation}" format (e.g. "platform.org_assignment.read"). Seed the role-to-permission mapping in iam_role_permissions instead.
        [ERROR] platform_org_assignment: PermissionSet entry "role:platform-admin" is a role name, not a permission identifier; this violates ADR-001/ADR-011. Use "{module}.{entity}.{operation}" format (e.g. "platform.org_assignment.read"). Seed the role-to-permission mapping in iam_role_permissions instead.
        [ERROR] platform_org_assignment: PermissionSet entry "role:tenant.admin" is a role name, not a permission identifier; this violates ADR-001/ADR-011. Use "{module}.{entity}.{operation}" format (e.g. "platform.org_assignment.read"). Seed the role-to-permission mapping in iam_role_permissions instead.
        [ERROR] platform_org_assignment: PermissionSet entry "role:platform-admin" is a role name, not a permission identifier; this violates ADR-001/ADR-011. Use "{module}.{entity}.{operation}" format (e.g. "platform.org_assignment.read"). Seed the role-to-permission mapping in iam_role_permissions instead.
        [ERROR] platform_org_assignment: PermissionSet entry "role:tenant.admin" is a role name, not a permission identifier; this violates ADR-001/ADR-011. Use "{module}.{entity}.{operation}" format (e.g. "platform.org_assignment.read"). Seed the role-to-permission mapping in iam_role_permissions instead.
        [ERROR] demo_customer: PermissionSet entry "role:tenant.admin" is a role name, not a permission identifier; this violates ADR-001/ADR-011. Use "{module}.{entity}.{operation}" format (e.g. "demo.customer.read"). Seed the role-to-permission mapping in iam_role_permissions instead.
        [ERROR] demo_customer: PermissionSet entry "role:tenant.user" is a role name, not a permission identifier; this violates ADR-001/ADR-011. Use "{module}.{entity}.{operation}" format (e.g. "demo.customer.read"). Seed the role-to-permission mapping in iam_role_permissions instead.
        [ERROR] demo_customer: PermissionSet entry "role:tenant.admin" is a role name, not a permission identifier; this violates ADR-001/ADR-011. Use "{module}.{entity}.{operation}" format (e.g. "demo.customer.read"). Seed the role-to-permission mapping in iam_role_permissions instead.
        [ERROR] demo_customer: PermissionSet entry "role:tenant.user" is a role name, not a permission identifier; this violates ADR-001/ADR-011. Use "{module}.{entity}.{operation}" format (e.g. "demo.customer.read"). Seed the role-to-permission mapping in iam_role_permissions instead.
        [ERROR] demo_customer: PermissionSet entry "role:tenant.admin" is a role name, not a permission identifier; this violates ADR-001/ADR-011. Use "{module}.{entity}.{operation}" format (e.g. "demo.customer.read"). Seed the role-to-permission mapping in iam_role_permissions instead.
        [ERROR] demo_customer: PermissionSet entry "role:tenant.user" is a role name, not a permission identifier; this violates ADR-001/ADR-011. Use "{module}.{entity}.{operation}" format (e.g. "demo.customer.read"). Seed the role-to-permission mapping in iam_role_permissions instead.
        [ERROR] demo_customer: PermissionSet entry "role:tenant.admin" is a role name, not a permission identifier; this violates ADR-001/ADR-011. Use "{module}.{entity}.{operation}" format (e.g. "demo.customer.read"). Seed the role-to-permission mapping in iam_role_permissions instead.
--- FAIL: TestHarnessContext (0.00s)
    pipeline_test.go:476: harness: compile schema: schema compilation errors:
        [ERROR] platform_organization: PermissionSet entry "role:platform-admin" is a role name, not a permission identifier; this violates ADR-001/ADR-011. Use "{module}.{entity}.{operation}" format (e.g. "platform.organization.read"). Seed the role-to-permission mapping in iam_role_permissions instead.
        [ERROR] platform_organization: PermissionSet entry "role:tenant.admin" is a role name, not a permission identifier; this violates ADR-001/ADR-011. Use "{module}.{entity}.{operation}" format (e.g. "platform.organization.read"). Seed the role-to-permission mapping in iam_role_permissions instead.
        [ERROR] platform_organization: PermissionSet entry "role:platform-admin" is a role name, not a permission identifier; this violates ADR-001/ADR-011. Use "{module}.{entity}.{operation}" format (e.g. "platform.organization.read"). Seed the role-to-permission mapping in iam_role_permissions instead.
        [ERROR] platform_organization: PermissionSet entry "role:tenant.admin" is a role name, not a permission identifier; this violates ADR-001/ADR-011. Use "{module}.{entity}.{operation}" format (e.g. "platform.organization.read"). Seed the role-to-permission mapping in iam_role_permissions instead.
        [ERROR] platform_organization: PermissionSet entry "role:tenant.user" is a role name, not a permission identifier; this violates ADR-001/ADR-011. Use "{module}.{entity}.{operation}" format (e.g. "platform.organization.read"). Seed the role-to-permission mapping in iam_role_permissions instead.
        [ERROR] platform_organization: PermissionSet entry "role:platform-admin" is a role name, not a permission identifier; this violates ADR-001/ADR-011. Use "{module}.{entity}.{operation}" format (e.g. "platform.organization.read"). Seed the role-to-permission mapping in iam_role_permissions instead.
        [ERROR] platform_organization: PermissionSet entry "role:tenant.admin" is a role name, not a permission identifier; this violates ADR-001/ADR-011. Use "{module}.{entity}.{operation}" format (e.g. "platform.organization.read"). Seed the role-to-permission mapping in iam_role_permissions instead.
        [ERROR] platform_organization: PermissionSet entry "role:platform-admin" is a role name, not a permission identifier; this violates ADR-001/ADR-011. Use "{module}.{entity}.{operation}" format (e.g. "platform.organization.read"). Seed the role-to-permission mapping in iam_role_permissions instead.
        [ERROR] platform_organization: PermissionSet entry "role:tenant.admin" is a role name, not a permission identifier; this violates ADR-001/ADR-011. Use "{module}.{entity}.{operation}" format (e.g. "platform.organization.read"). Seed the role-to-permission mapping in iam_role_permissions instead.
        [ERROR] platform_org_type: PermissionSet entry "role:platform-admin" is a role name, not a permission identifier; this violates ADR-001/ADR-011. Use "{module}.{entity}.{operation}" format (e.g. "platform.org_type.read"). Seed the role-to-permission mapping in iam_role_permissions instead.
        [ERROR] platform_org_type: PermissionSet entry "role:tenant.admin" is a role name, not a permission identifier; this violates ADR-001/ADR-011. Use "{module}.{entity}.{operation}" format (e.g. "platform.org_type.read"). Seed the role-to-permission mapping in iam_role_permissions instead.
        [ERROR] platform_org_type: PermissionSet entry "role:platform-admin" is a role name, not a permission identifier; this violates ADR-001/ADR-011. Use "{module}.{entity}.{operation}" format (e.g. "platform.org_type.read"). Seed the role-to-permission mapping in iam_role_permissions instead.
        [ERROR] platform_org_type: PermissionSet entry "role:tenant.admin" is a role name, not a permission identifier; this violates ADR-001/ADR-011. Use "{module}.{entity}.{operation}" format (e.g. "platform.org_type.read"). Seed the role-to-permission mapping in iam_role_permissions instead.
        [ERROR] platform_org_type: PermissionSet entry "role:tenant.user" is a role name, not a permission identifier; this violates ADR-001/ADR-011. Use "{module}.{entity}.{operation}" format (e.g. "platform.org_type.read"). Seed the role-to-permission mapping in iam_role_permissions instead.
        [ERROR] platform_org_type: PermissionSet entry "role:platform-admin" is a role name, not a permission identifier; this violates ADR-001/ADR-011. Use "{module}.{entity}.{operation}" format (e.g. "platform.org_type.read"). Seed the role-to-permission mapping in iam_role_permissions instead.
        [ERROR] platform_org_type: PermissionSet entry "role:tenant.admin" is a role name, not a permission identifier; this violates ADR-001/ADR-011. Use "{module}.{entity}.{operation}" format (e.g. "platform.org_type.read"). Seed the role-to-permission mapping in iam_role_permissions instead.
        [ERROR] platform_org_type: PermissionSet entry "role:platform-admin" is a role name, not a permission identifier; this violates ADR-001/ADR-011. Use "{module}.{entity}.{operation}" format (e.g. "platform.org_type.read"). Seed the role-to-permission mapping in iam_role_permissions instead.
        [ERROR] platform_org_type: PermissionSet entry "role:tenant.admin" is a role name, not a permission identifier; this violates ADR-001/ADR-011. Use "{module}.{entity}.{operation}" format (e.g. "platform.org_type.read"). Seed the role-to-permission mapping in iam_role_permissions instead.
        [ERROR] platform_org_assignment: PermissionSet entry "role:platform-admin" is a role name, not a permission identifier; this violates ADR-001/ADR-011. Use "{module}.{entity}.{operation}" format (e.g. "platform.org_assignment.read"). Seed the role-to-permission mapping in iam_role_permissions instead.
        [ERROR] platform_org_assignment: PermissionSet entry "role:tenant.admin" is a role name, not a permission identifier; this violates ADR-001/ADR-011. Use "{module}.{entity}.{operation}" format (e.g. "platform.org_assignment.read"). Seed the role-to-permission mapping in iam_role_permissions instead.
        [ERROR] platform_org_assignment: PermissionSet entry "role:platform-admin" is a role name, not a permission identifier; this violates ADR-001/ADR-011. Use "{module}.{entity}.{operation}" format (e.g. "platform.org_assignment.read"). Seed the role-to-permission mapping in iam_role_permissions instead.
        [ERROR] platform_org_assignment: PermissionSet entry "role:tenant.admin" is a role name, not a permission identifier; this violates ADR-001/ADR-011. Use "{module}.{entity}.{operation}" format (e.g. "platform.org_assignment.read"). Seed the role-to-permission mapping in iam_role_permissions instead.
        [ERROR] platform_org_assignment: PermissionSet entry "role:tenant.user" is a role name, not a permission identifier; this violates ADR-001/ADR-011. Use "{module}.{entity}.{operation}" format (e.g. "platform.org_assignment.read"). Seed the role-to-permission mapping in iam_role_permissions instead.
        [ERROR] platform_org_assignment: PermissionSet entry "role:platform-admin" is a role name, not a permission identifier; this violates ADR-001/ADR-011. Use "{module}.{entity}.{operation}" format (e.g. "platform.org_assignment.read"). Seed the role-to-permission mapping in iam_role_permissions instead.
        [ERROR] platform_org_assignment: PermissionSet entry "role:tenant.admin" is a role name, not a permission identifier; this violates ADR-001/ADR-011. Use "{module}.{entity}.{operation}" format (e.g. "platform.org_assignment.read"). Seed the role-to-permission mapping in iam_role_permissions instead.
        [ERROR] platform_org_assignment: PermissionSet entry "role:platform-admin" is a role name, not a permission identifier; this violates ADR-001/ADR-011. Use "{module}.{entity}.{operation}" format (e.g. "platform.org_assignment.read"). Seed the role-to-permission mapping in iam_role_permissions instead.
        [ERROR] platform_org_assignment: PermissionSet entry "role:tenant.admin" is a role name, not a permission identifier; this violates ADR-001/ADR-011. Use "{module}.{entity}.{operation}" format (e.g. "platform.org_assignment.read"). Seed the role-to-permission mapping in iam_role_permissions instead.
        [ERROR] demo_customer: PermissionSet entry "role:tenant.admin" is a role name, not a permission identifier; this violates ADR-001/ADR-011. Use "{module}.{entity}.{operation}" format (e.g. "demo.customer.read"). Seed the role-to-permission mapping in iam_role_permissions instead.
        [ERROR] demo_customer: PermissionSet entry "role:tenant.user" is a role name, not a permission identifier; this violates ADR-001/ADR-011. Use "{module}.{entity}.{operation}" format (e.g. "demo.customer.read"). Seed the role-to-permission mapping in iam_role_permissions instead.
        [ERROR] demo_customer: PermissionSet entry "role:tenant.admin" is a role name, not a permission identifier; this violates ADR-001/ADR-011. Use "{module}.{entity}.{operation}" format (e.g. "demo.customer.read"). Seed the role-to-permission mapping in iam_role_permissions instead.
        [ERROR] demo_customer: PermissionSet entry "role:tenant.user" is a role name, not a permission identifier; this violates ADR-001/ADR-011. Use "{module}.{entity}.{operation}" format (e.g. "demo.customer.read"). Seed the role-to-permission mapping in iam_role_permissions instead.
        [ERROR] demo_customer: PermissionSet entry "role:tenant.admin" is a role name, not a permission identifier; this violates ADR-001/ADR-011. Use "{module}.{entity}.{operation}" format (e.g. "demo.customer.read"). Seed the role-to-permission mapping in iam_role_permissions instead.
        [ERROR] demo_customer: PermissionSet entry "role:tenant.user" is a role name, not a permission identifier; this violates ADR-001/ADR-011. Use "{module}.{entity}.{operation}" format (e.g. "demo.customer.read"). Seed the role-to-permission mapping in iam_role_permissions instead.
        [ERROR] demo_customer: PermissionSet entry "role:tenant.admin" is a role name, not a permission identifier; this violates ADR-001/ADR-011. Use "{module}.{entity}.{operation}" format (e.g. "demo.customer.read"). Seed the role-to-permission mapping in iam_role_permissions instead.
--- FAIL: TestCompilerCompile (0.00s)
    registry_compiler_test.go:130: compiler.Compile: schema compilation errors:
        [ERROR] platform_organization: PermissionSet entry "role:platform-admin" is a role name, not a permission identifier; this violates ADR-001/ADR-011. Use "{module}.{entity}.{operation}" format (e.g. "platform.organization.read"). Seed the role-to-permission mapping in iam_role_permissions instead.
        [ERROR] platform_organization: PermissionSet entry "role:tenant.admin" is a role name, not a permission identifier; this violates ADR-001/ADR-011. Use "{module}.{entity}.{operation}" format (e.g. "platform.organization.read"). Seed the role-to-permission mapping in iam_role_permissions instead.
        [ERROR] platform_organization: PermissionSet entry "role:platform-admin" is a role name, not a permission identifier; this violates ADR-001/ADR-011. Use "{module}.{entity}.{operation}" format (e.g. "platform.organization.read"). Seed the role-to-permission mapping in iam_role_permissions instead.
        [ERROR] platform_organization: PermissionSet entry "role:tenant.admin" is a role name, not a permission identifier; this violates ADR-001/ADR-011. Use "{module}.{entity}.{operation}" format (e.g. "platform.organization.read"). Seed the role-to-permission mapping in iam_role_permissions instead.
        [ERROR] platform_organization: PermissionSet entry "role:tenant.user" is a role name, not a permission identifier; this violates ADR-001/ADR-011. Use "{module}.{entity}.{operation}" format (e.g. "platform.organization.read"). Seed the role-to-permission mapping in iam_role_permissions instead.
        [ERROR] platform_organization: PermissionSet entry "role:platform-admin" is a role name, not a permission identifier; this violates ADR-001/ADR-011. Use "{module}.{entity}.{operation}" format (e.g. "platform.organization.read"). Seed the role-to-permission mapping in iam_role_permissions instead.
        [ERROR] platform_organization: PermissionSet entry "role:tenant.admin" is a role name, not a permission identifier; this violates ADR-001/ADR-011. Use "{module}.{entity}.{operation}" format (e.g. "platform.organization.read"). Seed the role-to-permission mapping in iam_role_permissions instead.
        [ERROR] platform_organization: PermissionSet entry "role:platform-admin" is a role name, not a permission identifier; this violates ADR-001/ADR-011. Use "{module}.{entity}.{operation}" format (e.g. "platform.organization.read"). Seed the role-to-permission mapping in iam_role_permissions instead.
        [ERROR] platform_organization: PermissionSet entry "role:tenant.admin" is a role name, not a permission identifier; this violates ADR-001/ADR-011. Use "{module}.{entity}.{operation}" format (e.g. "platform.organization.read"). Seed the role-to-permission mapping in iam_role_permissions instead.
        [ERROR] platform_org_type: PermissionSet entry "role:platform-admin" is a role name, not a permission identifier; this violates ADR-001/ADR-011. Use "{module}.{entity}.{operation}" format (e.g. "platform.org_type.read"). Seed the role-to-permission mapping in iam_role_permissions instead.
        [ERROR] platform_org_type: PermissionSet entry "role:tenant.admin" is a role name, not a permission identifier; this violates ADR-001/ADR-011. Use "{module}.{entity}.{operation}" format (e.g. "platform.org_type.read"). Seed the role-to-permission mapping in iam_role_permissions instead.
        [ERROR] platform_org_type: PermissionSet entry "role:platform-admin" is a role name, not a permission identifier; this violates ADR-001/ADR-011. Use "{module}.{entity}.{operation}" format (e.g. "platform.org_type.read"). Seed the role-to-permission mapping in iam_role_permissions instead.
        [ERROR] platform_org_type: PermissionSet entry "role:tenant.admin" is a role name, not a permission identifier; this violates ADR-001/ADR-011. Use "{module}.{entity}.{operation}" format (e.g. "platform.org_type.read"). Seed the role-to-permission mapping in iam_role_permissions instead.
        [ERROR] platform_org_type: PermissionSet entry "role:tenant.user" is a role name, not a permission identifier; this violates ADR-001/ADR-011. Use "{module}.{entity}.{operation}" format (e.g. "platform.org_type.read"). Seed the role-to-permission mapping in iam_role_permissions instead.
        [ERROR] platform_org_type: PermissionSet entry "role:platform-admin" is a role name, not a permission identifier; this violates ADR-001/ADR-011. Use "{module}.{entity}.{operation}" format (e.g. "platform.org_type.read"). Seed the role-to-permission mapping in iam_role_permissions instead.
        [ERROR] platform_org_type: PermissionSet entry "role:tenant.admin" is a role name, not a permission identifier; this violates ADR-001/ADR-011. Use "{module}.{entity}.{operation}" format (e.g. "platform.org_type.read"). Seed the role-to-permission mapping in iam_role_permissions instead.
        [ERROR] platform_org_type: PermissionSet entry "role:platform-admin" is a role name, not a permission identifier; this violates ADR-001/ADR-011. Use "{module}.{entity}.{operation}" format (e.g. "platform.org_type.read"). Seed the role-to-permission mapping in iam_role_permissions instead.
        [ERROR] platform_org_type: PermissionSet entry "role:tenant.admin" is a role name, not a permission identifier; this violates ADR-001/ADR-011. Use "{module}.{entity}.{operation}" format (e.g. "platform.org_type.read"). Seed the role-to-permission mapping in iam_role_permissions instead.
        [ERROR] platform_org_assignment: PermissionSet entry "role:platform-admin" is a role name, not a permission identifier; this violates ADR-001/ADR-011. Use "{module}.{entity}.{operation}" format (e.g. "platform.org_assignment.read"). Seed the role-to-permission mapping in iam_role_permissions instead.
        [ERROR] platform_org_assignment: PermissionSet entry "role:tenant.admin" is a role name, not a permission identifier; this violates ADR-001/ADR-011. Use "{module}.{entity}.{operation}" format (e.g. "platform.org_assignment.read"). Seed the role-to-permission mapping in iam_role_permissions instead.
        [ERROR] platform_org_assignment: PermissionSet entry "role:platform-admin" is a role name, not a permission identifier; this violates ADR-001/ADR-011. Use "{module}.{entity}.{operation}" format (e.g. "platform.org_assignment.read"). Seed the role-to-permission mapping in iam_role_permissions instead.
        [ERROR] platform_org_assignment: PermissionSet entry "role:tenant.admin" is a role name, not a permission identifier; this violates ADR-001/ADR-011. Use "{module}.{entity}.{operation}" format (e.g. "platform.org_assignment.read"). Seed the role-to-permission mapping in iam_role_permissions instead.
        [ERROR] platform_org_assignment: PermissionSet entry "role:tenant.user" is a role name, not a permission identifier; this violates ADR-001/ADR-011. Use "{module}.{entity}.{operation}" format (e.g. "platform.org_assignment.read"). Seed the role-to-permission mapping in iam_role_permissions instead.
        [ERROR] platform_org_assignment: PermissionSet entry "role:platform-admin" is a role name, not a permission identifier; this violates ADR-001/ADR-011. Use "{module}.{entity}.{operation}" format (e.g. "platform.org_assignment.read"). Seed the role-to-permission mapping in iam_role_permissions instead.
        [ERROR] platform_org_assignment: PermissionSet entry "role:tenant.admin" is a role name, not a permission identifier; this violates ADR-001/ADR-011. Use "{module}.{entity}.{operation}" format (e.g. "platform.org_assignment.read"). Seed the role-to-permission mapping in iam_role_permissions instead.
        [ERROR] platform_org_assignment: PermissionSet entry "role:platform-admin" is a role name, not a permission identifier; this violates ADR-001/ADR-011. Use "{module}.{entity}.{operation}" format (e.g. "platform.org_assignment.read"). Seed the role-to-permission mapping in iam_role_permissions instead.
        [ERROR] platform_org_assignment: PermissionSet entry "role:tenant.admin" is a role name, not a permission identifier; this violates ADR-001/ADR-011. Use "{module}.{entity}.{operation}" format (e.g. "platform.org_assignment.read"). Seed the role-to-permission mapping in iam_role_permissions instead.
        [ERROR] demo_customer: PermissionSet entry "role:tenant.admin" is a role name, not a permission identifier; this violates ADR-001/ADR-011. Use "{module}.{entity}.{operation}" format (e.g. "demo.customer.read"). Seed the role-to-permission mapping in iam_role_permissions instead.
        [ERROR] demo_customer: PermissionSet entry "role:tenant.user" is a role name, not a permission identifier; this violates ADR-001/ADR-011. Use "{module}.{entity}.{operation}" format (e.g. "demo.customer.read"). Seed the role-to-permission mapping in iam_role_permissions instead.
        [ERROR] demo_customer: PermissionSet entry "role:tenant.admin" is a role name, not a permission identifier; this violates ADR-001/ADR-011. Use "{module}.{entity}.{operation}" format (e.g. "demo.customer.read"). Seed the role-to-permission mapping in iam_role_permissions instead.
        [ERROR] demo_customer: PermissionSet entry "role:tenant.user" is a role name, not a permission identifier; this violates ADR-001/ADR-011. Use "{module}.{entity}.{operation}" format (e.g. "demo.customer.read"). Seed the role-to-permission mapping in iam_role_permissions instead.
        [ERROR] demo_customer: PermissionSet entry "role:tenant.admin" is a role name, not a permission identifier; this violates ADR-001/ADR-011. Use "{module}.{entity}.{operation}" format (e.g. "demo.customer.read"). Seed the role-to-permission mapping in iam_role_permissions instead.
        [ERROR] demo_customer: PermissionSet entry "role:tenant.user" is a role name, not a permission identifier; this violates ADR-001/ADR-011. Use "{module}.{entity}.{operation}" format (e.g. "demo.customer.read"). Seed the role-to-permission mapping in iam_role_permissions instead.
        [ERROR] demo_customer: PermissionSet entry "role:tenant.admin" is a role name, not a permission identifier; this violates ADR-001/ADR-011. Use "{module}.{entity}.{operation}" format (e.g. "demo.customer.read"). Seed the role-to-permission mapping in iam_role_permissions instead.
--- FAIL: TestCompilerDiagnostics (0.00s)
    registry_compiler_test.go:172: unexpected compiler errors:
        [ERROR] platform_organization: PermissionSet entry "role:platform-admin" is a role name, not a permission identifier; this violates ADR-001/ADR-011. Use "{module}.{entity}.{operation}" format (e.g. "platform.organization.read"). Seed the role-to-permission mapping in iam_role_permissions instead.
        [ERROR] platform_organization: PermissionSet entry "role:tenant.admin" is a role name, not a permission identifier; this violates ADR-001/ADR-011. Use "{module}.{entity}.{operation}" format (e.g. "platform.organization.read"). Seed the role-to-permission mapping in iam_role_permissions instead.
        [ERROR] platform_organization: PermissionSet entry "role:platform-admin" is a role name, not a permission identifier; this violates ADR-001/ADR-011. Use "{module}.{entity}.{operation}" format (e.g. "platform.organization.read"). Seed the role-to-permission mapping in iam_role_permissions instead.
        [ERROR] platform_organization: PermissionSet entry "role:tenant.admin" is a role name, not a permission identifier; this violates ADR-001/ADR-011. Use "{module}.{entity}.{operation}" format (e.g. "platform.organization.read"). Seed the role-to-permission mapping in iam_role_permissions instead.
        [ERROR] platform_organization: PermissionSet entry "role:tenant.user" is a role name, not a permission identifier; this violates ADR-001/ADR-011. Use "{module}.{entity}.{operation}" format (e.g. "platform.organization.read"). Seed the role-to-permission mapping in iam_role_permissions instead.
        [ERROR] platform_organization: PermissionSet entry "role:platform-admin" is a role name, not a permission identifier; this violates ADR-001/ADR-011. Use "{module}.{entity}.{operation}" format (e.g. "platform.organization.read"). Seed the role-to-permission mapping in iam_role_permissions instead.
        [ERROR] platform_organization: PermissionSet entry "role:tenant.admin" is a role name, not a permission identifier; this violates ADR-001/ADR-011. Use "{module}.{entity}.{operation}" format (e.g. "platform.organization.read"). Seed the role-to-permission mapping in iam_role_permissions instead.
        [ERROR] platform_organization: PermissionSet entry "role:platform-admin" is a role name, not a permission identifier; this violates ADR-001/ADR-011. Use "{module}.{entity}.{operation}" format (e.g. "platform.organization.read"). Seed the role-to-permission mapping in iam_role_permissions instead.
        [ERROR] platform_organization: PermissionSet entry "role:tenant.admin" is a role name, not a permission identifier; this violates ADR-001/ADR-011. Use "{module}.{entity}.{operation}" format (e.g. "platform.organization.read"). Seed the role-to-permission mapping in iam_role_permissions instead.
        [ERROR] platform_org_type: PermissionSet entry "role:platform-admin" is a role name, not a permission identifier; this violates ADR-001/ADR-011. Use "{module}.{entity}.{operation}" format (e.g. "platform.org_type.read"). Seed the role-to-permission mapping in iam_role_permissions instead.
        [ERROR] platform_org_type: PermissionSet entry "role:tenant.admin" is a role name, not a permission identifier; this violates ADR-001/ADR-011. Use "{module}.{entity}.{operation}" format (e.g. "platform.org_type.read"). Seed the role-to-permission mapping in iam_role_permissions instead.
        [ERROR] platform_org_type: PermissionSet entry "role:platform-admin" is a role name, not a permission identifier; this violates ADR-001/ADR-011. Use "{module}.{entity}.{operation}" format (e.g. "platform.org_type.read"). Seed the role-to-permission mapping in iam_role_permissions instead.
        [ERROR] platform_org_type: PermissionSet entry "role:tenant.admin" is a role name, not a permission identifier; this violates ADR-001/ADR-011. Use "{module}.{entity}.{operation}" format (e.g. "platform.org_type.read"). Seed the role-to-permission mapping in iam_role_permissions instead.
        [ERROR] platform_org_type: PermissionSet entry "role:tenant.user" is a role name, not a permission identifier; this violates ADR-001/ADR-011. Use "{module}.{entity}.{operation}" format (e.g. "platform.org_type.read"). Seed the role-to-permission mapping in iam_role_permissions instead.
        [ERROR] platform_org_type: PermissionSet entry "role:platform-admin" is a role name, not a permission identifier; this violates ADR-001/ADR-011. Use "{module}.{entity}.{operation}" format (e.g. "platform.org_type.read"). Seed the role-to-permission mapping in iam_role_permissions instead.
        [ERROR] platform_org_type: PermissionSet entry "role:tenant.admin" is a role name, not a permission identifier; this violates ADR-001/ADR-011. Use "{module}.{entity}.{operation}" format (e.g. "platform.org_type.read"). Seed the role-to-permission mapping in iam_role_permissions instead.
        [ERROR] platform_org_type: PermissionSet entry "role:platform-admin" is a role name, not a permission identifier; this violates ADR-001/ADR-011. Use "{module}.{entity}.{operation}" format (e.g. "platform.org_type.read"). Seed the role-to-permission mapping in iam_role_permissions instead.
        [ERROR] platform_org_type: PermissionSet entry "role:tenant.admin" is a role name, not a permission identifier; this violates ADR-001/ADR-011. Use "{module}.{entity}.{operation}" format (e.g. "platform.org_type.read"). Seed the role-to-permission mapping in iam_role_permissions instead.
        [ERROR] platform_org_assignment: PermissionSet entry "role:platform-admin" is a role name, not a permission identifier; this violates ADR-001/ADR-011. Use "{module}.{entity}.{operation}" format (e.g. "platform.org_assignment.read"). Seed the role-to-permission mapping in iam_role_permissions instead.
        [ERROR] platform_org_assignment: PermissionSet entry "role:tenant.admin" is a role name, not a permission identifier; this violates ADR-001/ADR-011. Use "{module}.{entity}.{operation}" format (e.g. "platform.org_assignment.read"). Seed the role-to-permission mapping in iam_role_permissions instead.
        [ERROR] platform_org_assignment: PermissionSet entry "role:platform-admin" is a role name, not a permission identifier; this violates ADR-001/ADR-011. Use "{module}.{entity}.{operation}" format (e.g. "platform.org_assignment.read"). Seed the role-to-permission mapping in iam_role_permissions instead.
        [ERROR] platform_org_assignment: PermissionSet entry "role:tenant.admin" is a role name, not a permission identifier; this violates ADR-001/ADR-011. Use "{module}.{entity}.{operation}" format (e.g. "platform.org_assignment.read"). Seed the role-to-permission mapping in iam_role_permissions instead.
        [ERROR] platform_org_assignment: PermissionSet entry "role:tenant.user" is a role name, not a permission identifier; this violates ADR-001/ADR-011. Use "{module}.{entity}.{operation}" format (e.g. "platform.org_assignment.read"). Seed the role-to-permission mapping in iam_role_permissions instead.
        [ERROR] platform_org_assignment: PermissionSet entry "role:platform-admin" is a role name, not a permission identifier; this violates ADR-001/ADR-011. Use "{module}.{entity}.{operation}" format (e.g. "platform.org_assignment.read"). Seed the role-to-permission mapping in iam_role_permissions instead.
        [ERROR] platform_org_assignment: PermissionSet entry "role:tenant.admin" is a role name, not a permission identifier; this violates ADR-001/ADR-011. Use "{module}.{entity}.{operation}" format (e.g. "platform.org_assignment.read"). Seed the role-to-permission mapping in iam_role_permissions instead.
        [ERROR] platform_org_assignment: PermissionSet entry "role:platform-admin" is a role name, not a permission identifier; this violates ADR-001/ADR-011. Use "{module}.{entity}.{operation}" format (e.g. "platform.org_assignment.read"). Seed the role-to-permission mapping in iam_role_permissions instead.
        [ERROR] platform_org_assignment: PermissionSet entry "role:tenant.admin" is a role name, not a permission identifier; this violates ADR-001/ADR-011. Use "{module}.{entity}.{operation}" format (e.g. "platform.org_assignment.read"). Seed the role-to-permission mapping in iam_role_permissions instead.
        [ERROR] demo_customer: PermissionSet entry "role:tenant.admin" is a role name, not a permission identifier; this violates ADR-001/ADR-011. Use "{module}.{entity}.{operation}" format (e.g. "demo.customer.read"). Seed the role-to-permission mapping in iam_role_permissions instead.
        [ERROR] demo_customer: PermissionSet entry "role:tenant.user" is a role name, not a permission identifier; this violates ADR-001/ADR-011. Use "{module}.{entity}.{operation}" format (e.g. "demo.customer.read"). Seed the role-to-permission mapping in iam_role_permissions instead.
        [ERROR] demo_customer: PermissionSet entry "role:tenant.admin" is a role name, not a permission identifier; this violates ADR-001/ADR-011. Use "{module}.{entity}.{operation}" format (e.g. "demo.customer.read"). Seed the role-to-permission mapping in iam_role_permissions instead.
        [ERROR] demo_customer: PermissionSet entry "role:tenant.user" is a role name, not a permission identifier; this violates ADR-001/ADR-011. Use "{module}.{entity}.{operation}" format (e.g. "demo.customer.read"). Seed the role-to-permission mapping in iam_role_permissions instead.
        [ERROR] demo_customer: PermissionSet entry "role:tenant.admin" is a role name, not a permission identifier; this violates ADR-001/ADR-011. Use "{module}.{entity}.{operation}" format (e.g. "demo.customer.read"). Seed the role-to-permission mapping in iam_role_permissions instead.
        [ERROR] demo_customer: PermissionSet entry "role:tenant.user" is a role name, not a permission identifier; this violates ADR-001/ADR-011. Use "{module}.{entity}.{operation}" format (e.g. "demo.customer.read"). Seed the role-to-permission mapping in iam_role_permissions instead.
        [ERROR] demo_customer: PermissionSet entry "role:tenant.admin" is a role name, not a permission identifier; this violates ADR-001/ADR-011. Use "{module}.{entity}.{operation}" format (e.g. "demo.customer.read"). Seed the role-to-permission mapping in iam_role_permissions instead.
    registry_compiler_test.go:175: diagnostic [ERROR] platform_organization: PermissionSet entry "role:platform-admin" is a role name, not a permission identifier; this violates ADR-001/ADR-011. Use "{module}.{entity}.{operation}" format (e.g. "platform.organization.read"). Seed the role-to-permission mapping in iam_role_permissions instead.
    registry_compiler_test.go:175: diagnostic [ERROR] platform_organization: PermissionSet entry "role:tenant.admin" is a role name, not a permission identifier; this violates ADR-001/ADR-011. Use "{module}.{entity}.{operation}" format (e.g. "platform.organization.read"). Seed the role-to-permission mapping in iam_role_permissions instead.
    registry_compiler_test.go:175: diagnostic [ERROR] platform_organization: PermissionSet entry "role:platform-admin" is a role name, not a permission identifier; this violates ADR-001/ADR-011. Use "{module}.{entity}.{operation}" format (e.g. "platform.organization.read"). Seed the role-to-permission mapping in iam_role_permissions instead.
    registry_compiler_test.go:175: diagnostic [ERROR] platform_organization: PermissionSet entry "role:tenant.admin" is a role name, not a permission identifier; this violates ADR-001/ADR-011. Use "{module}.{entity}.{operation}" format (e.g. "platform.organization.read"). Seed the role-to-permission mapping in iam_role_permissions instead.
    registry_compiler_test.go:175: diagnostic [ERROR] platform_organization: PermissionSet entry "role:tenant.user" is a role name, not a permission identifier; this violates ADR-001/ADR-011. Use "{module}.{entity}.{operation}" format (e.g. "platform.organization.read"). Seed the role-to-permission mapping in iam_role_permissions instead.
    registry_compiler_test.go:175: diagnostic [ERROR] platform_organization: PermissionSet entry "role:platform-admin" is a role name, not a permission identifier; this violates ADR-001/ADR-011. Use "{module}.{entity}.{operation}" format (e.g. "platform.organization.read"). Seed the role-to-permission mapping in iam_role_permissions instead.
    registry_compiler_test.go:175: diagnostic [ERROR] platform_organization: PermissionSet entry "role:tenant.admin" is a role name, not a permission identifier; this violates ADR-001/ADR-011. Use "{module}.{entity}.{operation}" format (e.g. "platform.organization.read"). Seed the role-to-permission mapping in iam_role_permissions instead.
    registry_compiler_test.go:175: diagnostic [ERROR] platform_organization: PermissionSet entry "role:platform-admin" is a role name, not a permission identifier; this violates ADR-001/ADR-011. Use "{module}.{entity}.{operation}" format (e.g. "platform.organization.read"). Seed the role-to-permission mapping in iam_role_permissions instead.
    registry_compiler_test.go:175: diagnostic [ERROR] platform_organization: PermissionSet entry "role:tenant.admin" is a role name, not a permission identifier; this violates ADR-001/ADR-011. Use "{module}.{entity}.{operation}" format (e.g. "platform.organization.read"). Seed the role-to-permission mapping in iam_role_permissions instead.
    registry_compiler_test.go:175: diagnostic [ERROR] platform_org_type: PermissionSet entry "role:platform-admin" is a role name, not a permission identifier; this violates ADR-001/ADR-011. Use "{module}.{entity}.{operation}" format (e.g. "platform.org_type.read"). Seed the role-to-permission mapping in iam_role_permissions instead.
    registry_compiler_test.go:175: diagnostic [ERROR] platform_org_type: PermissionSet entry "role:tenant.admin" is a role name, not a permission identifier; this violates ADR-001/ADR-011. Use "{module}.{entity}.{operation}" format (e.g. "platform.org_type.read"). Seed the role-to-permission mapping in iam_role_permissions instead.
    registry_compiler_test.go:175: diagnostic [ERROR] platform_org_type: PermissionSet entry "role:platform-admin" is a role name, not a permission identifier; this violates ADR-001/ADR-011. Use "{module}.{entity}.{operation}" format (e.g. "platform.org_type.read"). Seed the role-to-permission mapping in iam_role_permissions instead.
    registry_compiler_test.go:175: diagnostic [ERROR] platform_org_type: PermissionSet entry "role:tenant.admin" is a role name, not a permission identifier; this violates ADR-001/ADR-011. Use "{module}.{entity}.{operation}" format (e.g. "platform.org_type.read"). Seed the role-to-permission mapping in iam_role_permissions instead.
    registry_compiler_test.go:175: diagnostic [ERROR] platform_org_type: PermissionSet entry "role:tenant.user" is a role name, not a permission identifier; this violates ADR-001/ADR-011. Use "{module}.{entity}.{operation}" format (e.g. "platform.org_type.read"). Seed the role-to-permission mapping in iam_role_permissions instead.
    registry_compiler_test.go:175: diagnostic [ERROR] platform_org_type: PermissionSet entry "role:platform-admin" is a role name, not a permission identifier; this violates ADR-001/ADR-011. Use "{module}.{entity}.{operation}" format (e.g. "platform.org_type.read"). Seed the role-to-permission mapping in iam_role_permissions instead.
    registry_compiler_test.go:175: diagnostic [ERROR] platform_org_type: PermissionSet entry "role:tenant.admin" is a role name, not a permission identifier; this violates ADR-001/ADR-011. Use "{module}.{entity}.{operation}" format (e.g. "platform.org_type.read"). Seed the role-to-permission mapping in iam_role_permissions instead.
    registry_compiler_test.go:175: diagnostic [ERROR] platform_org_type: PermissionSet entry "role:platform-admin" is a role name, not a permission identifier; this violates ADR-001/ADR-011. Use "{module}.{entity}.{operation}" format (e.g. "platform.org_type.read"). Seed the role-to-permission mapping in iam_role_permissions instead.
    registry_compiler_test.go:175: diagnostic [ERROR] platform_org_type: PermissionSet entry "role:tenant.admin" is a role name, not a permission identifier; this violates ADR-001/ADR-011. Use "{module}.{entity}.{operation}" format (e.g. "platform.org_type.read"). Seed the role-to-permission mapping in iam_role_permissions instead.
    registry_compiler_test.go:175: diagnostic [ERROR] platform_org_assignment: PermissionSet entry "role:platform-admin" is a role name, not a permission identifier; this violates ADR-001/ADR-011. Use "{module}.{entity}.{operation}" format (e.g. "platform.org_assignment.read"). Seed the role-to-permission mapping in iam_role_permissions instead.
    registry_compiler_test.go:175: diagnostic [ERROR] platform_org_assignment: PermissionSet entry "role:tenant.admin" is a role name, not a permission identifier; this violates ADR-001/ADR-011. Use "{module}.{entity}.{operation}" format (e.g. "platform.org_assignment.read"). Seed the role-to-permission mapping in iam_role_permissions instead.
    registry_compiler_test.go:175: diagnostic [ERROR] platform_org_assignment: PermissionSet entry "role:platform-admin" is a role name, not a permission identifier; this violates ADR-001/ADR-011. Use "{module}.{entity}.{operation}" format (e.g. "platform.org_assignment.read"). Seed the role-to-permission mapping in iam_role_permissions instead.
    registry_compiler_test.go:175: diagnostic [ERROR] platform_org_assignment: PermissionSet entry "role:tenant.admin" is a role name, not a permission identifier; this violates ADR-001/ADR-011. Use "{module}.{entity}.{operation}" format (e.g. "platform.org_assignment.read"). Seed the role-to-permission mapping in iam_role_permissions instead.
    registry_compiler_test.go:175: diagnostic [ERROR] platform_org_assignment: PermissionSet entry "role:tenant.user" is a role name, not a permission identifier; this violates ADR-001/ADR-011. Use "{module}.{entity}.{operation}" format (e.g. "platform.org_assignment.read"). Seed the role-to-permission mapping in iam_role_permissions instead.
    registry_compiler_test.go:175: diagnostic [ERROR] platform_org_assignment: PermissionSet entry "role:platform-admin" is a role name, not a permission identifier; this violates ADR-001/ADR-011. Use "{module}.{entity}.{operation}" format (e.g. "platform.org_assignment.read"). Seed the role-to-permission mapping in iam_role_permissions instead.
    registry_compiler_test.go:175: diagnostic [ERROR] platform_org_assignment: PermissionSet entry "role:tenant.admin" is a role name, not a permission identifier; this violates ADR-001/ADR-011. Use "{module}.{entity}.{operation}" format (e.g. "platform.org_assignment.read"). Seed the role-to-permission mapping in iam_role_permissions instead.
    registry_compiler_test.go:175: diagnostic [ERROR] platform_org_assignment: PermissionSet entry "role:platform-admin" is a role name, not a permission identifier; this violates ADR-001/ADR-011. Use "{module}.{entity}.{operation}" format (e.g. "platform.org_assignment.read"). Seed the role-to-permission mapping in iam_role_permissions instead.
    registry_compiler_test.go:175: diagnostic [ERROR] platform_org_assignment: PermissionSet entry "role:tenant.admin" is a role name, not a permission identifier; this violates ADR-001/ADR-011. Use "{module}.{entity}.{operation}" format (e.g. "platform.org_assignment.read"). Seed the role-to-permission mapping in iam_role_permissions instead.
    registry_compiler_test.go:175: diagnostic [ERROR] demo_customer: PermissionSet entry "role:tenant.admin" is a role name, not a permission identifier; this violates ADR-001/ADR-011. Use "{module}.{entity}.{operation}" format (e.g. "demo.customer.read"). Seed the role-to-permission mapping in iam_role_permissions instead.
    registry_compiler_test.go:175: diagnostic [ERROR] demo_customer: PermissionSet entry "role:tenant.user" is a role name, not a permission identifier; this violates ADR-001/ADR-011. Use "{module}.{entity}.{operation}" format (e.g. "demo.customer.read"). Seed the role-to-permission mapping in iam_role_permissions instead.
    registry_compiler_test.go:175: diagnostic [ERROR] demo_customer: PermissionSet entry "role:tenant.admin" is a role name, not a permission identifier; this violates ADR-001/ADR-011. Use "{module}.{entity}.{operation}" format (e.g. "demo.customer.read"). Seed the role-to-permission mapping in iam_role_permissions instead.
    registry_compiler_test.go:175: diagnostic [ERROR] demo_customer: PermissionSet entry "role:tenant.user" is a role name, not a permission identifier; this violates ADR-001/ADR-011. Use "{module}.{entity}.{operation}" format (e.g. "demo.customer.read"). Seed the role-to-permission mapping in iam_role_permissions instead.
    registry_compiler_test.go:175: diagnostic [ERROR] demo_customer: PermissionSet entry "role:tenant.admin" is a role name, not a permission identifier; this violates ADR-001/ADR-011. Use "{module}.{entity}.{operation}" format (e.g. "demo.customer.read"). Seed the role-to-permission mapping in iam_role_permissions instead.
    registry_compiler_test.go:175: diagnostic [ERROR] demo_customer: PermissionSet entry "role:tenant.user" is a role name, not a permission identifier; this violates ADR-001/ADR-011. Use "{module}.{entity}.{operation}" format (e.g. "demo.customer.read"). Seed the role-to-permission mapping in iam_role_permissions instead.
    registry_compiler_test.go:175: diagnostic [ERROR] demo_customer: PermissionSet entry "role:tenant.admin" is a role name, not a permission identifier; this violates ADR-001/ADR-011. Use "{module}.{entity}.{operation}" format (e.g. "demo.customer.read"). Seed the role-to-permission mapping in iam_role_permissions instead.
--- FAIL: TestCompilerFingerprint (0.00s)
    registry_compiler_test.go:187: compile: schema compilation errors:
        [ERROR] platform_organization: PermissionSet entry "role:platform-admin" is a role name, not a permission identifier; this violates ADR-001/ADR-011. Use "{module}.{entity}.{operation}" format (e.g. "platform.organization.read"). Seed the role-to-permission mapping in iam_role_permissions instead.
        [ERROR] platform_organization: PermissionSet entry "role:tenant.admin" is a role name, not a permission identifier; this violates ADR-001/ADR-011. Use "{module}.{entity}.{operation}" format (e.g. "platform.organization.read"). Seed the role-to-permission mapping in iam_role_permissions instead.
        [ERROR] platform_organization: PermissionSet entry "role:platform-admin" is a role name, not a permission identifier; this violates ADR-001/ADR-011. Use "{module}.{entity}.{operation}" format (e.g. "platform.organization.read"). Seed the role-to-permission mapping in iam_role_permissions instead.
        [ERROR] platform_organization: PermissionSet entry "role:tenant.admin" is a role name, not a permission identifier; this violates ADR-001/ADR-011. Use "{module}.{entity}.{operation}" format (e.g. "platform.organization.read"). Seed the role-to-permission mapping in iam_role_permissions instead.
        [ERROR] platform_organization: PermissionSet entry "role:tenant.user" is a role name, not a permission identifier; this violates ADR-001/ADR-011. Use "{module}.{entity}.{operation}" format (e.g. "platform.organization.read"). Seed the role-to-permission mapping in iam_role_permissions instead.
        [ERROR] platform_organization: PermissionSet entry "role:platform-admin" is a role name, not a permission identifier; this violates ADR-001/ADR-011. Use "{module}.{entity}.{operation}" format (e.g. "platform.organization.read"). Seed the role-to-permission mapping in iam_role_permissions instead.
        [ERROR] platform_organization: PermissionSet entry "role:tenant.admin" is a role name, not a permission identifier; this violates ADR-001/ADR-011. Use "{module}.{entity}.{operation}" format (e.g. "platform.organization.read"). Seed the role-to-permission mapping in iam_role_permissions instead.
        [ERROR] platform_organization: PermissionSet entry "role:platform-admin" is a role name, not a permission identifier; this violates ADR-001/ADR-011. Use "{module}.{entity}.{operation}" format (e.g. "platform.organization.read"). Seed the role-to-permission mapping in iam_role_permissions instead.
        [ERROR] platform_organization: PermissionSet entry "role:tenant.admin" is a role name, not a permission identifier; this violates ADR-001/ADR-011. Use "{module}.{entity}.{operation}" format (e.g. "platform.organization.read"). Seed the role-to-permission mapping in iam_role_permissions instead.
        [ERROR] platform_org_type: PermissionSet entry "role:platform-admin" is a role name, not a permission identifier; this violates ADR-001/ADR-011. Use "{module}.{entity}.{operation}" format (e.g. "platform.org_type.read"). Seed the role-to-permission mapping in iam_role_permissions instead.
        [ERROR] platform_org_type: PermissionSet entry "role:tenant.admin" is a role name, not a permission identifier; this violates ADR-001/ADR-011. Use "{module}.{entity}.{operation}" format (e.g. "platform.org_type.read"). Seed the role-to-permission mapping in iam_role_permissions instead.
        [ERROR] platform_org_type: PermissionSet entry "role:platform-admin" is a role name, not a permission identifier; this violates ADR-001/ADR-011. Use "{module}.{entity}.{operation}" format (e.g. "platform.org_type.read"). Seed the role-to-permission mapping in iam_role_permissions instead.
        [ERROR] platform_org_type: PermissionSet entry "role:tenant.admin" is a role name, not a permission identifier; this violates ADR-001/ADR-011. Use "{module}.{entity}.{operation}" format (e.g. "platform.org_type.read"). Seed the role-to-permission mapping in iam_role_permissions instead.
        [ERROR] platform_org_type: PermissionSet entry "role:tenant.user" is a role name, not a permission identifier; this violates ADR-001/ADR-011. Use "{module}.{entity}.{operation}" format (e.g. "platform.org_type.read"). Seed the role-to-permission mapping in iam_role_permissions instead.
        [ERROR] platform_org_type: PermissionSet entry "role:platform-admin" is a role name, not a permission identifier; this violates ADR-001/ADR-011. Use "{module}.{entity}.{operation}" format (e.g. "platform.org_type.read"). Seed the role-to-permission mapping in iam_role_permissions instead.
        [ERROR] platform_org_type: PermissionSet entry "role:tenant.admin" is a role name, not a permission identifier; this violates ADR-001/ADR-011. Use "{module}.{entity}.{operation}" format (e.g. "platform.org_type.read"). Seed the role-to-permission mapping in iam_role_permissions instead.
        [ERROR] platform_org_type: PermissionSet entry "role:platform-admin" is a role name, not a permission identifier; this violates ADR-001/ADR-011. Use "{module}.{entity}.{operation}" format (e.g. "platform.org_type.read"). Seed the role-to-permission mapping in iam_role_permissions instead.
        [ERROR] platform_org_type: PermissionSet entry "role:tenant.admin" is a role name, not a permission identifier; this violates ADR-001/ADR-011. Use "{module}.{entity}.{operation}" format (e.g. "platform.org_type.read"). Seed the role-to-permission mapping in iam_role_permissions instead.
        [ERROR] platform_org_assignment: PermissionSet entry "role:platform-admin" is a role name, not a permission identifier; this violates ADR-001/ADR-011. Use "{module}.{entity}.{operation}" format (e.g. "platform.org_assignment.read"). Seed the role-to-permission mapping in iam_role_permissions instead.
        [ERROR] platform_org_assignment: PermissionSet entry "role:tenant.admin" is a role name, not a permission identifier; this violates ADR-001/ADR-011. Use "{module}.{entity}.{operation}" format (e.g. "platform.org_assignment.read"). Seed the role-to-permission mapping in iam_role_permissions instead.
        [ERROR] platform_org_assignment: PermissionSet entry "role:platform-admin" is a role name, not a permission identifier; this violates ADR-001/ADR-011. Use "{module}.{entity}.{operation}" format (e.g. "platform.org_assignment.read"). Seed the role-to-permission mapping in iam_role_permissions instead.
        [ERROR] platform_org_assignment: PermissionSet entry "role:tenant.admin" is a role name, not a permission identifier; this violates ADR-001/ADR-011. Use "{module}.{entity}.{operation}" format (e.g. "platform.org_assignment.read"). Seed the role-to-permission mapping in iam_role_permissions instead.
        [ERROR] platform_org_assignment: PermissionSet entry "role:tenant.user" is a role name, not a permission identifier; this violates ADR-001/ADR-011. Use "{module}.{entity}.{operation}" format (e.g. "platform.org_assignment.read"). Seed the role-to-permission mapping in iam_role_permissions instead.
        [ERROR] platform_org_assignment: PermissionSet entry "role:platform-admin" is a role name, not a permission identifier; this violates ADR-001/ADR-011. Use "{module}.{entity}.{operation}" format (e.g. "platform.org_assignment.read"). Seed the role-to-permission mapping in iam_role_permissions instead.
        [ERROR] platform_org_assignment: PermissionSet entry "role:tenant.admin" is a role name, not a permission identifier; this violates ADR-001/ADR-011. Use "{module}.{entity}.{operation}" format (e.g. "platform.org_assignment.read"). Seed the role-to-permission mapping in iam_role_permissions instead.
        [ERROR] platform_org_assignment: PermissionSet entry "role:platform-admin" is a role name, not a permission identifier; this violates ADR-001/ADR-011. Use "{module}.{entity}.{operation}" format (e.g. "platform.org_assignment.read"). Seed the role-to-permission mapping in iam_role_permissions instead.
        [ERROR] platform_org_assignment: PermissionSet entry "role:tenant.admin" is a role name, not a permission identifier; this violates ADR-001/ADR-011. Use "{module}.{entity}.{operation}" format (e.g. "platform.org_assignment.read"). Seed the role-to-permission mapping in iam_role_permissions instead.
        [ERROR] demo_customer: PermissionSet entry "role:tenant.admin" is a role name, not a permission identifier; this violates ADR-001/ADR-011. Use "{module}.{entity}.{operation}" format (e.g. "demo.customer.read"). Seed the role-to-permission mapping in iam_role_permissions instead.
        [ERROR] demo_customer: PermissionSet entry "role:tenant.user" is a role name, not a permission identifier; this violates ADR-001/ADR-011. Use "{module}.{entity}.{operation}" format (e.g. "demo.customer.read"). Seed the role-to-permission mapping in iam_role_permissions instead.
        [ERROR] demo_customer: PermissionSet entry "role:tenant.admin" is a role name, not a permission identifier; this violates ADR-001/ADR-011. Use "{module}.{entity}.{operation}" format (e.g. "demo.customer.read"). Seed the role-to-permission mapping in iam_role_permissions instead.
        [ERROR] demo_customer: PermissionSet entry "role:tenant.user" is a role name, not a permission identifier; this violates ADR-001/ADR-011. Use "{module}.{entity}.{operation}" format (e.g. "demo.customer.read"). Seed the role-to-permission mapping in iam_role_permissions instead.
        [ERROR] demo_customer: PermissionSet entry "role:tenant.admin" is a role name, not a permission identifier; this violates ADR-001/ADR-011. Use "{module}.{entity}.{operation}" format (e.g. "demo.customer.read"). Seed the role-to-permission mapping in iam_role_permissions instead.
        [ERROR] demo_customer: PermissionSet entry "role:tenant.user" is a role name, not a permission identifier; this violates ADR-001/ADR-011. Use "{module}.{entity}.{operation}" format (e.g. "demo.customer.read"). Seed the role-to-permission mapping in iam_role_permissions instead.
        [ERROR] demo_customer: PermissionSet entry "role:tenant.admin" is a role name, not a permission identifier; this violates ADR-001/ADR-011. Use "{module}.{entity}.{operation}" format (e.g. "demo.customer.read"). Seed the role-to-permission mapping in iam_role_permissions instead.
--- FAIL: TestCompilerRoutes (0.00s)
    registry_compiler_test.go:213: compile: schema compilation errors:
        [ERROR] platform_organization: PermissionSet entry "role:platform-admin" is a role name, not a permission identifier; this violates ADR-001/ADR-011. Use "{module}.{entity}.{operation}" format (e.g. "platform.organization.read"). Seed the role-to-permission mapping in iam_role_permissions instead.
        [ERROR] platform_organization: PermissionSet entry "role:tenant.admin" is a role name, not a permission identifier; this violates ADR-001/ADR-011. Use "{module}.{entity}.{operation}" format (e.g. "platform.organization.read"). Seed the role-to-permission mapping in iam_role_permissions instead.
        [ERROR] platform_organization: PermissionSet entry "role:platform-admin" is a role name, not a permission identifier; this violates ADR-001/ADR-011. Use "{module}.{entity}.{operation}" format (e.g. "platform.organization.read"). Seed the role-to-permission mapping in iam_role_permissions instead.
        [ERROR] platform_organization: PermissionSet entry "role:tenant.admin" is a role name, not a permission identifier; this violates ADR-001/ADR-011. Use "{module}.{entity}.{operation}" format (e.g. "platform.organization.read"). Seed the role-to-permission mapping in iam_role_permissions instead.
        [ERROR] platform_organization: PermissionSet entry "role:tenant.user" is a role name, not a permission identifier; this violates ADR-001/ADR-011. Use "{module}.{entity}.{operation}" format (e.g. "platform.organization.read"). Seed the role-to-permission mapping in iam_role_permissions instead.
        [ERROR] platform_organization: PermissionSet entry "role:platform-admin" is a role name, not a permission identifier; this violates ADR-001/ADR-011. Use "{module}.{entity}.{operation}" format (e.g. "platform.organization.read"). Seed the role-to-permission mapping in iam_role_permissions instead.
        [ERROR] platform_organization: PermissionSet entry "role:tenant.admin" is a role name, not a permission identifier; this violates ADR-001/ADR-011. Use "{module}.{entity}.{operation}" format (e.g. "platform.organization.read"). Seed the role-to-permission mapping in iam_role_permissions instead.
        [ERROR] platform_organization: PermissionSet entry "role:platform-admin" is a role name, not a permission identifier; this violates ADR-001/ADR-011. Use "{module}.{entity}.{operation}" format (e.g. "platform.organization.read"). Seed the role-to-permission mapping in iam_role_permissions instead.
        [ERROR] platform_organization: PermissionSet entry "role:tenant.admin" is a role name, not a permission identifier; this violates ADR-001/ADR-011. Use "{module}.{entity}.{operation}" format (e.g. "platform.organization.read"). Seed the role-to-permission mapping in iam_role_permissions instead.
        [ERROR] platform_org_type: PermissionSet entry "role:platform-admin" is a role name, not a permission identifier; this violates ADR-001/ADR-011. Use "{module}.{entity}.{operation}" format (e.g. "platform.org_type.read"). Seed the role-to-permission mapping in iam_role_permissions instead.
        [ERROR] platform_org_type: PermissionSet entry "role:tenant.admin" is a role name, not a permission identifier; this violates ADR-001/ADR-011. Use "{module}.{entity}.{operation}" format (e.g. "platform.org_type.read"). Seed the role-to-permission mapping in iam_role_permissions instead.
        [ERROR] platform_org_type: PermissionSet entry "role:platform-admin" is a role name, not a permission identifier; this violates ADR-001/ADR-011. Use "{module}.{entity}.{operation}" format (e.g. "platform.org_type.read"). Seed the role-to-permission mapping in iam_role_permissions instead.
        [ERROR] platform_org_type: PermissionSet entry "role:tenant.admin" is a role name, not a permission identifier; this violates ADR-001/ADR-011. Use "{module}.{entity}.{operation}" format (e.g. "platform.org_type.read"). Seed the role-to-permission mapping in iam_role_permissions instead.
        [ERROR] platform_org_type: PermissionSet entry "role:tenant.user" is a role name, not a permission identifier; this violates ADR-001/ADR-011. Use "{module}.{entity}.{operation}" format (e.g. "platform.org_type.read"). Seed the role-to-permission mapping in iam_role_permissions instead.
        [ERROR] platform_org_type: PermissionSet entry "role:platform-admin" is a role name, not a permission identifier; this violates ADR-001/ADR-011. Use "{module}.{entity}.{operation}" format (e.g. "platform.org_type.read"). Seed the role-to-permission mapping in iam_role_permissions instead.
        [ERROR] platform_org_type: PermissionSet entry "role:tenant.admin" is a role name, not a permission identifier; this violates ADR-001/ADR-011. Use "{module}.{entity}.{operation}" format (e.g. "platform.org_type.read"). Seed the role-to-permission mapping in iam_role_permissions instead.
        [ERROR] platform_org_type: PermissionSet entry "role:platform-admin" is a role name, not a permission identifier; this violates ADR-001/ADR-011. Use "{module}.{entity}.{operation}" format (e.g. "platform.org_type.read"). Seed the role-to-permission mapping in iam_role_permissions instead.
        [ERROR] platform_org_type: PermissionSet entry "role:tenant.admin" is a role name, not a permission identifier; this violates ADR-001/ADR-011. Use "{module}.{entity}.{operation}" format (e.g. "platform.org_type.read"). Seed the role-to-permission mapping in iam_role_permissions instead.
        [ERROR] platform_org_assignment: PermissionSet entry "role:platform-admin" is a role name, not a permission identifier; this violates ADR-001/ADR-011. Use "{module}.{entity}.{operation}" format (e.g. "platform.org_assignment.read"). Seed the role-to-permission mapping in iam_role_permissions instead.
        [ERROR] platform_org_assignment: PermissionSet entry "role:tenant.admin" is a role name, not a permission identifier; this violates ADR-001/ADR-011. Use "{module}.{entity}.{operation}" format (e.g. "platform.org_assignment.read"). Seed the role-to-permission mapping in iam_role_permissions instead.
        [ERROR] platform_org_assignment: PermissionSet entry "role:platform-admin" is a role name, not a permission identifier; this violates ADR-001/ADR-011. Use "{module}.{entity}.{operation}" format (e.g. "platform.org_assignment.read"). Seed the role-to-permission mapping in iam_role_permissions instead.
        [ERROR] platform_org_assignment: PermissionSet entry "role:tenant.admin" is a role name, not a permission identifier; this violates ADR-001/ADR-011. Use "{module}.{entity}.{operation}" format (e.g. "platform.org_assignment.read"). Seed the role-to-permission mapping in iam_role_permissions instead.
        [ERROR] platform_org_assignment: PermissionSet entry "role:tenant.user" is a role name, not a permission identifier; this violates ADR-001/ADR-011. Use "{module}.{entity}.{operation}" format (e.g. "platform.org_assignment.read"). Seed the role-to-permission mapping in iam_role_permissions instead.
        [ERROR] platform_org_assignment: PermissionSet entry "role:platform-admin" is a role name, not a permission identifier; this violates ADR-001/ADR-011. Use "{module}.{entity}.{operation}" format (e.g. "platform.org_assignment.read"). Seed the role-to-permission mapping in iam_role_permissions instead.
        [ERROR] platform_org_assignment: PermissionSet entry "role:tenant.admin" is a role name, not a permission identifier; this violates ADR-001/ADR-011. Use "{module}.{entity}.{operation}" format (e.g. "platform.org_assignment.read"). Seed the role-to-permission mapping in iam_role_permissions instead.
        [ERROR] platform_org_assignment: PermissionSet entry "role:platform-admin" is a role name, not a permission identifier; this violates ADR-001/ADR-011. Use "{module}.{entity}.{operation}" format (e.g. "platform.org_assignment.read"). Seed the role-to-permission mapping in iam_role_permissions instead.
        [ERROR] platform_org_assignment: PermissionSet entry "role:tenant.admin" is a role name, not a permission identifier; this violates ADR-001/ADR-011. Use "{module}.{entity}.{operation}" format (e.g. "platform.org_assignment.read"). Seed the role-to-permission mapping in iam_role_permissions instead.
        [ERROR] demo_customer: PermissionSet entry "role:tenant.admin" is a role name, not a permission identifier; this violates ADR-001/ADR-011. Use "{module}.{entity}.{operation}" format (e.g. "demo.customer.read"). Seed the role-to-permission mapping in iam_role_permissions instead.
        [ERROR] demo_customer: PermissionSet entry "role:tenant.user" is a role name, not a permission identifier; this violates ADR-001/ADR-011. Use "{module}.{entity}.{operation}" format (e.g. "demo.customer.read"). Seed the role-to-permission mapping in iam_role_permissions instead.
        [ERROR] demo_customer: PermissionSet entry "role:tenant.admin" is a role name, not a permission identifier; this violates ADR-001/ADR-011. Use "{module}.{entity}.{operation}" format (e.g. "demo.customer.read"). Seed the role-to-permission mapping in iam_role_permissions instead.
        [ERROR] demo_customer: PermissionSet entry "role:tenant.user" is a role name, not a permission identifier; this violates ADR-001/ADR-011. Use "{module}.{entity}.{operation}" format (e.g. "demo.customer.read"). Seed the role-to-permission mapping in iam_role_permissions instead.
        [ERROR] demo_customer: PermissionSet entry "role:tenant.admin" is a role name, not a permission identifier; this violates ADR-001/ADR-011. Use "{module}.{entity}.{operation}" format (e.g. "demo.customer.read"). Seed the role-to-permission mapping in iam_role_permissions instead.
        [ERROR] demo_customer: PermissionSet entry "role:tenant.user" is a role name, not a permission identifier; this violates ADR-001/ADR-011. Use "{module}.{entity}.{operation}" format (e.g. "demo.customer.read"). Seed the role-to-permission mapping in iam_role_permissions instead.
        [ERROR] demo_customer: PermissionSet entry "role:tenant.admin" is a role name, not a permission identifier; this violates ADR-001/ADR-011. Use "{module}.{entity}.{operation}" format (e.g. "demo.customer.read"). Seed the role-to-permission mapping in iam_role_permissions instead.
FAIL
FAIL	awo.so/awo/tests/integration	0.040s
?   	awo.so/awo/tx	[no test files]
ok  	awo.so/awo/version	(cached)
ok  	awo.so/awo/workflow	0.031s
ok  	awo.so/modules/finance	0.116s
FAIL
