🔍 Scanning directory: output

⚠️  Chinese characters found in: output/ActionSchema.json
13:            "description": "指定按钮类型，支持 button、submit或者reset三种类型。"
18:            "description": "指定为发送 ajax 的行为。"
36:            "description": "指定按钮类型，支持 button、submit或者reset三种类型。"
41:            "description": "指定为打开链接"
59:            "description": "指定按钮类型，支持 button、submit或者reset三种类型。"
64:            "description": "指定为打开链接行为，跟 url 不同的时这个行为为单页模式。"
82:            "description": "指定按钮类型，支持 button、submit或者reset三种类型。"
87:            "description": "指定为打开弹窗"
105:            "description": "指定按钮类型，支持 button、submit或者reset三种类型。"
110:            "description": "指定为打开弹窗，抽出式弹窗"
128:            "description": "指定按钮类型，支持 button、submit或者reset三种类型。"
133:            "description": "指定为打开弹窗，抽出式弹窗"
151:            "description": "指定按钮类型，支持 button、submit或者reset三种类型。"
156:            "description": "指定为复制内容行为"
174:            "description": "指定按钮类型，支持 button、submit或者reset三种类型。"
179:            "description": "指定为刷新目标组件。"
197:            "description": "指定按钮类型，支持 button、submit或者reset三种类型。"
202:            "description": "指定为打开邮箱行为"
220:            "description": "指定按钮类型，支持 button、submit或者reset三种类型。"
252:            "description": "指定按钮类型，支持 button、submit或者reset三种类型。"
------------------------------------
⚠️  Chinese characters found in: output/AjaxActionSchema.json
6:      "description": "组件唯一 id，主要用于页面设计器中定位 json 节点"
10:      "description": "容器 css 类名"
14:      "description": "配合 definitions 一起使用，可以实现无限循环的渲染器。"
18:      "description": "是否禁用"
22:      "description": "是否禁用表达式"
26:      "description": "是否隐藏"
30:      "description": "是否隐藏表达式"
34:      "description": "是否显示"
38:      "description": "是否显示表达式"
42:      "description": "主要用于用户行为跟踪里区分是哪个按钮"
70:      "description": "事件动作配置"
74:      "description": "是否静态展示"
78:      "description": "是否静态展示表达式"
82:      "description": "静态展示空值占位"
86:      "description": "静态展示表单项类名"
90:      "description": "静态展示表单项Label类名"
94:      "description": "静态展示表单项Value类名"
99:      "description": "组件样式"
106:          "description": "组件行为、用途，如 create、update、remove"
110:          "description": "组件名称，通常是业务名称方便定位"
113:          "description": "编辑器假数据，方便展示"
116:      "description": "编辑器配置，运行时可以忽略"
120:      "description": "可以组件级别用来关闭移动端样式"
132:      "description": "指定按钮类型，支持 button、submit或者reset三种类型。"
139:      "description": "是否为块状展示，默认为内联。"
143:      "description": "禁用时的文案提示。"
147:      "description": "按钮图标， iconfont 的类名"
151:      "description": "icon 上的css 类名"
155:      "description": "右侧按钮图标， iconfont 的类名"
159:      "description": "右侧 icon 上的 css 类名"
163:      "description": "loading 上的css 类名"
167:      "description": "按钮文字"
182:      "description": "按钮样式"
195:      "description": "按钮大小"
211:      "description": "提示文字，配置了操作前会要求用户确认。"
218:      "description": "如果按钮在form中，配置此属性会要求用户把指定的字段通过验证后才会触发行为。"
222:      "description": "激活状态时的样式"
226:      "description": "激活状态时的类名"
233:      "description": "如果按钮在弹框中，可以配置这个动作完成后是否关闭弹窗，或者指定关闭目标弹框。"
237:      "description": "当按钮时批量操作按钮时，默认必须有勾选元素才能可点击，如果此属性配置成 false，则没有点选成员也能点击。"
241:      "description": "是否将弹框中数据 merge 到父级作用域。"
245:      "description": "可以指定让谁来触发这个动作。"
249:      "description": "点击后的禁止倒计时（秒）"
253:      "description": "倒计时文字自定义"
257:      "description": "角标"
261:      "description": "键盘快捷键"
265:      "description": "是否显示loading效果"
274:      "description": "自定义事件处理函数"
278:      "description": "子内容"
283:      "description": "指定为发送 ajax 的行为。"
287:      "description": "配置 ajax 发送地址"
303:      "description": "是否开启请求隔离, 主要用于隔离联动CRUD, Service的请求"
------------------------------------
⚠️  Chinese characters found in: output/AlertSchema.json
6:      "description": "组件唯一 id，主要用于页面设计器中定位 json 节点"
10:      "description": "容器 css 类名"
14:      "description": "配合 definitions 一起使用，可以实现无限循环的渲染器。"
18:      "description": "是否禁用"
22:      "description": "是否禁用表达式"
26:      "description": "是否隐藏"
30:      "description": "是否隐藏表达式"
34:      "description": "是否显示"
38:      "description": "是否显示表达式"
42:      "description": "组件唯一 id，主要用于日志采集"
70:      "description": "事件动作配置"
74:      "description": "是否静态展示"
78:      "description": "是否静态展示表达式"
82:      "description": "静态展示空值占位"
86:      "description": "静态展示表单项类名"
90:      "description": "静态展示表单项Label类名"
94:      "description": "静态展示表单项Value类名"
99:      "description": "组件样式"
106:          "description": "组件行为、用途，如 create、update、remove"
110:          "description": "组件名称，通常是业务名称方便定位"
113:          "description": "编辑器假数据，方便展示"
116:      "description": "编辑器配置，运行时可以忽略"
120:      "description": "可以组件级别用来关闭移动端样式"
128:      "description": "指定为提示框类型"
135:      "description": "提示框标题"
139:      "description": "内容区域"
149:      "description": "提示类型"
153:      "description": "是否显示关闭按钮"
157:      "description": "关闭按钮CSS类名"
161:      "description": "是否显示ICON"
165:      "description": "左侧图标"
169:      "description": "图标CSS类名"
173:      "description": "操作区域"
181:  "description": "Alert 提示渲染器。 文档：https://aisuda.bce.baidu.com/amis/zh-CN/components/alert",
------------------------------------
⚠️  Chinese characters found in: output/AnchorNavSchema.json
6:      "description": "组件唯一 id，主要用于页面设计器中定位 json 节点"
10:      "description": "样式名"
14:      "description": "配合 definitions 一起使用，可以实现无限循环的渲染器。"
18:      "description": "是否禁用"
22:      "description": "是否禁用表达式"
26:      "description": "是否隐藏"
30:      "description": "是否隐藏表达式"
34:      "description": "是否显示"
38:      "description": "是否显示表达式"
42:      "description": "组件唯一 id，主要用于日志采集"
70:      "description": "事件动作配置"
74:      "description": "是否静态展示"
78:      "description": "是否静态展示表达式"
82:      "description": "静态展示空值占位"
86:      "description": "静态展示表单项类名"
90:      "description": "静态展示表单项Label类名"
94:      "description": "静态展示表单项Value类名"
99:      "description": "组件样式"
106:          "description": "组件行为、用途，如 create、update、remove"
110:          "description": "组件名称，通常是业务名称方便定位"
113:          "description": "编辑器假数据，方便展示"
116:      "description": "编辑器配置，运行时可以忽略"
120:      "description": "可以组件级别用来关闭移动端样式"
128:      "description": "指定为 AnchorNav 锚点导航渲染器"
138:      "description": "楼层集合"
145:      "description": "被激活（定位）的楼层"
149:      "description": "导航样式名"
153:      "description": "楼层样式名"
168:  "description": "AnchorNav 锚点导航渲染器 文档：https://aisuda.bce.baidu.com/amis/zh-CN/components/anchor-nav",
------------------------------------
⚠️  Chinese characters found in: output/AnchorNavSectionSchema.json
10:      "description": "组件唯一 id，主要用于页面设计器中定位 json 节点"
14:      "description": "容器 css 类名"
18:      "description": "配合 definitions 一起使用，可以实现无限循环的渲染器。"
22:      "description": "是否禁用"
26:      "description": "是否禁用表达式"
30:      "description": "是否隐藏"
34:      "description": "是否隐藏表达式"
38:      "description": "是否显示"
42:      "description": "是否显示表达式"
46:      "description": "组件唯一 id，主要用于日志采集"
74:      "description": "事件动作配置"
78:      "description": "是否静态展示"
82:      "description": "是否静态展示表达式"
86:      "description": "静态展示空值占位"
90:      "description": "静态展示表单项类名"
94:      "description": "静态展示表单项Label类名"
98:      "description": "静态展示表单项Value类名"
103:      "description": "组件样式"
110:          "description": "组件行为、用途，如 create、update、remove"
114:          "description": "组件名称，通常是业务名称方便定位"
117:          "description": "编辑器假数据，方便展示"
120:      "description": "编辑器配置，运行时可以忽略"
124:      "description": "可以组件级别用来关闭移动端样式"
131:      "description": "导航文字说明"
135:      "description": "锚点链接"
139:      "description": "内容"
146:      "description": "子节点"
152:  "description": "AnchorNavSection 锚点区域渲染器 文档：https://aisuda.bce.baidu.com/amis/zh-CN/components/anchor-nav",
------------------------------------
⚠️  Chinese characters found in: output/ArrayControlSchema.json
5:      "description": "新增成员时的默认值"
9:      "description": "是否含有边框"
13:      "description": "确认删除时的提示"
17:      "description": "删除时调用的api"
21:      "description": "是否可切换条件，配合`conditions`使用"
25:      "description": "内部单组表单项的类名"
29:      "description": "新增按钮CSS类名"
33:      "description": "新增按钮文字"
37:      "description": "是否可新增"
45:      "description": "是否可拖拽排序"
49:      "description": "可拖拽排序的提示信息。"
53:      "description": "是否将结果扁平化(去掉name),只有当controls的length为1且multiple为true的时候才有效"
57:      "description": "当扁平化开启并且joinValues为true时，用什么分隔符"
61:      "description": "当扁平化开启的时候，是否用分隔符的形式发送给后端，否则采用array的方式"
72:      "description": "限制最大个数"
83:      "description": "限制最小个数"
87:      "description": "是否多行模式，默认一行展示完"
91:      "description": "是否可多选"
95:      "description": "是否可删除"
104:      "description": "子表单的模式。"
108:      "description": "如果是水平排版，这个属性可以细化水平排版的左右宽度占比。"
112:      "description": "没有成员时显示。"
116:      "description": "是否可以访问父级数据，正常 combo 已经关联到数组成员，是不能访问父级数据的。"
120:      "description": "采用 Tabs 展示方式？"
130:      "description": "Tabs 的展示模式。"
134:      "description": "选项卡标题的生成模板。"
138:      "description": "数据比较多，比较卡时，可以试试开启。"
142:      "description": "严格模式，为了性能默认不开的。"
149:      "description": "配置同步字段。只有 `strictMode` 为 `false` 时有效。 如果 Combo 层级比较深，底层的获取外层的数据可能不同步。 但是给 combo 配置这个属性就能同步下来。输入格式：`[\"os\"]`"
153:      "description": "允许为空，如果子表单项里面配置验证器，且又是单条模式。可以允许用户选择清空（不填）。"
160:          "description": "验证错误提示"
164:          "description": "最小值验证错误提示"
168:          "description": "最大值验证错误提示"
172:      "description": "提示信息"
182:      "description": "显示一个小图标, 鼠标放上去的时候显示提示内容"
186:      "description": "显示一个小图标, 鼠标放上去的时候显示提示内容, 这个小图标跟 label 在一起"
197:      "description": "表单项大小"
209:      "description": "描述标题"
213:      "description": "描述标题"
220:      "description": "label自定义宽度，默认单位为px"
224:      "description": "配置 label className"
228:      "description": "字段名，表单提交时的 key，支持多层级，用.连接，如： a.b.c"
232:      "description": "额外的字段名，当为范围组件时可以用来将另外一个值打平出来"
236:      "description": "输入提示，聚焦的时候显示"
240:      "description": "当修改完的时候是否提交表单。"
244:      "description": "是否只读"
248:      "description": "只读条件"
252:      "description": "不设置时，当表单提交过后表单项每次修改都会触发重新验证， 如果设置了，则由此配置项来决定要不要每次修改都触发验证。"
256:      "description": "描述内容，支持 Html 片段。"
263:      "description": "配置描述上的 className"
272:      "description": "配置当前表单项展示模式"
276:      "description": "当配置为水平布局的时候，用来配置具体的左右分配。"
280:      "description": "表单 control 是否为 inline 模式。"
284:      "description": "配置 input className"
288:      "description": "是否为必填"
387:      "description": "验证失败的提示信息"
399:              "description": "是否是字母"
403:              "description": "是否为字母数字"
407:              "description": "是否为邮箱地址"
411:              "description": "是否为浮点型"
415:              "description": "是否为整型"
419:              "description": "是否为 json"
423:              "description": "长度等于指定值"
427:              "description": "是否为数字"
431:              "description": "是否为必填"
435:              "description": "是否为 URL 地址"
439:              "description": "内容命中指定正则"
443:              "description": "内容命中指定正则"
447:              "description": "内容命中指定正则"
451:              "description": "内容命中指定正则"
455:              "description": "内容命中指定正则"
459:              "description": "内容命中指定正则"
463:              "description": "最大长度为指定值"
467:              "description": "最大值为指定值"
471:              "description": "最小长度为指定值"
475:              "description": "最小值为指定值"
489:              "description": "和目标日期相同，支持指定粒度，默认到毫秒"
503:              "description": "早于目标日期，支持指定粒度，默认到毫秒"
517:              "description": "晚于目标日期，支持指定粒度，默认到毫秒"
531:              "description": "早于目标日期或和目标日期相同，支持指定粒度，默认到毫秒"
545:              "description": "晚于目标日期或和目标日期相同，支持指定粒度，默认到毫秒"
559:              "description": "日期处于目标日期范围，支持指定粒度和区间的开闭形式，默认到毫秒, 左右开区间"
573:              "description": "和目标时间相同，支持指定粒度，默认到毫秒"
587:              "description": "早于目标时间，支持指定粒度，默认到毫秒"
601:              "description": "晚于目标时间，支持指定粒度，默认到毫秒"
615:              "description": "早于目标时间或和目标时间相同，支持指定粒度，默认到毫秒"
629:              "description": "晚于目标时间或和目标时间相同，支持指定粒度，默认到毫秒"
643:              "description": "时间处于目标时间范围，支持指定粒度和区间的开闭形式，默认到毫秒, 左右开区间"
650:      "description": "默认值，切记只能是静态值，不支持取变量，跟数据关联是通过设置 name 属性来实现的。"
654:      "description": "表单项隐藏时，是否在当前 Form 中删除掉该表单项值。注意同名的未隐藏的表单项值也会删掉"
665:      "description": "远端校验表单项接口"
680:              "description": "是否为参照录入模式，参照录入会展示候选值供用户选择，而不是直接填充。"
683:              "description": "参照录入时，默认选中的值"
694:              "description": "自动填充 api"
698:              "description": "是否展示数据格式错误提示，默认为不展示",
703:              "description": "填充时的数据映射"
712:              "description": "触发条件，默认为 change"
721:              "description": "弹窗方式，当为参照录入时用可以配置"
725:              "description": "当参照录入为抽屉时可以配置弹出位置"
729:              "description": "当为参照录入时可以配置弹出容器的大小"
734:              "description": "参照录入展示的项"
737:              "description": "参照录入时的过滤条件"
743:      "description": "自动填充，当选项被选择的时候，将选项中的其他值同步设置到表单内。"
761:      "description": "组件唯一 id，主要用于页面设计器中定位 json 节点"
765:      "description": "容器 css 类名"
769:      "description": "配合 definitions 一起使用，可以实现无限循环的渲染器。"
773:      "description": "是否禁用"
777:      "description": "是否禁用表达式"
781:      "description": "是否隐藏"
785:      "description": "是否隐藏表达式"
789:      "description": "是否显示"
793:      "description": "是否显示表达式"
797:      "description": "组件唯一 id，主要用于日志采集"
825:      "description": "事件动作配置"
829:      "description": "是否静态展示"
833:      "description": "是否静态展示表达式"
837:      "description": "静态展示空值占位"
841:      "description": "静态展示表单项类名"
845:      "description": "静态展示表单项Label类名"
849:      "description": "静态展示表单项Value类名"
854:      "description": "组件样式"
861:          "description": "组件行为、用途，如 create、update、remove"
865:          "description": "组件名称，通常是业务名称方便定位"
868:          "description": "编辑器假数据，方便展示"
871:      "description": "编辑器配置，运行时可以忽略"
875:      "description": "可以组件级别用来关闭移动端样式"
880:      "description": "指定为数组输入框类型"
884:      "description": "成员渲染器配置"
892:  "description": "InputArray 数组输入框。 combo 的别名。 文档：https://aisuda.bce.baidu.com/amis/zh-CN/components/form/array",
------------------------------------
⚠️  Chinese characters found in: output/AudioSchema.json
6:      "description": "组件唯一 id，主要用于页面设计器中定位 json 节点"
10:      "description": "容器 css 类名"
14:      "description": "配合 definitions 一起使用，可以实现无限循环的渲染器。"
18:      "description": "是否禁用"
22:      "description": "是否禁用表达式"
26:      "description": "是否隐藏"
30:      "description": "是否隐藏表达式"
34:      "description": "是否显示"
38:      "description": "是否显示表达式"
42:      "description": "组件唯一 id，主要用于日志采集"
70:      "description": "事件动作配置"
74:      "description": "是否静态展示"
78:      "description": "是否静态展示表达式"
82:      "description": "静态展示空值占位"
86:      "description": "静态展示表单项类名"
90:      "description": "静态展示表单项Label类名"
94:      "description": "静态展示表单项Value类名"
99:      "description": "组件样式"
106:          "description": "组件行为、用途，如 create、update、remove"
110:          "description": "组件名称，通常是业务名称方便定位"
113:          "description": "编辑器假数据，方便展示"
116:      "description": "编辑器配置，运行时可以忽略"
120:      "description": "可以组件级别用来关闭移动端样式"
128:      "description": "指定为音频播放器"
135:      "description": "是否是内联模式"
139:      "description": "\"视频播放地址, 支持 $ 取变量。"
143:      "description": "是否循环播放"
147:      "description": "是否自动播放"
154:      "description": "配置可选播放倍速"
168:      "description": "可以配置控制器"
175:  "description": "Audio 音频渲染器。 文档：https://aisuda.bce.baidu.com/amis/zh-CN/components/audio",
------------------------------------
⚠️  Chinese characters found in: output/AutoGenerateFilterObject.json
6:      "description": "过滤条件单行列数"
10:      "description": "是否显示设置查询字段"
14:      "description": "是否默认收起",
------------------------------------
⚠️  Chinese characters found in: output/AvatarSchema.json
6:      "description": "组件唯一 id，主要用于页面设计器中定位 json 节点"
10:      "description": "类名"
14:      "description": "配合 definitions 一起使用，可以实现无限循环的渲染器。"
18:      "description": "是否禁用"
22:      "description": "是否禁用表达式"
26:      "description": "是否隐藏"
30:      "description": "是否隐藏表达式"
34:      "description": "是否显示"
38:      "description": "是否显示表达式"
42:      "description": "组件唯一 id，主要用于日志采集"
70:      "description": "事件动作配置"
74:      "description": "是否静态展示"
78:      "description": "是否静态展示表达式"
82:      "description": "静态展示空值占位"
86:      "description": "静态展示表单项类名"
90:      "description": "静态展示表单项Label类名"
94:      "description": "静态展示表单项Value类名"
99:      "description": "自定义样式"
106:          "description": "组件行为、用途，如 create、update、remove"
110:          "description": "组件名称，通常是业务名称方便定位"
113:          "description": "编辑器假数据，方便展示"
116:      "description": "编辑器配置，运行时可以忽略"
120:      "description": "可以组件级别用来关闭移动端样式"
134:      "description": "角标"
138:      "description": "图片地址"
142:      "description": "默认头像"
146:      "description": "图标"
157:      "description": "图片相对于容器的缩放方式"
166:      "description": "形状"
186:      "description": "大小"
190:      "description": "文本"
194:      "description": "字符类型距离左右两侧边界单位像素"
198:      "description": "图片无法显示时的替换文字地址"
202:      "description": "图片是否允许拖动"
211:      "description": "图片CORS属性"
215:      "description": "图片加载失败的是否默认处理，字符串函数"
------------------------------------
⚠️  Chinese characters found in: output/BadgeObject.json
12:      "description": "文本内容"
16:      "description": "大小"
25:      "description": "角标类型"
37:      "description": "角标位置，相对于position的位置进行偏移"
47:      "description": "角标位置"
51:      "description": "封顶的数字值"
55:      "description": "动态控制是否显示"
59:      "description": "是否显示动画"
63:      "description": "角标的自定义样式"
67:      "description": "提示类型"
71:  "description": "Badge 角标。 文档：https://aisuda.bce.baidu.com/amis/zh-CN/components/badge",
------------------------------------
⚠️  Chinese characters found in: output/BaseApiObject.json
15:      "description": "API 发送类型"
19:      "description": "API 发送目标地址"
23:      "description": "用来控制携带数据. 当key 为 `&` 值为 `$$` 时, 将所有原始数据打平设置到 data 中. 当值为 $$ 将所有原始数据赋值到对应的 key 中. 当值为 $ 打头时, 将变量值设置到 key 中."
27:      "description": "默认数据映射中的key如果带点，或者带大括号，会转成对象比如：\n\n{   'a.b': '123' }\n\n经过数据映射后变成 {  a: {   b: '123  } }\n\n如果想要关闭此功能，请设置 convertKeyToPath 为 false"
31:      "description": "用来做接口返回的数据映射。"
35:      "description": "如果 method 为 get 的接口，设置了 data 信息。 默认 data 会自动附带在 query 里面发送给后端。\n\n如果想通过 body 发送给后端，那么请把这个配置成 false。\n\n但是，浏览器还不支持啊，设置了只是摆设。除非服务端支持 method-override"
44:      "description": "发送体的格式"
49:      "description": "如果是文件下载接口，请配置这个。"
59:      "description": "携带 headers，用法和 data 一样，可以用变量。"
63:      "description": "设置发送条件"
67:      "description": "默认都是追加模式，如果想完全替换把这个配置成 true"
81:      "description": "是否将两次返回的数据字段，做一个合并。配置返回对象中的字段名，支持配置多个。\n\n比如：同时返回 log 字段，第一次返回 {log: '1'}，第二次返回 {log: '2'}，合并后的结果是 {log: ['1', '2']]} 再比如：同时返回 items 字段，第一次返回 {items: [1, 2]}，第二次返回 {items: [3, 4]}，合并后的结果是 {items: [1, 2, 3, 4]}"
85:      "description": "是否自动刷新，当 url 中的取值结果变化时，自动刷新数据。",
90:      "description": "当开启自动刷新的时候，默认是 api 的 url 来自动跟踪变量变化的。 如果你希望监控 url 外的变量，请配置 trackExpression。"
94:      "description": "如果设置了值，同一个接口，相同参数，指定的时间（单位：ms）内请求将直接走缓存。"
98:      "description": "强制将数据附加在 query，默认只有 api 地址中没有用变量的时候 crud 查询接口才会 自动附加数据到 query 部分，如果想强制附加请设置这个属性。 对于那种临时加了个变量但是又不想全部参数写一遍的时候配置很有用。"
120:      "description": "qs 配置项"
124:      "description": "autoFill 是否显示自动填充错误提示"
137:      "description": "提示信息"
------------------------------------
⚠️  Chinese characters found in: output/ButtonGroupControlSchema.json
22:      "description": "选项集合"
33:      "description": "可用来通过 API 拉取 options。"
37:      "description": "默认选择选项第一个值。"
41:      "description": "用表达式来配置 source 接口初始要不要拉取"
45:      "description": "配置 source 接口初始拉不拉取。"
49:      "description": "是否为多选模式"
53:      "description": "单选模式：当用户选中某个选项时，选项中的 value 将被作为该表单项的值提交，否则，整个选项对象都会作为该表单项的值提交。 多选模式：选中的多个选项的 `value` 会通过 `delimiter` 连接起来，否则直接将以数组的形式提交值。"
57:      "description": "分割符"
61:      "description": "多选模式，值太多时是否避免折行"
65:      "description": "开启后将选中的选项 value 的值封装为数组，作为当前表单项的值。"
69:      "description": "是否可清除。"
73:      "description": "点清除按钮时，将表单项设置成当前配置的值。",
78:      "description": "懒加载字段"
89:      "description": "延时加载的 API，当选项中有 defer: true 的选项时，点开会通过此接口扩充。"
100:      "description": "添加时调用的接口"
107:      "description": "新增时的表单项。"
111:      "description": "控制新增弹框设置项"
115:      "description": "是否可以新增"
119:      "description": "新增文字"
123:      "description": "是否可以编辑"
134:      "description": "编辑时调用的 API"
141:      "description": "选项修改的表单项"
145:      "description": "控制编辑弹框设置项"
149:      "description": "是否可删除"
160:      "description": "选项删除 API"
164:      "description": "选项删除提示文字。"
176:      "description": "描述标题"
180:      "description": "描述标题"
187:      "description": "label自定义宽度，默认单位为px"
191:      "description": "配置 label className"
195:      "description": "字段名，表单提交时的 key，支持多层级，用.连接，如： a.b.c"
199:      "description": "额外的字段名，当为范围组件时可以用来将另外一个值打平出来"
202:      "description": "显示一个小图标, 鼠标放上去的时候显示提示内容"
205:      "description": "显示一个小图标, 鼠标放上去的时候显示提示内容, 这个小图标跟 label 在一起"
209:      "description": "输入提示，聚焦的时候显示"
213:      "description": "当修改完的时候是否提交表单。"
217:      "description": "是否只读"
221:      "description": "只读条件"
225:      "description": "不设置时，当表单提交过后表单项每次修改都会触发重新验证， 如果设置了，则由此配置项来决定要不要每次修改都触发验证。"
229:      "description": "描述内容，支持 Html 片段。"
236:      "description": "配置描述上的 className"
245:      "description": "配置当前表单项展示模式"
249:      "description": "当配置为水平布局的时候，用来配置具体的左右分配。"
253:      "description": "表单 control 是否为 inline 模式。"
257:      "description": "配置 input className"
261:      "description": "占位符"
265:      "description": "是否为必填"
364:      "description": "验证失败的提示信息"
376:              "description": "是否是字母"
380:              "description": "是否为字母数字"
384:              "description": "是否为邮箱地址"
388:              "description": "是否为浮点型"
392:              "description": "是否为整型"
396:              "description": "是否为 json"
400:              "description": "长度等于指定值"
404:              "description": "是否为数字"
408:              "description": "是否为必填"
412:              "description": "是否为 URL 地址"
416:              "description": "内容命中指定正则"
420:              "description": "内容命中指定正则"
424:              "description": "内容命中指定正则"
428:              "description": "内容命中指定正则"
432:              "description": "内容命中指定正则"
436:              "description": "内容命中指定正则"
440:              "description": "最大长度为指定值"
444:              "description": "最大值为指定值"
448:              "description": "最小长度为指定值"
452:              "description": "最小值为指定值"
466:              "description": "和目标日期相同，支持指定粒度，默认到毫秒"
480:              "description": "早于目标日期，支持指定粒度，默认到毫秒"
494:              "description": "晚于目标日期，支持指定粒度，默认到毫秒"
508:              "description": "早于目标日期或和目标日期相同，支持指定粒度，默认到毫秒"
522:              "description": "晚于目标日期或和目标日期相同，支持指定粒度，默认到毫秒"
536:              "description": "日期处于目标日期范围，支持指定粒度和区间的开闭形式，默认到毫秒, 左右开区间"
550:              "description": "和目标时间相同，支持指定粒度，默认到毫秒"
564:              "description": "早于目标时间，支持指定粒度，默认到毫秒"
578:              "description": "晚于目标时间，支持指定粒度，默认到毫秒"
592:              "description": "早于目标时间或和目标时间相同，支持指定粒度，默认到毫秒"
606:              "description": "晚于目标时间或和目标时间相同，支持指定粒度，默认到毫秒"
620:              "description": "时间处于目标时间范围，支持指定粒度和区间的开闭形式，默认到毫秒, 左右开区间"
627:      "description": "默认值，切记只能是静态值，不支持取变量，跟数据关联是通过设置 name 属性来实现的。"
631:      "description": "表单项隐藏时，是否在当前 Form 中删除掉该表单项值。注意同名的未隐藏的表单项值也会删掉"
642:      "description": "远端校验表单项接口"
657:              "description": "是否为参照录入模式，参照录入会展示候选值供用户选择，而不是直接填充。"
660:              "description": "参照录入时，默认选中的值"
671:              "description": "自动填充 api"
675:              "description": "是否展示数据格式错误提示，默认为不展示",
680:              "description": "填充时的数据映射"
689:              "description": "触发条件，默认为 change"
698:              "description": "弹窗方式，当为参照录入时用可以配置"
702:              "description": "当参照录入为抽屉时可以配置弹出位置"
706:              "description": "当为参照录入时可以配置弹出容器的大小"
711:              "description": "参照录入展示的项"
714:              "description": "参照录入时的过滤条件"
720:      "description": "自动填充，当选项被选择的时候，将选项中的其他值同步设置到表单内。"
738:      "description": "组件唯一 id，主要用于页面设计器中定位 json 节点"
742:      "description": "容器 css 类名"
746:      "description": "配合 definitions 一起使用，可以实现无限循环的渲染器。"
750:      "description": "是否为禁用状态。"
754:      "description": "通过 JS 表达式来配置当前表单项的禁用状态。"
758:      "description": "是否隐藏"
762:      "description": "是否隐藏表达式"
766:      "description": "是否显示"
770:      "description": "通过 JS 表达式来配置当前表单项是否显示"
774:      "description": "组件唯一 id，主要用于日志采集"
802:      "description": "事件动作配置"
806:      "description": "是否静态展示"
810:      "description": "是否静态展示表达式"
814:      "description": "静态展示空值占位"
818:      "description": "静态展示表单项类名"
822:      "description": "静态展示表单项Label类名"
826:      "description": "静态展示表单项Value类名"
831:      "description": "组件样式"
838:          "description": "组件行为、用途，如 create、update、remove"
842:          "description": "组件名称，通常是业务名称方便定位"
845:          "description": "编辑器假数据，方便展示"
848:      "description": "编辑器配置，运行时可以忽略"
852:      "description": "可以组件级别用来关闭移动端样式"
868:      "description": "按钮集合"
872:      "description": "按钮样式级别"
876:      "description": "按钮选中的样式级别"
880:      "description": "垂直展示？"
884:      "description": "平铺展示？"
894:      "description": "按钮大小"
909:  "description": "按钮组控件。 文档：https://aisuda.bce.baidu.com/amis/zh-CN/components/form/button-group",
------------------------------------
⚠️  Chinese characters found in: output/ButtonGroupSchema.json
6:      "description": "组件唯一 id，主要用于页面设计器中定位 json 节点"
10:      "description": "容器 css 类名"
14:      "description": "配合 definitions 一起使用，可以实现无限循环的渲染器。"
18:      "description": "是否为禁用状态。"
22:      "description": "通过 JS 表达式来配置当前表单项的禁用状态。"
26:      "description": "是否隐藏"
30:      "description": "是否隐藏表达式"
34:      "description": "是否显示"
38:      "description": "通过 JS 表达式来配置当前表单项是否显示"
42:      "description": "组件唯一 id，主要用于日志采集"
70:      "description": "事件动作配置"
74:      "description": "是否静态展示"
78:      "description": "是否静态展示表达式"
82:      "description": "静态展示空值占位"
86:      "description": "静态展示表单项类名"
90:      "description": "静态展示表单项Label类名"
94:      "description": "静态展示表单项Value类名"
99:      "description": "组件样式"
106:          "description": "组件行为、用途，如 create、update、remove"
110:          "description": "组件名称，通常是业务名称方便定位"
113:          "description": "编辑器假数据，方便展示"
116:      "description": "编辑器配置，运行时可以忽略"
120:      "description": "可以组件级别用来关闭移动端样式"
128:      "description": "指定为提交按钮类型"
144:      "description": "按钮集合"
148:      "description": "按钮样式级别"
152:      "description": "按钮选中的样式级别"
156:      "description": "垂直展示？"
160:      "description": "平铺展示？"
170:      "description": "按钮大小"
178:  "description": "Button Group 渲染器。 文档：https://aisuda.bce.baidu.com/amis/zh-CN/components/button-group",
------------------------------------
⚠️  Chinese characters found in: output/ButtonToolbarSchema.json
6:      "description": "组件唯一 id，主要用于页面设计器中定位 json 节点"
10:      "description": "容器 css 类名"
14:      "description": "配合 definitions 一起使用，可以实现无限循环的渲染器。"
18:      "description": "是否禁用"
22:      "description": "是否禁用表达式"
26:      "description": "是否隐藏"
30:      "description": "是否隐藏表达式"
34:      "description": "是否显示"
38:      "description": "是否显示表达式"
42:      "description": "组件唯一 id，主要用于日志采集"
70:      "description": "事件动作配置"
74:      "description": "是否静态展示"
78:      "description": "是否静态展示表达式"
82:      "description": "静态展示空值占位"
86:      "description": "静态展示表单项类名"
90:      "description": "静态展示表单项Label类名"
94:      "description": "静态展示表单项Value类名"
99:      "description": "组件样式"
106:          "description": "组件行为、用途，如 create、update、remove"
110:          "description": "组件名称，通常是业务名称方便定位"
113:          "description": "编辑器假数据，方便展示"
116:      "description": "编辑器配置，运行时可以忽略"
120:      "description": "可以组件级别用来关闭移动端样式"
128:      "description": "指定为按钮工具集合类型"
145:  "description": "Button Toolar 渲染器。 文档：https://aisuda.bce.baidu.com/amis/zh-CN/components/button-toolbar",
------------------------------------
⚠️  Chinese characters found in: output/CRUD2CardsSchema.json
13:              "description": "指定为 card 类型"
23:                  "description": "标题"
30:                  "description": "副标题"
40:                  "description": "描述"
44:                  "description": "描述占位内容"
48:                  "description": "描述占位类名"
61:                  "description": "图片地址"
88:                  "description": "图片包括层类名"
92:                  "description": "图片类名。"
96:                  "description": "是否点亮"
103:                  "description": "链接地址"
107:                  "description": "是否新窗口打开"
111:              "description": "头部配置"
118:              "description": "内容区域"
132:                  "description": "多媒体类型"
136:                  "description": "多媒体链接地址"
146:                  "description": "多媒体区域位置"
150:                  "description": "类型为video时是否自动播放"
154:                  "description": "类型为video时是否是直播"
158:                  "description": "类型为video时视频封面"
162:              "description": "多媒体区域"
169:              "description": "底部按钮集合。"
176:              "description": "工具栏按钮"
180:              "description": "次要说明"
184:              "description": "卡片内容区的表单项label是否使用Card内部的样式，默认为true"
191:              "description": "组件唯一 id，主要用于页面设计器中定位 json 节点"
195:              "description": "容器 css 类名"
199:              "description": "配合 definitions 一起使用，可以实现无限循环的渲染器。"
203:              "description": "是否禁用"
207:              "description": "是否禁用表达式"
211:              "description": "是否隐藏"
215:              "description": "是否隐藏表达式"
219:              "description": "是否显示"
223:              "description": "是否显示表达式"
227:              "description": "组件唯一 id，主要用于日志采集"
255:              "description": "事件动作配置"
259:              "description": "是否静态展示"
263:              "description": "是否静态展示表达式"
267:              "description": "静态展示空值占位"
271:              "description": "静态展示表单项类名"
275:              "description": "静态展示表单项Label类名"
279:              "description": "静态展示表单项Value类名"
284:              "description": "组件样式"
291:                  "description": "组件行为、用途，如 create、update、remove"
295:                  "description": "组件名称，通常是业务名称方便定位"
298:                  "description": "编辑器假数据，方便展示"
301:              "description": "编辑器配置，运行时可以忽略"
305:              "description": "可以组件级别用来关闭移动端样式"
320:      "description": "头部 CSS 类名"
324:      "description": "底部 CSS 类名"
328:      "description": "卡片 CSS 类名"
332:      "description": "无数据提示"
336:      "description": "是否显示底部"
340:      "description": "是否显示头部"
344:      "description": "也可以直接从环境变量中读取，但是不太推荐。"
348:      "description": "标题"
352:      "description": "是否隐藏勾选框"
356:      "description": "是否固顶"
360:      "description": "是否固底"
364:      "description": "顶部区域"
368:      "description": "底部区域"
372:      "description": "配置某项是否可以点选"
376:      "description": "配置某项是否可拖拽排序，前提是要开启拖拽功能"
380:      "description": "点击卡片的时候是否勾选卡片。"
384:      "description": "是否为瀑布流布局？"
388:      "description": "可以用来作为值的字段"
395:      "description": "组件唯一 id，主要用于页面设计器中定位 json 节点"
399:      "description": "容器 css 类名"
403:      "description": "配合 definitions 一起使用，可以实现无限循环的渲染器。"
407:      "description": "是否禁用"
411:      "description": "是否禁用表达式"
415:      "description": "是否隐藏"
419:      "description": "是否隐藏表达式"
423:      "description": "是否显示"
427:      "description": "是否显示表达式"
431:      "description": "组件唯一 id，主要用于日志采集"
459:      "description": "事件动作配置"
463:      "description": "是否静态展示"
467:      "description": "是否静态展示表达式"
471:      "description": "静态展示空值占位"
475:      "description": "静态展示表单项类名"
479:      "description": "静态展示表单项Label类名"
483:      "description": "静态展示表单项Value类名"
488:      "description": "组件样式"
495:          "description": "组件行为、用途，如 create、update、remove"
499:          "description": "组件名称，通常是业务名称方便定位"
502:          "description": "编辑器假数据，方便展示"
505:      "description": "编辑器配置，运行时可以忽略"
509:      "description": "可以组件级别用来关闭移动端样式"
528:      "description": "指定内容区的展示模式。",
534:      "description": "指定为 CRUD2 渲染器。"
538:      "description": "初始化数据 API"
542:      "description": "静默拉取"
546:      "description": "设置自动刷新时间"
557:      "description": "数据展示模式 无限加载 or 分页"
561:      "description": "无限加载时，根据此项设置其每页加载数量，可以不限制"
565:      "description": "是否为前端单次加载模式，可以用来实现前端分页。"
569:      "description": "是否可以选择数据，外部事件动作"
573:      "description": "是否可以多选数据，仅当selectable为 true 时生效"
577:      "description": "是否展示已选数据区域，仅当selectable为 true 时生效"
581:      "description": "快速编辑后用来批量保存的 API"
585:      "description": "快速编辑配置成及时保存时使用的 API"
589:      "description": "保存排序的 api"
593:      "description": "是否将过滤条件的参数同步到地址栏,默认为true",
598:      "description": "设置分页页码字段名。"
602:      "description": "设置分页一页显示的多少条数据的字段名。"
609:      "description": "是否隐藏快速编辑的按钮。"
613:      "description": "是否自动跳顶部，当切分页的时候。"
617:      "description": "顶部区域"
621:      "description": "顶部区域CSS类名"
625:      "description": "底部区域"
629:      "description": "底部区域CSS类名"
633:      "description": "是否将接口返回的内容自动同步到地址栏，前提是开启了同步地址栏。"
637:      "description": "翻页时是否保留用户已选的数据"
641:      "description": "内容区域占满屏幕剩余空间"
645:      "description": "行标识符，默认为id"
675:      "description": "是否开启Query信息转换，开启后将会对url中的Query进行转换，默认开启，默认仅转化布尔值"
------------------------------------
⚠️  Chinese characters found in: output/CRUD2ListSchema.json
7:      "description": "标题"
11:      "description": "底部区域"
15:      "description": "底部区域类名"
19:      "description": "顶部区域"
23:      "description": "顶部区域类名"
27:      "description": "单条数据展示内容配置"
31:      "description": "也可以直接从环境变量中读取，但是不太推荐。"
35:      "description": "是否显示底部"
39:      "description": "是否显示头部"
43:      "description": "无数据提示"
47:      "description": "是否隐藏勾选框"
51:      "description": "是否固顶"
55:      "description": "是否固底"
59:      "description": "配置某项是否可以点选"
63:      "description": "配置某项是否可拖拽排序，前提是要开启拖拽功能"
67:      "description": "点击列表单行时，是否选择"
71:      "description": "可以用来作为值的字段"
79:      "description": "大小"
83:      "description": "点击列表项的行为"
90:      "description": "组件唯一 id，主要用于页面设计器中定位 json 节点"
94:      "description": "容器 css 类名"
98:      "description": "配合 definitions 一起使用，可以实现无限循环的渲染器。"
102:      "description": "是否禁用"
106:      "description": "是否禁用表达式"
110:      "description": "是否隐藏"
114:      "description": "是否隐藏表达式"
118:      "description": "是否显示"
122:      "description": "是否显示表达式"
126:      "description": "组件唯一 id，主要用于日志采集"
154:      "description": "事件动作配置"
158:      "description": "是否静态展示"
162:      "description": "是否静态展示表达式"
166:      "description": "静态展示空值占位"
170:      "description": "静态展示表单项类名"
174:      "description": "静态展示表单项Label类名"
178:      "description": "静态展示表单项Value类名"
183:      "description": "组件样式"
190:          "description": "组件行为、用途，如 create、update、remove"
194:          "description": "组件名称，通常是业务名称方便定位"
197:          "description": "编辑器假数据，方便展示"
200:      "description": "编辑器配置，运行时可以忽略"
204:      "description": "可以组件级别用来关闭移动端样式"
211:      "description": "指定内容区的展示模式。",
229:      "description": "指定为 CRUD2 渲染器。"
233:      "description": "初始化数据 API"
237:      "description": "静默拉取"
241:      "description": "设置自动刷新时间"
252:      "description": "数据展示模式 无限加载 or 分页"
256:      "description": "无限加载时，根据此项设置其每页加载数量，可以不限制"
260:      "description": "是否为前端单次加载模式，可以用来实现前端分页。"
264:      "description": "是否可以选择数据，外部事件动作"
268:      "description": "是否可以多选数据，仅当selectable为 true 时生效"
272:      "description": "是否展示已选数据区域，仅当selectable为 true 时生效"
276:      "description": "快速编辑后用来批量保存的 API"
280:      "description": "快速编辑配置成及时保存时使用的 API"
284:      "description": "保存排序的 api"
288:      "description": "是否将过滤条件的参数同步到地址栏,默认为true",
293:      "description": "设置分页页码字段名。"
297:      "description": "设置分页一页显示的多少条数据的字段名。"
304:      "description": "是否隐藏快速编辑的按钮。"
308:      "description": "是否自动跳顶部，当切分页的时候。"
312:      "description": "顶部区域"
316:      "description": "顶部区域CSS类名"
320:      "description": "底部区域"
324:      "description": "底部区域CSS类名"
328:      "description": "是否将接口返回的内容自动同步到地址栏，前提是开启了同步地址栏。"
332:      "description": "翻页时是否保留用户已选的数据"
336:      "description": "内容区域占满屏幕剩余空间"
340:      "description": "行标识符，默认为id"
370:      "description": "是否开启Query信息转换，开启后将会对url中的Query进行转换，默认开启，默认仅转化布尔值"
------------------------------------
⚠️  Chinese characters found in: output/CRUD2TableSchema.json
20:      "description": "表格标题"
24:      "description": "也可以直接从环境变量中读取，但是不太推荐。"
39:      "description": "表格可自定义列"
46:      "description": "表格列配置"
57:      "description": "表格可选择配置"
61:      "description": "表格行可展开配置"
65:      "description": "粘性头部"
79:      "description": "加载中"
83:      "description": "行角标内容"
87:      "description": "是否展示行角标"
90:      "description": "指定挂载dom"
94:      "description": "多选、嵌套展开记录的ID字段名 默认id"
98:      "description": "数据源嵌套自定义字段名"
102:      "description": "自定义行样式"
106:      "description": "是否固定内容行高度"
110:      "description": "是否展示边框"
114:      "description": "是否展示表头"
131:      "description": "指定表尾"
135:      "description": "快速编辑后用来批量保存的 API"
139:      "description": "快速编辑配置成及时保存时使用的 API"
143:      "description": "接口报错信息配置"
147:      "description": "重新加载的组件名称"
154:      "description": "操作列配置"
158:      "description": "批量操作最大限制数"
162:      "description": "翻页时是否保留用户已选的数据"
166:      "description": "是否可以选择数据，外部事件动作"
170:      "description": "是否可以多选数据，仅当selectable为 true 时生效"
174:      "description": "行标识符，默认为id"
185:      "description": "内容区域占满屏幕剩余空间"
189:      "description": "表格是否可以获取父级数据域值，默认为false"
193:      "description": "当一次性渲染太多列上有用，默认为 100，可以用来提升表格渲染性能",
201:      "description": "组件唯一 id，主要用于页面设计器中定位 json 节点"
205:      "description": "容器 css 类名"
209:      "description": "配合 definitions 一起使用，可以实现无限循环的渲染器。"
213:      "description": "是否禁用"
217:      "description": "是否禁用表达式"
221:      "description": "是否隐藏"
225:      "description": "是否隐藏表达式"
229:      "description": "是否显示"
233:      "description": "是否显示表达式"
237:      "description": "组件唯一 id，主要用于日志采集"
265:      "description": "事件动作配置"
269:      "description": "是否静态展示"
273:      "description": "是否静态展示表达式"
277:      "description": "静态展示空值占位"
281:      "description": "静态展示表单项类名"
285:      "description": "静态展示表单项Label类名"
289:      "description": "静态展示表单项Value类名"
294:      "description": "组件样式"
301:          "description": "组件行为、用途，如 create、update、remove"
305:          "description": "组件名称，通常是业务名称方便定位"
308:          "description": "编辑器假数据，方便展示"
311:      "description": "编辑器配置，运行时可以忽略"
315:      "description": "可以组件级别用来关闭移动端样式"
322:      "description": "指定内容区的展示模式。",
340:      "description": "指定为 CRUD2 渲染器。"
344:      "description": "初始化数据 API"
348:      "description": "静默拉取"
352:      "description": "设置自动刷新时间"
363:      "description": "数据展示模式 无限加载 or 分页"
367:      "description": "无限加载时，根据此项设置其每页加载数量，可以不限制"
371:      "description": "是否为前端单次加载模式，可以用来实现前端分页。"
375:      "description": "是否展示已选数据区域，仅当selectable为 true 时生效"
379:      "description": "保存排序的 api"
383:      "description": "是否将过滤条件的参数同步到地址栏,默认为true",
388:      "description": "设置分页页码字段名。"
392:      "description": "设置分页一页显示的多少条数据的字段名。"
399:      "description": "是否隐藏快速编辑的按钮。"
403:      "description": "是否自动跳顶部，当切分页的时候。"
407:      "description": "顶部区域"
411:      "description": "顶部区域CSS类名"
415:      "description": "底部区域"
419:      "description": "底部区域CSS类名"
423:      "description": "是否将接口返回的内容自动同步到地址栏，前提是开启了同步地址栏。"
453:      "description": "是否开启Query信息转换，开启后将会对url中的Query进行转换，默认开启，默认仅转化布尔值"
------------------------------------
⚠️  Chinese characters found in: output/CRUDCardsSchema.json
13:              "description": "指定为 card 类型"
23:                  "description": "标题"
30:                  "description": "副标题"
40:                  "description": "描述"
44:                  "description": "描述占位内容"
48:                  "description": "描述占位类名"
61:                  "description": "图片地址"
88:                  "description": "图片包括层类名"
92:                  "description": "图片类名。"
96:                  "description": "是否点亮"
103:                  "description": "链接地址"
107:                  "description": "是否新窗口打开"
111:              "description": "头部配置"
118:              "description": "内容区域"
132:                  "description": "多媒体类型"
136:                  "description": "多媒体链接地址"
146:                  "description": "多媒体区域位置"
150:                  "description": "类型为video时是否自动播放"
154:                  "description": "类型为video时是否是直播"
158:                  "description": "类型为video时视频封面"
162:              "description": "多媒体区域"
169:              "description": "底部按钮集合。"
176:              "description": "工具栏按钮"
180:              "description": "次要说明"
184:              "description": "卡片内容区的表单项label是否使用Card内部的样式，默认为true"
191:              "description": "组件唯一 id，主要用于页面设计器中定位 json 节点"
195:              "description": "容器 css 类名"
199:              "description": "配合 definitions 一起使用，可以实现无限循环的渲染器。"
203:              "description": "是否禁用"
207:              "description": "是否禁用表达式"
211:              "description": "是否隐藏"
215:              "description": "是否隐藏表达式"
219:              "description": "是否显示"
223:              "description": "是否显示表达式"
227:              "description": "组件唯一 id，主要用于日志采集"
255:              "description": "事件动作配置"
259:              "description": "是否静态展示"
263:              "description": "是否静态展示表达式"
267:              "description": "静态展示空值占位"
271:              "description": "静态展示表单项类名"
275:              "description": "静态展示表单项Label类名"
279:              "description": "静态展示表单项Value类名"
284:              "description": "组件样式"
291:                  "description": "组件行为、用途，如 create、update、remove"
295:                  "description": "组件名称，通常是业务名称方便定位"
298:                  "description": "编辑器假数据，方便展示"
301:              "description": "编辑器配置，运行时可以忽略"
305:              "description": "可以组件级别用来关闭移动端样式"
320:      "description": "头部 CSS 类名"
324:      "description": "底部 CSS 类名"
328:      "description": "卡片 CSS 类名"
332:      "description": "无数据提示"
336:      "description": "是否显示底部"
340:      "description": "是否显示头部"
344:      "description": "也可以直接从环境变量中读取，但是不太推荐。"
348:      "description": "标题"
352:      "description": "是否隐藏勾选框"
356:      "description": "是否固顶"
360:      "description": "是否固底"
364:      "description": "顶部区域"
368:      "description": "底部区域"
372:      "description": "配置某项是否可以点选"
376:      "description": "配置某项是否可拖拽排序，前提是要开启拖拽功能"
380:      "description": "点击卡片的时候是否勾选卡片。"
384:      "description": "是否为瀑布流布局？"
388:      "description": "可以用来作为值的字段"
395:      "description": "组件唯一 id，主要用于页面设计器中定位 json 节点"
399:      "description": "容器 css 类名"
403:      "description": "配合 definitions 一起使用，可以实现无限循环的渲染器。"
407:      "description": "是否禁用"
411:      "description": "是否禁用表达式"
415:      "description": "是否隐藏"
419:      "description": "是否隐藏表达式"
423:      "description": "是否显示"
427:      "description": "是否显示表达式"
431:      "description": "组件唯一 id，主要用于日志采集"
459:      "description": "事件动作配置"
463:      "description": "是否静态展示"
467:      "description": "是否静态展示表达式"
471:      "description": "静态展示空值占位"
475:      "description": "静态展示表单项类名"
479:      "description": "静态展示表单项Label类名"
483:      "description": "静态展示表单项Value类名"
488:      "description": "组件样式"
495:          "description": "组件行为、用途，如 create、update、remove"
499:          "description": "组件名称，通常是业务名称方便定位"
502:          "description": "编辑器假数据，方便展示"
505:      "description": "编辑器配置，运行时可以忽略"
509:      "description": "可以组件级别用来关闭移动端样式"
528:      "description": "指定内容区的展示模式。",
534:      "description": "指定为 CRUD 渲染器。"
538:      "description": "初始化数据 API"
542:      "description": "懒加载 API，当行数据中用 defer: true 标记了，则其孩子节点将会用这个 API 来拉取数据。"
549:      "description": "批量操作"
556:      "description": "单条操作"
560:      "description": "每页个数，默认为 10，如果不是请设置。",
565:      "description": "默认排序字段"
573:      "description": "默认排序方向"
577:      "description": "可以默认给定初始参数如： {\\\"perPage\\\": 24}"
581:      "description": "是否可通过拖拽排序"
585:      "description": "是否可通过拖拽排序，通过表达式来配置"
591:      "description": "过滤器表单"
595:      "description": "初始是否拉取"
599:      "description": "初始是否拉取，用表达式来配置。"
603:      "description": "配置内部 DOM 的 className"
607:      "description": "设置自动刷新时间"
611:      "description": "设置用来确定位置的字段名，设置后新的顺序将被赋值到该字段中。"
615:      "description": "设置分页页码字段名。"
619:      "description": "设置分页一页显示的多少条数据的字段名。"
623:      "description": "设置分页方向的字段名。单位简单分页时清楚时向前还是向后翻页。"
627:      "description": "快速编辑后用来批量保存的 API"
631:      "description": "快速编辑配置成及时保存时使用的 API"
635:      "description": "保存排序的 api"
639:      "description": "是否将过滤条件的参数同步到地址栏,默认为true",
664:                    "description": "对齐方式"
680:                "description": "对齐方式"
687:                "description": "组件唯一 id，主要用于页面设计器中定位 json 节点"
691:                "description": "容器 css 类名"
695:                "description": "配合 definitions 一起使用，可以实现无限循环的渲染器。"
699:                "description": "是否禁用"
703:                "description": "是否禁用表达式"
707:                "description": "是否隐藏"
711:                "description": "是否隐藏表达式"
715:                "description": "是否显示"
719:                "description": "是否显示表达式"
723:                "description": "组件唯一 id，主要用于日志采集"
751:                "description": "事件动作配置"
755:                "description": "是否静态展示"
759:                "description": "是否静态展示表达式"
763:                "description": "静态展示空值占位"
767:                "description": "静态展示表单项类名"
771:                "description": "静态展示表单项Label类名"
775:                "description": "静态展示表单项Value类名"
780:                "description": "组件样式"
787:                    "description": "组件行为、用途，如 create、update、remove"
791:                    "description": "组件名称，通常是业务名称方便定位"
794:                    "description": "编辑器假数据，方便展示"
797:                "description": "编辑器配置，运行时可以忽略"
801:                "description": "可以组件级别用来关闭移动端样式"
819:      "description": "顶部工具栏"
843:                    "description": "对齐方式"
859:                "description": "对齐方式"
866:                "description": "组件唯一 id，主要用于页面设计器中定位 json 节点"
870:                "description": "容器 css 类名"
874:                "description": "配合 definitions 一起使用，可以实现无限循环的渲染器。"
878:                "description": "是否禁用"
882:                "description": "是否禁用表达式"
886:                "description": "是否隐藏"
890:                "description": "是否隐藏表达式"
894:                "description": "是否显示"
898:                "description": "是否显示表达式"
902:                "description": "组件唯一 id，主要用于日志采集"
930:                "description": "事件动作配置"
934:                "description": "是否静态展示"
938:                "description": "是否静态展示表达式"
942:                "description": "静态展示空值占位"
946:                "description": "静态展示表单项类名"
950:                "description": "静态展示表单项Label类名"
954:                "description": "静态展示表单项Value类名"
959:                "description": "组件样式"
966:                    "description": "组件行为、用途，如 create、update、remove"
970:                    "description": "组件名称，通常是业务名称方便定位"
973:                    "description": "编辑器假数据，方便展示"
976:                "description": "编辑器配置，运行时可以忽略"
980:                "description": "可以组件级别用来关闭移动端样式"
998:      "description": "底部工具栏"
1005:      "description": "每页显示多少个空间成员的配置如： [10, 20, 50, 100]。"
1012:      "description": "是否隐藏快速编辑的按钮。"
1016:      "description": "是否自动跳顶部，当切分页的时候。"
1020:      "description": "静默拉取"
1058:      "description": "是否将接口返回的内容自动同步到地址栏，前提是开启了同步地址栏。"
1062:      "description": "分页的时候是否保留用户选择。"
1066:      "description": "当配置 keepItemSelectionOnPageChange 时有用，用来配置已勾选项的文案。"
1070:      "description": "是否为前端单次加载模式，可以用来实现前端分页。"
1074:      "description": "在开启loadDataOnce时，当修改过滤条件时是否重新请求api\n\n如果没有配置，当查询条件表单触发的会重新请求 api，当是列过滤或者是 search-box 触发的则不重新请求 api 如果配置为 true，则不管是什么触发都会重新请求 api 如果配置为 false 则不管是什么触发都不会重新请求 api"
1083:      "description": "自定义搜索匹配函数，当开启loadDataOnce时，会基于该函数计算的匹配结果进行过滤，主要用于处理列字段类型较为复杂或者字段值格式和后端返回不一致的场景\n\n参数说明\n\n * `items` 当前表格数据  * `itemsRaw` 当前表格数据（未处理）  * `options` 配置  * `options.query` 查询条件  * `options.columns` 列配置  * `options.matchSorter` 系统默认的排序方法"
1095:          "description": "默认是展开第一个、所有、还是都不展开。"
1099:          "description": "是否显示全部切换按钮"
1103:          "description": "是否为手风琴模式"
1107:      "description": "如果时内嵌模式，可以通过这个来配置默认的展开选项。"
1111:      "description": "默认只有当分页数大于 1 是才显示，如果总是想显示请配置。"
1122:      "description": "开启查询区域，会根据列元素的searchable属性值，自动生成查询条件表单"
1146:      "description": "内容区域占满屏幕剩余空间"
1176:      "description": "是否开启Query信息转换，开启后将会对url中的Query进行转换，默认开启，默认仅转化布尔值"
------------------------------------
⚠️  Chinese characters found in: output/CRUDListSchema.json
7:      "description": "标题"
11:      "description": "底部区域"
15:      "description": "底部区域类名"
19:      "description": "顶部区域"
23:      "description": "顶部区域类名"
27:      "description": "单条数据展示内容配置"
31:      "description": "也可以直接从环境变量中读取，但是不太推荐。"
35:      "description": "是否显示底部"
39:      "description": "是否显示头部"
43:      "description": "无数据提示"
47:      "description": "是否隐藏勾选框"
51:      "description": "是否固顶"
55:      "description": "是否固底"
59:      "description": "配置某项是否可以点选"
63:      "description": "配置某项是否可拖拽排序，前提是要开启拖拽功能"
67:      "description": "点击列表单行时，是否选择"
71:      "description": "可以用来作为值的字段"
79:      "description": "大小"
83:      "description": "点击列表项的行为"
90:      "description": "组件唯一 id，主要用于页面设计器中定位 json 节点"
94:      "description": "容器 css 类名"
98:      "description": "配合 definitions 一起使用，可以实现无限循环的渲染器。"
102:      "description": "是否禁用"
106:      "description": "是否禁用表达式"
110:      "description": "是否隐藏"
114:      "description": "是否隐藏表达式"
118:      "description": "是否显示"
122:      "description": "是否显示表达式"
126:      "description": "组件唯一 id，主要用于日志采集"
154:      "description": "事件动作配置"
158:      "description": "是否静态展示"
162:      "description": "是否静态展示表达式"
166:      "description": "静态展示空值占位"
170:      "description": "静态展示表单项类名"
174:      "description": "静态展示表单项Label类名"
178:      "description": "静态展示表单项Value类名"
183:      "description": "组件样式"
190:          "description": "组件行为、用途，如 create、update、remove"
194:          "description": "组件名称，通常是业务名称方便定位"
197:          "description": "编辑器假数据，方便展示"
200:      "description": "编辑器配置，运行时可以忽略"
204:      "description": "可以组件级别用来关闭移动端样式"
211:      "description": "指定内容区的展示模式。",
229:      "description": "指定为 CRUD 渲染器。"
233:      "description": "初始化数据 API"
237:      "description": "懒加载 API，当行数据中用 defer: true 标记了，则其孩子节点将会用这个 API 来拉取数据。"
244:      "description": "批量操作"
251:      "description": "单条操作"
255:      "description": "每页个数，默认为 10，如果不是请设置。",
260:      "description": "默认排序字段"
268:      "description": "默认排序方向"
272:      "description": "可以默认给定初始参数如： {\\\"perPage\\\": 24}"
276:      "description": "是否可通过拖拽排序"
280:      "description": "是否可通过拖拽排序，通过表达式来配置"
286:      "description": "过滤器表单"
290:      "description": "初始是否拉取"
294:      "description": "初始是否拉取，用表达式来配置。"
298:      "description": "配置内部 DOM 的 className"
302:      "description": "设置自动刷新时间"
306:      "description": "设置用来确定位置的字段名，设置后新的顺序将被赋值到该字段中。"
310:      "description": "设置分页页码字段名。"
314:      "description": "设置分页一页显示的多少条数据的字段名。"
318:      "description": "设置分页方向的字段名。单位简单分页时清楚时向前还是向后翻页。"
322:      "description": "快速编辑后用来批量保存的 API"
326:      "description": "快速编辑配置成及时保存时使用的 API"
330:      "description": "保存排序的 api"
334:      "description": "是否将过滤条件的参数同步到地址栏,默认为true",
359:                    "description": "对齐方式"
375:                "description": "对齐方式"
382:                "description": "组件唯一 id，主要用于页面设计器中定位 json 节点"
386:                "description": "容器 css 类名"
390:                "description": "配合 definitions 一起使用，可以实现无限循环的渲染器。"
394:                "description": "是否禁用"
398:                "description": "是否禁用表达式"
402:                "description": "是否隐藏"
406:                "description": "是否隐藏表达式"
410:                "description": "是否显示"
414:                "description": "是否显示表达式"
418:                "description": "组件唯一 id，主要用于日志采集"
446:                "description": "事件动作配置"
450:                "description": "是否静态展示"
454:                "description": "是否静态展示表达式"
458:                "description": "静态展示空值占位"
462:                "description": "静态展示表单项类名"
466:                "description": "静态展示表单项Label类名"
470:                "description": "静态展示表单项Value类名"
475:                "description": "组件样式"
482:                    "description": "组件行为、用途，如 create、update、remove"
486:                    "description": "组件名称，通常是业务名称方便定位"
489:                    "description": "编辑器假数据，方便展示"
492:                "description": "编辑器配置，运行时可以忽略"
496:                "description": "可以组件级别用来关闭移动端样式"
514:      "description": "顶部工具栏"
538:                    "description": "对齐方式"
554:                "description": "对齐方式"
561:                "description": "组件唯一 id，主要用于页面设计器中定位 json 节点"
565:                "description": "容器 css 类名"
569:                "description": "配合 definitions 一起使用，可以实现无限循环的渲染器。"
573:                "description": "是否禁用"
577:                "description": "是否禁用表达式"
581:                "description": "是否隐藏"
585:                "description": "是否隐藏表达式"
589:                "description": "是否显示"
593:                "description": "是否显示表达式"
597:                "description": "组件唯一 id，主要用于日志采集"
625:                "description": "事件动作配置"
629:                "description": "是否静态展示"
633:                "description": "是否静态展示表达式"
637:                "description": "静态展示空值占位"
641:                "description": "静态展示表单项类名"
645:                "description": "静态展示表单项Label类名"
649:                "description": "静态展示表单项Value类名"
654:                "description": "组件样式"
661:                    "description": "组件行为、用途，如 create、update、remove"
665:                    "description": "组件名称，通常是业务名称方便定位"
668:                    "description": "编辑器假数据，方便展示"
671:                "description": "编辑器配置，运行时可以忽略"
675:                "description": "可以组件级别用来关闭移动端样式"
693:      "description": "底部工具栏"
700:      "description": "每页显示多少个空间成员的配置如： [10, 20, 50, 100]。"
707:      "description": "是否隐藏快速编辑的按钮。"
711:      "description": "是否自动跳顶部，当切分页的时候。"
715:      "description": "静默拉取"
753:      "description": "是否将接口返回的内容自动同步到地址栏，前提是开启了同步地址栏。"
757:      "description": "分页的时候是否保留用户选择。"
761:      "description": "当配置 keepItemSelectionOnPageChange 时有用，用来配置已勾选项的文案。"
765:      "description": "是否为前端单次加载模式，可以用来实现前端分页。"
769:      "description": "在开启loadDataOnce时，当修改过滤条件时是否重新请求api\n\n如果没有配置，当查询条件表单触发的会重新请求 api，当是列过滤或者是 search-box 触发的则不重新请求 api 如果配置为 true，则不管是什么触发都会重新请求 api 如果配置为 false 则不管是什么触发都不会重新请求 api"
778:      "description": "自定义搜索匹配函数，当开启loadDataOnce时，会基于该函数计算的匹配结果进行过滤，主要用于处理列字段类型较为复杂或者字段值格式和后端返回不一致的场景\n\n参数说明\n\n * `items` 当前表格数据  * `itemsRaw` 当前表格数据（未处理）  * `options` 配置  * `options.query` 查询条件  * `options.columns` 列配置  * `options.matchSorter` 系统默认的排序方法"
790:          "description": "默认是展开第一个、所有、还是都不展开。"
794:          "description": "是否显示全部切换按钮"
798:          "description": "是否为手风琴模式"
802:      "description": "如果时内嵌模式，可以通过这个来配置默认的展开选项。"
806:      "description": "默认只有当分页数大于 1 是才显示，如果总是想显示请配置。"
817:      "description": "开启查询区域，会根据列元素的searchable属性值，自动生成查询条件表单"
841:      "description": "内容区域占满屏幕剩余空间"
871:      "description": "是否开启Query信息转换，开启后将会对url中的Query进行转换，默认开启，默认仅转化布尔值"
------------------------------------
⚠️  Chinese characters found in: output/CRUDSchema.json
13:  "description": "CRUD 增删改查渲染器。 文档：https://aisuda.bce.baidu.com/amis/zh-CN/components/crud",
------------------------------------
⚠️  Chinese characters found in: output/CRUDTableSchema.json
7:      "description": "是否固定表头"
11:      "description": "是否固底"
18:      "description": "表格的列信息"
30:      "description": "展示列显示开关，自动即：列数量大于或等于5个时自动开启"
50:              "description": "是否为手风琴模式"
56:      "description": "是否开启底部展示功能，适合移动端展示"
60:      "description": "底部外层 CSS 类名"
64:      "description": "顶部外层 CSS 类名"
75:      "description": "占位符"
79:      "description": "是否显示底部"
83:      "description": "是否显示头部"
87:      "description": "也可以直接从环境变量中读取，但是不太推荐。"
91:      "description": "表格 CSS 类名"
95:      "description": "标题"
99:      "description": "工具栏 CSS 类名"
110:      "description": "合并单元格配置，配置数字表示从左到右的多少列自动合并单元格。"
114:      "description": "合并单元格配置，配置从第几列开始合并。"
121:      "description": "顶部总结行"
128:      "description": "底部总结行"
132:      "description": "是否可调整列宽"
136:      "description": "行样式表表达式"
140:      "description": "行角标"
151:      "description": "开启查询区域，会根据列元素的searchable属性值，自动生成查询条件表单"
155:      "description": "表格是否可以获取父级数据域值，默认为false"
179:      "description": "内容区域占满屏幕剩余空间"
191:      "description": "懒加载 API，当行数据中用 defer: true 标记了，则其孩子节点将会用这个 API 来拉取数据。"
198:      "description": "组件唯一 id，主要用于页面设计器中定位 json 节点"
202:      "description": "容器 css 类名"
206:      "description": "配合 definitions 一起使用，可以实现无限循环的渲染器。"
210:      "description": "是否禁用"
214:      "description": "是否禁用表达式"
218:      "description": "是否隐藏"
222:      "description": "是否隐藏表达式"
226:      "description": "是否显示"
230:      "description": "是否显示表达式"
234:      "description": "组件唯一 id，主要用于日志采集"
262:      "description": "事件动作配置"
266:      "description": "是否静态展示"
270:      "description": "是否静态展示表达式"
274:      "description": "静态展示空值占位"
278:      "description": "静态展示表单项类名"
282:      "description": "静态展示表单项Label类名"
286:      "description": "静态展示表单项Value类名"
291:      "description": "组件样式"
298:          "description": "组件行为、用途，如 create、update、remove"
302:          "description": "组件名称，通常是业务名称方便定位"
305:          "description": "编辑器假数据，方便展示"
308:      "description": "编辑器配置，运行时可以忽略"
312:      "description": "可以组件级别用来关闭移动端样式"
319:      "description": "指定内容区的展示模式。",
337:      "description": "指定为 CRUD 渲染器。"
341:      "description": "初始化数据 API"
348:      "description": "批量操作"
355:      "description": "单条操作"
359:      "description": "每页个数，默认为 10，如果不是请设置。",
364:      "description": "默认排序字段"
372:      "description": "默认排序方向"
376:      "description": "可以默认给定初始参数如： {\\\"perPage\\\": 24}"
380:      "description": "是否可通过拖拽排序"
384:      "description": "是否可通过拖拽排序，通过表达式来配置"
390:      "description": "过滤器表单"
394:      "description": "初始是否拉取"
398:      "description": "初始是否拉取，用表达式来配置。"
402:      "description": "配置内部 DOM 的 className"
406:      "description": "设置自动刷新时间"
410:      "description": "设置用来确定位置的字段名，设置后新的顺序将被赋值到该字段中。"
414:      "description": "设置分页页码字段名。"
418:      "description": "设置分页一页显示的多少条数据的字段名。"
422:      "description": "设置分页方向的字段名。单位简单分页时清楚时向前还是向后翻页。"
426:      "description": "快速编辑后用来批量保存的 API"
430:      "description": "快速编辑配置成及时保存时使用的 API"
434:      "description": "保存排序的 api"
438:      "description": "是否将过滤条件的参数同步到地址栏,默认为true",
463:                    "description": "对齐方式"
479:                "description": "对齐方式"
486:                "description": "组件唯一 id，主要用于页面设计器中定位 json 节点"
490:                "description": "容器 css 类名"
494:                "description": "配合 definitions 一起使用，可以实现无限循环的渲染器。"
498:                "description": "是否禁用"
502:                "description": "是否禁用表达式"
506:                "description": "是否隐藏"
510:                "description": "是否隐藏表达式"
514:                "description": "是否显示"
518:                "description": "是否显示表达式"
522:                "description": "组件唯一 id，主要用于日志采集"
550:                "description": "事件动作配置"
554:                "description": "是否静态展示"
558:                "description": "是否静态展示表达式"
562:                "description": "静态展示空值占位"
566:                "description": "静态展示表单项类名"
570:                "description": "静态展示表单项Label类名"
574:                "description": "静态展示表单项Value类名"
579:                "description": "组件样式"
586:                    "description": "组件行为、用途，如 create、update、remove"
590:                    "description": "组件名称，通常是业务名称方便定位"
593:                    "description": "编辑器假数据，方便展示"
596:                "description": "编辑器配置，运行时可以忽略"
600:                "description": "可以组件级别用来关闭移动端样式"
618:      "description": "顶部工具栏"
642:                    "description": "对齐方式"
658:                "description": "对齐方式"
665:                "description": "组件唯一 id，主要用于页面设计器中定位 json 节点"
669:                "description": "容器 css 类名"
673:                "description": "配合 definitions 一起使用，可以实现无限循环的渲染器。"
677:                "description": "是否禁用"
681:                "description": "是否禁用表达式"
685:                "description": "是否隐藏"
689:                "description": "是否隐藏表达式"
693:                "description": "是否显示"
697:                "description": "是否显示表达式"
701:                "description": "组件唯一 id，主要用于日志采集"
729:                "description": "事件动作配置"
733:                "description": "是否静态展示"
737:                "description": "是否静态展示表达式"
741:                "description": "静态展示空值占位"
745:                "description": "静态展示表单项类名"
749:                "description": "静态展示表单项Label类名"
753:                "description": "静态展示表单项Value类名"
758:                "description": "组件样式"
765:                    "description": "组件行为、用途，如 create、update、remove"
769:                    "description": "组件名称，通常是业务名称方便定位"
772:                    "description": "编辑器假数据，方便展示"
775:                "description": "编辑器配置，运行时可以忽略"
779:                "description": "可以组件级别用来关闭移动端样式"
797:      "description": "底部工具栏"
804:      "description": "每页显示多少个空间成员的配置如： [10, 20, 50, 100]。"
811:      "description": "是否隐藏快速编辑的按钮。"
815:      "description": "是否自动跳顶部，当切分页的时候。"
819:      "description": "静默拉取"
857:      "description": "是否将接口返回的内容自动同步到地址栏，前提是开启了同步地址栏。"
861:      "description": "分页的时候是否保留用户选择。"
865:      "description": "当配置 keepItemSelectionOnPageChange 时有用，用来配置已勾选项的文案。"
869:      "description": "是否为前端单次加载模式，可以用来实现前端分页。"
873:      "description": "在开启loadDataOnce时，当修改过滤条件时是否重新请求api\n\n如果没有配置，当查询条件表单触发的会重新请求 api，当是列过滤或者是 search-box 触发的则不重新请求 api 如果配置为 true，则不管是什么触发都会重新请求 api 如果配置为 false 则不管是什么触发都不会重新请求 api"
882:      "description": "自定义搜索匹配函数，当开启loadDataOnce时，会基于该函数计算的匹配结果进行过滤，主要用于处理列字段类型较为复杂或者字段值格式和后端返回不一致的场景\n\n参数说明\n\n * `items` 当前表格数据  * `itemsRaw` 当前表格数据（未处理）  * `options` 配置  * `options.query` 查询条件  * `options.columns` 列配置  * `options.matchSorter` 系统默认的排序方法"
894:          "description": "默认是展开第一个、所有、还是都不展开。"
898:          "description": "是否显示全部切换按钮"
902:          "description": "是否为手风琴模式"
906:      "description": "如果时内嵌模式，可以通过这个来配置默认的展开选项。"
910:      "description": "默认只有当分页数大于 1 是才显示，如果总是想显示请配置。"
940:      "description": "是否开启Query信息转换，开启后将会对url中的Query进行转换，默认开启，默认仅转化布尔值"
------------------------------------
⚠️  Chinese characters found in: output/CalendarSchema.json
6:      "description": "组件唯一 id，主要用于页面设计器中定位 json 节点"
10:      "description": "容器 css 类名"
14:      "description": "配合 definitions 一起使用，可以实现无限循环的渲染器。"
18:      "description": "是否禁用"
22:      "description": "是否禁用表达式"
26:      "description": "是否隐藏"
30:      "description": "是否隐藏表达式"
34:      "description": "是否显示"
38:      "description": "是否显示表达式"
42:      "description": "组件唯一 id，主要用于日志采集"
70:      "description": "事件动作配置"
74:      "description": "是否静态展示"
78:      "description": "是否静态展示表达式"
82:      "description": "静态展示空值占位"
86:      "description": "静态展示表单项类名"
90:      "description": "静态展示表单项Label类名"
94:      "description": "静态展示表单项Value类名"
99:      "description": "组件样式"
106:          "description": "组件行为、用途，如 create、update、remove"
110:          "description": "组件名称，通常是业务名称方便定位"
113:          "description": "编辑器假数据，方便展示"
116:      "description": "编辑器配置，运行时可以忽略"
120:      "description": "可以组件级别用来关闭移动端样式"
128:      "description": "指定为日历选择控件"
163:      "description": "日程"
170:      "description": "日程显示颜色自定义"
174:      "description": "日程点击展示"
178:      "description": "是否开启放大模式"
182:      "description": "今日激活时的自定义样式"
------------------------------------
⚠️  Chinese characters found in: output/Card2Schema.json
6:      "description": "组件唯一 id，主要用于页面设计器中定位 json 节点"
10:      "description": "容器 css 类名"
14:      "description": "配合 definitions 一起使用，可以实现无限循环的渲染器。"
18:      "description": "是否禁用"
22:      "description": "是否禁用表达式"
26:      "description": "是否隐藏"
30:      "description": "是否隐藏表达式"
34:      "description": "是否显示"
38:      "description": "是否显示表达式"
42:      "description": "组件唯一 id，主要用于日志采集"
70:      "description": "事件动作配置"
74:      "description": "是否静态展示"
78:      "description": "是否静态展示表达式"
82:      "description": "静态展示空值占位"
86:      "description": "静态展示表单项类名"
90:      "description": "静态展示表单项Label类名"
94:      "description": "静态展示表单项Value类名"
99:      "description": "自定义样式"
106:          "description": "组件行为、用途，如 create、update、remove"
110:          "description": "组件名称，通常是业务名称方便定位"
113:          "description": "编辑器假数据，方便展示"
116:      "description": "编辑器配置，运行时可以忽略"
120:      "description": "可以组件级别用来关闭移动端样式"
128:      "description": "指定为 card2 类型"
135:      "description": "内容"
139:      "description": "body 类名"
143:      "description": "隐藏选框"
147:      "description": "不配置href且cards容器下生效，点击整个卡片触发选中"
151:      "description": "渲染标签"
160:  "description": "Card2 新卡片渲染器。 文档：https://aisuda.bce.baidu.com/amis/zh-CN/components/card2",
------------------------------------
⚠️  Chinese characters found in: output/CardBodyField.json
15:          "description": "列标题"
19:          "description": "label 类名"
23:          "description": "绑定字段名"
27:          "description": "配置查看详情功能"
31:          "description": "配置快速编辑功能"
35:          "description": "配置点击复制功能"
------------------------------------
⚠️  Chinese characters found in: output/CardSchema.json
6:      "description": "组件唯一 id，主要用于页面设计器中定位 json 节点"
10:      "description": "容器 css 类名"
14:      "description": "配合 definitions 一起使用，可以实现无限循环的渲染器。"
18:      "description": "是否禁用"
22:      "description": "是否禁用表达式"
26:      "description": "是否隐藏"
30:      "description": "是否隐藏表达式"
34:      "description": "是否显示"
38:      "description": "是否显示表达式"
42:      "description": "组件唯一 id，主要用于日志采集"
70:      "description": "事件动作配置"
74:      "description": "是否静态展示"
78:      "description": "是否静态展示表达式"
82:      "description": "静态展示空值占位"
86:      "description": "静态展示表单项类名"
90:      "description": "静态展示表单项Label类名"
94:      "description": "静态展示表单项Value类名"
99:      "description": "组件样式"
106:          "description": "组件行为、用途，如 create、update、remove"
110:          "description": "组件名称，通常是业务名称方便定位"
113:          "description": "编辑器假数据，方便展示"
116:      "description": "编辑器配置，运行时可以忽略"
120:      "description": "可以组件级别用来关闭移动端样式"
128:      "description": "指定为 card 类型"
141:          "description": "标题"
148:          "description": "副标题"
158:          "description": "描述"
162:          "description": "描述占位内容"
166:          "description": "描述占位类名"
179:          "description": "图片地址"
206:          "description": "图片包括层类名"
210:          "description": "图片类名。"
214:          "description": "是否点亮"
221:          "description": "链接地址"
225:          "description": "是否新窗口打开"
229:      "description": "头部配置"
236:      "description": "内容区域"
250:          "description": "多媒体类型"
254:          "description": "多媒体链接地址"
264:          "description": "多媒体区域位置"
268:          "description": "类型为video时是否自动播放"
272:          "description": "类型为video时是否是直播"
276:          "description": "类型为video时视频封面"
280:      "description": "多媒体区域"
287:      "description": "底部按钮集合。"
294:      "description": "工具栏按钮"
298:      "description": "次要说明"
302:      "description": "卡片内容区的表单项label是否使用Card内部的样式，默认为true"
309:  "description": "Card 卡片渲染器。 文档：https://aisuda.bce.baidu.com/amis/zh-CN/components/card",
------------------------------------
⚠️  Chinese characters found in: output/CardsSchema.json
18:      "description": "组件唯一 id，主要用于页面设计器中定位 json 节点"
22:      "description": "容器 css 类名"
26:      "description": "配合 definitions 一起使用，可以实现无限循环的渲染器。"
30:      "description": "是否禁用"
34:      "description": "是否禁用表达式"
38:      "description": "是否隐藏"
42:      "description": "是否隐藏表达式"
46:      "description": "是否显示"
50:      "description": "是否显示表达式"
54:      "description": "组件唯一 id，主要用于日志采集"
82:      "description": "事件动作配置"
86:      "description": "是否静态展示"
90:      "description": "是否静态展示表达式"
94:      "description": "静态展示空值占位"
98:      "description": "静态展示表单项类名"
102:      "description": "静态展示表单项Label类名"
106:      "description": "静态展示表单项Value类名"
111:      "description": "组件样式"
118:          "description": "组件行为、用途，如 create、update、remove"
122:          "description": "组件名称，通常是业务名称方便定位"
125:          "description": "编辑器假数据，方便展示"
128:      "description": "编辑器配置，运行时可以忽略"
132:      "description": "可以组件级别用来关闭移动端样式"
140:      "description": "指定为 cards 类型"
153:              "description": "指定为 card 类型"
163:                  "description": "标题"
170:                  "description": "副标题"
180:                  "description": "描述"
184:                  "description": "描述占位内容"
188:                  "description": "描述占位类名"
201:                  "description": "图片地址"
228:                  "description": "图片包括层类名"
232:                  "description": "图片类名。"
236:                  "description": "是否点亮"
243:                  "description": "链接地址"
247:                  "description": "是否新窗口打开"
251:              "description": "头部配置"
258:              "description": "内容区域"
272:                  "description": "多媒体类型"
276:                  "description": "多媒体链接地址"
286:                  "description": "多媒体区域位置"
290:                  "description": "类型为video时是否自动播放"
294:                  "description": "类型为video时是否是直播"
298:                  "description": "类型为video时视频封面"
302:              "description": "多媒体区域"
309:              "description": "底部按钮集合。"
316:              "description": "工具栏按钮"
320:              "description": "次要说明"
324:              "description": "卡片内容区的表单项label是否使用Card内部的样式，默认为true"
331:              "description": "组件唯一 id，主要用于页面设计器中定位 json 节点"
335:              "description": "容器 css 类名"
339:              "description": "配合 definitions 一起使用，可以实现无限循环的渲染器。"
343:              "description": "是否禁用"
347:              "description": "是否禁用表达式"
351:              "description": "是否隐藏"
355:              "description": "是否隐藏表达式"
359:              "description": "是否显示"
363:              "description": "是否显示表达式"
367:              "description": "组件唯一 id，主要用于日志采集"
395:              "description": "事件动作配置"
399:              "description": "是否静态展示"
403:              "description": "是否静态展示表达式"
407:              "description": "静态展示空值占位"
411:              "description": "静态展示表单项类名"
415:              "description": "静态展示表单项Label类名"
419:              "description": "静态展示表单项Value类名"
424:              "description": "组件样式"
431:                  "description": "组件行为、用途，如 create、update、remove"
435:                  "description": "组件名称，通常是业务名称方便定位"
438:                  "description": "编辑器假数据，方便展示"
441:              "description": "编辑器配置，运行时可以忽略"
445:              "description": "可以组件级别用来关闭移动端样式"
460:      "description": "头部 CSS 类名"
464:      "description": "底部 CSS 类名"
468:      "description": "卡片 CSS 类名"
472:      "description": "无数据提示"
476:      "description": "是否显示底部"
480:      "description": "是否显示头部"
484:      "description": "数据源: 绑定当前环境变量"
488:      "description": "标题"
492:      "description": "是否隐藏勾选框"
496:      "description": "是否固顶"
500:      "description": "是否固底"
504:      "description": "顶部区域"
508:      "description": "底部区域"
512:      "description": "配置某项是否可以点选"
516:      "description": "配置某项是否可拖拽排序，前提是要开启拖拽功能"
520:      "description": "点击卡片的时候是否勾选卡片。"
524:      "description": "是否为瀑布流布局？"
528:      "description": "可以用来作为值的字段"
535:  "description": "Cards 卡片集合渲染器。 文档：https://aisuda.bce.baidu.com/amis/zh-CN/components/card",
------------------------------------
⚠️  Chinese characters found in: output/CarouselSchema.json
6:      "description": "组件唯一 id，主要用于页面设计器中定位 json 节点"
10:      "description": "容器 css 类名"
14:      "description": "配合 definitions 一起使用，可以实现无限循环的渲染器。"
18:      "description": "是否禁用"
22:      "description": "是否禁用表达式"
26:      "description": "是否隐藏"
30:      "description": "是否隐藏表达式"
34:      "description": "是否显示"
38:      "description": "是否显示表达式"
42:      "description": "组件唯一 id，主要用于日志采集"
70:      "description": "事件动作配置"
74:      "description": "是否静态展示"
78:      "description": "是否静态展示表达式"
82:      "description": "静态展示空值占位"
86:      "description": "静态展示表单项类名"
90:      "description": "静态展示表单项Label类名"
94:      "description": "静态展示表单项Value类名"
99:      "description": "组件样式"
106:          "description": "组件行为、用途，如 create、update、remove"
110:          "description": "组件名称，通常是业务名称方便定位"
113:          "description": "编辑器假数据，方便展示"
116:      "description": "编辑器配置，运行时可以忽略"
120:      "description": "可以组件级别用来关闭移动端样式"
128:      "description": "指定为轮播图类型"
135:      "description": "是否自动播放"
142:      "description": "轮播间隔时间"
146:      "description": "动画时长"
150:      "description": "设置宽度"
154:      "description": "设置高度"
165:      "description": "占位"
176:      "description": "配置控件内容"
184:      "description": "动画类型"
188:      "description": "配置单条呈现模板"
199:      "description": "预览图模式"
204:      "description": "配置固定值"
208:      "description": "是否一直显示箭头"
221:      "description": "多图模式配置项"
234:      "description": "自定义箭头图标"
241:  "description": "Carousel 轮播图渲染器。 文档：https://aisuda.bce.baidu.com/amis/zh-CN/components/carousel",
------------------------------------
⚠️  Chinese characters found in: output/ChainedSelectControlSchema.json
22:      "description": "选项集合"
33:      "description": "可用来通过 API 拉取 options。"
37:      "description": "默认选择选项第一个值。"
41:      "description": "用表达式来配置 source 接口初始要不要拉取"
45:      "description": "配置 source 接口初始拉不拉取。"
49:      "description": "是否为多选模式"
53:      "description": "单选模式：当用户选中某个选项时，选项中的 value 将被作为该表单项的值提交，否则，整个选项对象都会作为该表单项的值提交。 多选模式：选中的多个选项的 `value` 会通过 `delimiter` 连接起来，否则直接将以数组的形式提交值。"
57:      "description": "分割符"
61:      "description": "多选模式，值太多时是否避免折行"
65:      "description": "开启后将选中的选项 value 的值封装为数组，作为当前表单项的值。"
69:      "description": "是否可清除。"
73:      "description": "点清除按钮时，将表单项设置成当前配置的值。",
78:      "description": "懒加载字段"
89:      "description": "延时加载的 API，当选项中有 defer: true 的选项时，点开会通过此接口扩充。"
100:      "description": "添加时调用的接口"
107:      "description": "新增时的表单项。"
111:      "description": "控制新增弹框设置项"
115:      "description": "是否可以新增"
119:      "description": "新增文字"
123:      "description": "是否可以编辑"
134:      "description": "编辑时调用的 API"
141:      "description": "选项修改的表单项"
145:      "description": "控制编辑弹框设置项"
149:      "description": "是否可删除"
160:      "description": "选项删除 API"
164:      "description": "选项删除提示文字。"
175:      "description": "表单项大小"
187:      "description": "描述标题"
191:      "description": "描述标题"
198:      "description": "label自定义宽度，默认单位为px"
202:      "description": "配置 label className"
206:      "description": "字段名，表单提交时的 key，支持多层级，用.连接，如： a.b.c"
210:      "description": "额外的字段名，当为范围组件时可以用来将另外一个值打平出来"
214:      "description": "输入提示，聚焦的时候显示"
218:      "description": "当修改完的时候是否提交表单。"
222:      "description": "是否只读"
226:      "description": "只读条件"
230:      "description": "不设置时，当表单提交过后表单项每次修改都会触发重新验证， 如果设置了，则由此配置项来决定要不要每次修改都触发验证。"
234:      "description": "描述内容，支持 Html 片段。"
241:      "description": "配置描述上的 className"
250:      "description": "配置当前表单项展示模式"
254:      "description": "当配置为水平布局的时候，用来配置具体的左右分配。"
258:      "description": "表单 control 是否为 inline 模式。"
262:      "description": "配置 input className"
266:      "description": "占位符"
270:      "description": "是否为必填"
369:      "description": "验证失败的提示信息"
381:              "description": "是否是字母"
385:              "description": "是否为字母数字"
389:              "description": "是否为邮箱地址"
393:              "description": "是否为浮点型"
397:              "description": "是否为整型"
401:              "description": "是否为 json"
405:              "description": "长度等于指定值"
409:              "description": "是否为数字"
413:              "description": "是否为必填"
417:              "description": "是否为 URL 地址"
421:              "description": "内容命中指定正则"
425:              "description": "内容命中指定正则"
429:              "description": "内容命中指定正则"
433:              "description": "内容命中指定正则"
437:              "description": "内容命中指定正则"
441:              "description": "内容命中指定正则"
445:              "description": "最大长度为指定值"
449:              "description": "最大值为指定值"
453:              "description": "最小长度为指定值"
457:              "description": "最小值为指定值"
471:              "description": "和目标日期相同，支持指定粒度，默认到毫秒"
485:              "description": "早于目标日期，支持指定粒度，默认到毫秒"
499:              "description": "晚于目标日期，支持指定粒度，默认到毫秒"
513:              "description": "早于目标日期或和目标日期相同，支持指定粒度，默认到毫秒"
527:              "description": "晚于目标日期或和目标日期相同，支持指定粒度，默认到毫秒"
541:              "description": "日期处于目标日期范围，支持指定粒度和区间的开闭形式，默认到毫秒, 左右开区间"
555:              "description": "和目标时间相同，支持指定粒度，默认到毫秒"
569:              "description": "早于目标时间，支持指定粒度，默认到毫秒"
583:              "description": "晚于目标时间，支持指定粒度，默认到毫秒"
597:              "description": "早于目标时间或和目标时间相同，支持指定粒度，默认到毫秒"
611:              "description": "晚于目标时间或和目标时间相同，支持指定粒度，默认到毫秒"
625:              "description": "时间处于目标时间范围，支持指定粒度和区间的开闭形式，默认到毫秒, 左右开区间"
632:      "description": "默认值，切记只能是静态值，不支持取变量，跟数据关联是通过设置 name 属性来实现的。"
636:      "description": "表单项隐藏时，是否在当前 Form 中删除掉该表单项值。注意同名的未隐藏的表单项值也会删掉"
647:      "description": "远端校验表单项接口"
662:              "description": "是否为参照录入模式，参照录入会展示候选值供用户选择，而不是直接填充。"
665:              "description": "参照录入时，默认选中的值"
676:              "description": "自动填充 api"
680:              "description": "是否展示数据格式错误提示，默认为不展示",
685:              "description": "填充时的数据映射"
694:              "description": "触发条件，默认为 change"
703:              "description": "弹窗方式，当为参照录入时用可以配置"
707:              "description": "当参照录入为抽屉时可以配置弹出位置"
711:              "description": "当为参照录入时可以配置弹出容器的大小"
716:              "description": "参照录入展示的项"
719:              "description": "参照录入时的过滤条件"
725:      "description": "自动填充，当选项被选择的时候，将选项中的其他值同步设置到表单内。"
743:      "description": "组件唯一 id，主要用于页面设计器中定位 json 节点"
747:      "description": "容器 css 类名"
751:      "description": "配合 definitions 一起使用，可以实现无限循环的渲染器。"
755:      "description": "是否禁用"
759:      "description": "是否禁用表达式"
763:      "description": "是否隐藏"
767:      "description": "是否隐藏表达式"
771:      "description": "是否显示"
775:      "description": "是否显示表达式"
779:      "description": "组件唯一 id，主要用于日志采集"
807:      "description": "事件动作配置"
811:      "description": "是否静态展示"
815:      "description": "是否静态展示表达式"
819:      "description": "静态展示空值占位"
823:      "description": "静态展示表单项类名"
827:      "description": "静态展示表单项Label类名"
831:      "description": "静态展示表单项Value类名"
836:      "description": "组件样式"
843:          "description": "组件行为、用途，如 create、update、remove"
847:          "description": "组件名称，通常是业务名称方便定位"
850:          "description": "编辑器假数据，方便展示"
853:      "description": "编辑器配置，运行时可以忽略"
857:      "description": "可以组件级别用来关闭移动端样式"
864:      "description": "显示一个小图标, 鼠标放上去的时候显示提示内容"
868:      "description": "显示一个小图标, 鼠标放上去的时候显示提示内容, 这个小图标跟 label 在一起"
873:      "description": "表单项类型"
880:  "description": "链式下拉框 文档：https://aisuda.bce.baidu.com/amis/zh-CN/components/form/chained-select",
------------------------------------
⚠️  Chinese characters found in: output/ChartSchema.json
6:      "description": "组件唯一 id，主要用于页面设计器中定位 json 节点"
10:      "description": "容器 css 类名"
14:      "description": "配合 definitions 一起使用，可以实现无限循环的渲染器。"
18:      "description": "是否禁用"
22:      "description": "是否禁用表达式"
26:      "description": "是否隐藏"
30:      "description": "是否隐藏表达式"
34:      "description": "是否显示"
38:      "description": "是否显示表达式"
42:      "description": "组件唯一 id，主要用于日志采集"
70:      "description": "事件动作配置"
74:      "description": "是否静态展示"
78:      "description": "是否静态展示表达式"
82:      "description": "静态展示空值占位"
86:      "description": "静态展示表单项类名"
90:      "description": "静态展示表单项Label类名"
94:      "description": "静态展示表单项Value类名"
99:      "description": "style样式"
106:          "description": "组件行为、用途，如 create、update、remove"
110:          "description": "组件名称，通常是业务名称方便定位"
113:          "description": "编辑器假数据，方便展示"
116:      "description": "编辑器配置，运行时可以忽略"
120:      "description": "可以组件级别用来关闭移动端样式"
128:      "description": "指定为 chart 类型"
134:      "description": "Chart 主题配置"
138:      "description": "图表配置接口"
142:      "description": "是否初始加载。"
146:      "description": "是否初始加载用表达式来配置"
149:      "description": "配置echart的config，支持数据映射。如果用了数据映射，为了同步更新，请设置 trackExpression"
153:      "description": "跟踪表达式，如果这个表达式的运行结果发生变化了，则会更新 Echart，当 config 中用了数据映射时有用。"
160:      "description": "宽度设置"
167:      "description": "高度设置"
171:      "description": "刷新时间"
184:      "description": "默认开启 Config 中的数据映射，如果想关闭，请开启此功能。"
188:      "description": "点击行为配置，可以用来满足下钻操作等。"
192:      "description": "默认配置时追加的，如果更新配置想完全替换配置请配置为 true."
196:      "description": "不可见的时候隐藏"
200:      "description": "获取 geo json 文件的地址"
204:      "description": "地图名称"
208:      "description": "加载百度地图"
215:  "description": "Chart 图表渲染器。 文档：https://aisuda.bce.baidu.com/amis/zh-CN/components/chart",
------------------------------------
⚠️  Chinese characters found in: output/CheckboxControlSchema.json
6:      "description": "组件唯一 id，主要用于页面设计器中定位 json 节点"
10:      "description": "容器 css 类名"
14:      "description": "配合 definitions 一起使用，可以实现无限循环的渲染器。"
18:      "description": "是否禁用"
22:      "description": "是否禁用表达式"
26:      "description": "是否隐藏"
30:      "description": "是否隐藏表达式"
34:      "description": "是否显示"
38:      "description": "是否显示表达式"
42:      "description": "组件唯一 id，主要用于日志采集"
70:      "description": "事件动作配置"
74:      "description": "是否静态展示"
78:      "description": "是否静态展示表达式"
82:      "description": "静态展示空值占位"
86:      "description": "静态展示表单项类名"
90:      "description": "静态展示表单项Label类名"
94:      "description": "静态展示表单项Value类名"
99:      "description": "组件样式"
106:          "description": "组件行为、用途，如 create、update、remove"
110:          "description": "组件名称，通常是业务名称方便定位"
113:          "description": "编辑器假数据，方便展示"
116:      "description": "编辑器配置，运行时可以忽略"
120:      "description": "可以组件级别用来关闭移动端样式"
134:      "description": "表单项大小"
146:      "description": "描述标题"
150:      "description": "描述标题"
157:      "description": "label自定义宽度，默认单位为px"
161:      "description": "配置 label className"
165:      "description": "字段名，表单提交时的 key，支持多层级，用.连接，如： a.b.c"
169:      "description": "额外的字段名，当为范围组件时可以用来将另外一个值打平出来"
173:      "description": "显示一个小图标, 鼠标放上去的时候显示提示内容"
177:      "description": "显示一个小图标, 鼠标放上去的时候显示提示内容, 这个小图标跟 label 在一起"
181:      "description": "输入提示，聚焦的时候显示"
185:      "description": "当修改完的时候是否提交表单。"
189:      "description": "是否只读"
193:      "description": "只读条件"
197:      "description": "不设置时，当表单提交过后表单项每次修改都会触发重新验证， 如果设置了，则由此配置项来决定要不要每次修改都触发验证。"
201:      "description": "描述内容，支持 Html 片段。"
208:      "description": "配置描述上的 className"
217:      "description": "配置当前表单项展示模式"
221:      "description": "当配置为水平布局的时候，用来配置具体的左右分配。"
225:      "description": "表单 control 是否为 inline 模式。"
229:      "description": "配置 input className"
233:      "description": "占位符"
237:      "description": "是否为必填"
336:      "description": "验证失败的提示信息"
348:              "description": "是否是字母"
352:              "description": "是否为字母数字"
356:              "description": "是否为邮箱地址"
360:              "description": "是否为浮点型"
364:              "description": "是否为整型"
368:              "description": "是否为 json"
372:              "description": "长度等于指定值"
376:              "description": "是否为数字"
380:              "description": "是否为必填"
384:              "description": "是否为 URL 地址"
388:              "description": "内容命中指定正则"
392:              "description": "内容命中指定正则"
396:              "description": "内容命中指定正则"
400:              "description": "内容命中指定正则"
404:              "description": "内容命中指定正则"
408:              "description": "内容命中指定正则"
412:              "description": "最大长度为指定值"
416:              "description": "最大值为指定值"
420:              "description": "最小长度为指定值"
424:              "description": "最小值为指定值"
438:              "description": "和目标日期相同，支持指定粒度，默认到毫秒"
452:              "description": "早于目标日期，支持指定粒度，默认到毫秒"
466:              "description": "晚于目标日期，支持指定粒度，默认到毫秒"
480:              "description": "早于目标日期或和目标日期相同，支持指定粒度，默认到毫秒"
494:              "description": "晚于目标日期或和目标日期相同，支持指定粒度，默认到毫秒"
508:              "description": "日期处于目标日期范围，支持指定粒度和区间的开闭形式，默认到毫秒, 左右开区间"
522:              "description": "和目标时间相同，支持指定粒度，默认到毫秒"
536:              "description": "早于目标时间，支持指定粒度，默认到毫秒"
550:              "description": "晚于目标时间，支持指定粒度，默认到毫秒"
564:              "description": "早于目标时间或和目标时间相同，支持指定粒度，默认到毫秒"
578:              "description": "晚于目标时间或和目标时间相同，支持指定粒度，默认到毫秒"
592:              "description": "时间处于目标时间范围，支持指定粒度和区间的开闭形式，默认到毫秒, 左右开区间"
599:      "description": "默认值，切记只能是静态值，不支持取变量，跟数据关联是通过设置 name 属性来实现的。"
603:      "description": "表单项隐藏时，是否在当前 Form 中删除掉该表单项值。注意同名的未隐藏的表单项值也会删掉"
614:      "description": "远端校验表单项接口"
629:              "description": "是否为参照录入模式，参照录入会展示候选值供用户选择，而不是直接填充。"
632:              "description": "参照录入时，默认选中的值"
643:              "description": "自动填充 api"
647:              "description": "是否展示数据格式错误提示，默认为不展示",
652:              "description": "填充时的数据映射"
661:              "description": "触发条件，默认为 change"
670:              "description": "弹窗方式，当为参照录入时用可以配置"
674:              "description": "当参照录入为抽屉时可以配置弹出位置"
678:              "description": "当为参照录入时可以配置弹出容器的大小"
683:              "description": "参照录入展示的项"
686:              "description": "参照录入时的过滤条件"
692:      "description": "自动填充，当选项被选择的时候，将选项中的其他值同步设置到表单内。"
711:      "description": "指定为多行文本输入框"
719:      "description": "勾选值"
727:      "description": "未勾选值"
731:      "description": "选项说明"
735:      "description": "角标"
755:  "description": "Checkbox 勾选框。 文档：https://aisuda.bce.baidu.com/amis/zh-CN/components/form/checkbox",
------------------------------------
⚠️  Chinese characters found in: output/CheckboxesControlSchema.json
22:      "description": "选项集合"
33:      "description": "可用来通过 API 拉取 options。"
37:      "description": "默认选择选项第一个值。"
41:      "description": "用表达式来配置 source 接口初始要不要拉取"
45:      "description": "配置 source 接口初始拉不拉取。"
49:      "description": "是否为多选模式"
53:      "description": "单选模式：当用户选中某个选项时，选项中的 value 将被作为该表单项的值提交，否则，整个选项对象都会作为该表单项的值提交。 多选模式：选中的多个选项的 `value` 会通过 `delimiter` 连接起来，否则直接将以数组的形式提交值。"
57:      "description": "分割符"
61:      "description": "多选模式，值太多时是否避免折行"
65:      "description": "开启后将选中的选项 value 的值封装为数组，作为当前表单项的值。"
69:      "description": "是否可清除。"
73:      "description": "点清除按钮时，将表单项设置成当前配置的值。",
78:      "description": "懒加载字段"
89:      "description": "延时加载的 API，当选项中有 defer: true 的选项时，点开会通过此接口扩充。"
100:      "description": "添加时调用的接口"
107:      "description": "新增时的表单项。"
111:      "description": "控制新增弹框设置项"
115:      "description": "是否可以新增"
119:      "description": "新增文字"
123:      "description": "是否可以编辑"
134:      "description": "编辑时调用的 API"
141:      "description": "选项修改的表单项"
145:      "description": "控制编辑弹框设置项"
149:      "description": "是否可删除"
160:      "description": "选项删除 API"
164:      "description": "选项删除提示文字。"
175:      "description": "表单项大小"
187:      "description": "描述标题"
191:      "description": "描述标题"
198:      "description": "label自定义宽度，默认单位为px"
202:      "description": "配置 label className"
206:      "description": "字段名，表单提交时的 key，支持多层级，用.连接，如： a.b.c"
210:      "description": "额外的字段名，当为范围组件时可以用来将另外一个值打平出来"
214:      "description": "输入提示，聚焦的时候显示"
218:      "description": "当修改完的时候是否提交表单。"
222:      "description": "是否只读"
226:      "description": "只读条件"
230:      "description": "不设置时，当表单提交过后表单项每次修改都会触发重新验证， 如果设置了，则由此配置项来决定要不要每次修改都触发验证。"
234:      "description": "描述内容，支持 Html 片段。"
241:      "description": "配置描述上的 className"
250:      "description": "配置当前表单项展示模式"
254:      "description": "当配置为水平布局的时候，用来配置具体的左右分配。"
258:      "description": "表单 control 是否为 inline 模式。"
262:      "description": "配置 input className"
266:      "description": "占位符"
270:      "description": "是否为必填"
369:      "description": "验证失败的提示信息"
381:              "description": "是否是字母"
385:              "description": "是否为字母数字"
389:              "description": "是否为邮箱地址"
393:              "description": "是否为浮点型"
397:              "description": "是否为整型"
401:              "description": "是否为 json"
405:              "description": "长度等于指定值"
409:              "description": "是否为数字"
413:              "description": "是否为必填"
417:              "description": "是否为 URL 地址"
421:              "description": "内容命中指定正则"
425:              "description": "内容命中指定正则"
429:              "description": "内容命中指定正则"
433:              "description": "内容命中指定正则"
437:              "description": "内容命中指定正则"
441:              "description": "内容命中指定正则"
445:              "description": "最大长度为指定值"
449:              "description": "最大值为指定值"
453:              "description": "最小长度为指定值"
457:              "description": "最小值为指定值"
471:              "description": "和目标日期相同，支持指定粒度，默认到毫秒"
485:              "description": "早于目标日期，支持指定粒度，默认到毫秒"
499:              "description": "晚于目标日期，支持指定粒度，默认到毫秒"
513:              "description": "早于目标日期或和目标日期相同，支持指定粒度，默认到毫秒"
527:              "description": "晚于目标日期或和目标日期相同，支持指定粒度，默认到毫秒"
541:              "description": "日期处于目标日期范围，支持指定粒度和区间的开闭形式，默认到毫秒, 左右开区间"
555:              "description": "和目标时间相同，支持指定粒度，默认到毫秒"
569:              "description": "早于目标时间，支持指定粒度，默认到毫秒"
583:              "description": "晚于目标时间，支持指定粒度，默认到毫秒"
597:              "description": "早于目标时间或和目标时间相同，支持指定粒度，默认到毫秒"
611:              "description": "晚于目标时间或和目标时间相同，支持指定粒度，默认到毫秒"
625:              "description": "时间处于目标时间范围，支持指定粒度和区间的开闭形式，默认到毫秒, 左右开区间"
632:      "description": "默认值，切记只能是静态值，不支持取变量，跟数据关联是通过设置 name 属性来实现的。"
636:      "description": "表单项隐藏时，是否在当前 Form 中删除掉该表单项值。注意同名的未隐藏的表单项值也会删掉"
647:      "description": "远端校验表单项接口"
662:              "description": "是否为参照录入模式，参照录入会展示候选值供用户选择，而不是直接填充。"
665:              "description": "参照录入时，默认选中的值"
676:              "description": "自动填充 api"
680:              "description": "是否展示数据格式错误提示，默认为不展示",
685:              "description": "填充时的数据映射"
694:              "description": "触发条件，默认为 change"
703:              "description": "弹窗方式，当为参照录入时用可以配置"
707:              "description": "当参照录入为抽屉时可以配置弹出位置"
711:              "description": "当为参照录入时可以配置弹出容器的大小"
716:              "description": "参照录入展示的项"
719:              "description": "参照录入时的过滤条件"
725:      "description": "自动填充，当选项被选择的时候，将选项中的其他值同步设置到表单内。"
743:      "description": "组件唯一 id，主要用于页面设计器中定位 json 节点"
747:      "description": "容器 css 类名"
751:      "description": "配合 definitions 一起使用，可以实现无限循环的渲染器。"
755:      "description": "是否禁用"
759:      "description": "是否禁用表达式"
763:      "description": "是否隐藏"
767:      "description": "是否隐藏表达式"
771:      "description": "是否显示"
775:      "description": "是否显示表达式"
779:      "description": "组件唯一 id，主要用于日志采集"
807:      "description": "事件动作配置"
811:      "description": "是否静态展示"
815:      "description": "是否静态展示表达式"
819:      "description": "静态展示空值占位"
823:      "description": "静态展示表单项类名"
827:      "description": "静态展示表单项Label类名"
831:      "description": "静态展示表单项Value类名"
836:      "description": "组件样式"
843:          "description": "组件行为、用途，如 create、update、remove"
847:          "description": "组件名称，通常是业务名称方便定位"
850:          "description": "编辑器假数据，方便展示"
853:      "description": "编辑器配置，运行时可以忽略"
857:      "description": "可以组件级别用来关闭移动端样式"
864:      "description": "显示一个小图标, 鼠标放上去的时候显示提示内容"
868:      "description": "显示一个小图标, 鼠标放上去的时候显示提示内容, 这个小图标跟 label 在一起"
873:      "description": "表单项类型"
877:      "description": "是否开启全选功能"
881:      "description": "是否默认全选"
885:      "description": "全选/不选文案"
899:      "description": "每行显示多少个"
903:      "description": "自定义选项展示"
910:  "description": "复选框 文档：https://aisuda.bce.baidu.com/amis/zh-CN/components/form/checkboxes",
------------------------------------
⚠️  Chinese characters found in: output/CollapseGroupSchema.json
6:      "description": "组件唯一 id，主要用于页面设计器中定位 json 节点"
10:      "description": "容器 css 类名"
14:      "description": "配合 definitions 一起使用，可以实现无限循环的渲染器。"
18:      "description": "是否禁用"
22:      "description": "是否禁用表达式"
26:      "description": "是否隐藏"
30:      "description": "是否隐藏表达式"
34:      "description": "是否显示"
38:      "description": "是否显示表达式"
42:      "description": "组件唯一 id，主要用于日志采集"
70:      "description": "事件动作配置"
74:      "description": "是否静态展示"
78:      "description": "是否静态展示表达式"
82:      "description": "静态展示空值占位"
86:      "description": "静态展示表单项类名"
90:      "description": "静态展示表单项Label类名"
94:      "description": "静态展示表单项Value类名"
99:      "description": "组件样式"
106:          "description": "组件行为、用途，如 create、update、remove"
110:          "description": "组件名称，通常是业务名称方便定位"
113:          "description": "编辑器假数据，方便展示"
116:      "description": "编辑器配置，运行时可以忽略"
120:      "description": "可以组件级别用来关闭移动端样式"
128:      "description": "指定为折叠器类型"
151:      "description": "激活面板"
155:      "description": "手风琴模式"
159:      "description": "自定义切换图标"
167:      "description": "设置图标位置"
171:      "description": "内容区域"
175:      "description": "当Collapse作为Form组件的子元素时，开启该属性后组件样式设置为FieldSet组件的样式，默认开启"
182:  "description": "CollapseGroup 折叠渲染器，格式说明。 文档：https://aisuda.bce.baidu.com/amis/zh-CN/components/collapse",
------------------------------------
⚠️  Chinese characters found in: output/CollapseSchema.json
6:      "description": "组件唯一 id，主要用于页面设计器中定位 json 节点"
10:      "description": "容器 css 类名"
14:      "description": "配合 definitions 一起使用，可以实现无限循环的渲染器。"
18:      "description": "是否禁用"
22:      "description": "是否禁用表达式"
26:      "description": "是否隐藏"
30:      "description": "是否隐藏表达式"
34:      "description": "是否显示"
38:      "description": "是否显示表达式"
42:      "description": "组件唯一 id，主要用于日志采集"
70:      "description": "事件动作配置"
74:      "description": "是否静态展示"
78:      "description": "是否静态展示表达式"
82:      "description": "静态展示空值占位"
86:      "description": "静态展示表单项类名"
90:      "description": "静态展示表单项Label类名"
94:      "description": "静态展示表单项Value类名"
99:      "description": "组件样式"
106:          "description": "组件行为、用途，如 create、update、remove"
110:          "description": "组件名称，通常是业务名称方便定位"
113:          "description": "编辑器假数据，方便展示"
116:      "description": "编辑器配置，运行时可以忽略"
120:      "description": "可以组件级别用来关闭移动端样式"
128:      "description": "指定为折叠器类型"
135:      "description": "标识"
143:      "description": "标题展示位置"
154:      "description": "标题"
158:      "description": "内容区域"
162:      "description": "配置 Body 容器 className"
166:      "description": "是否可折叠"
170:      "description": "默认是否折叠"
174:      "description": "图标是否展示"
178:      "description": "自定义切换图标"
182:      "description": "标题 CSS 类名"
186:      "description": "收起的标题"
197:      "description": "控件大小"
201:      "description": "点开时才加载内容"
205:      "description": "卡片隐藏就销毁内容。"
209:      "description": "标题内容分割线"
217:  "description": "Collapse 折叠渲染器，格式说明。 文档：https://aisuda.bce.baidu.com/amis/zh-CN/components/collapse",
------------------------------------
⚠️  Chinese characters found in: output/ColorSchema.json
6:      "description": "组件唯一 id，主要用于页面设计器中定位 json 节点"
10:      "description": "容器 css 类名"
14:      "description": "配合 definitions 一起使用，可以实现无限循环的渲染器。"
18:      "description": "是否禁用"
22:      "description": "是否禁用表达式"
26:      "description": "是否隐藏"
30:      "description": "是否隐藏表达式"
34:      "description": "是否显示"
38:      "description": "是否显示表达式"
42:      "description": "组件唯一 id，主要用于日志采集"
70:      "description": "事件动作配置"
74:      "description": "是否静态展示"
78:      "description": "是否静态展示表达式"
82:      "description": "静态展示空值占位"
86:      "description": "静态展示表单项类名"
90:      "description": "静态展示表单项Label类名"
94:      "description": "静态展示表单项Value类名"
99:      "description": "组件样式"
106:          "description": "组件行为、用途，如 create、update、remove"
110:          "description": "组件名称，通常是业务名称方便定位"
113:          "description": "编辑器假数据，方便展示"
116:      "description": "编辑器配置，运行时可以忽略"
120:      "description": "可以组件级别用来关闭移动端样式"
128:      "description": "指定为颜色显示控件"
135:      "description": "默认颜色"
139:      "description": "是否用文字显示值。"
146:  "description": "Color 显示渲染器，格式说明。 文档：https://aisuda.bce.baidu.com/amis/zh-CN/components/color",
------------------------------------
⚠️  Chinese characters found in: output/ColumnSchema.json
6:      "description": "指定列唯一标识"
17:      "description": "指定列标题"
21:      "description": "指定列内容渲染器"
25:      "description": "指定行合并表达式"
29:      "description": "指定列合并表达式"
36:      "description": "表头分组"
40:      "description": "可复制"
44:      "description": "列表头提示"
55:      "description": "快速搜索"
59:      "description": "快速排序"
63:      "description": "兼容table快速排序"
77:      "description": "兼容table列筛选"
81:      "description": "内容居左、居中、居右"
88:      "description": "是否固定在左侧/右侧"
92:      "description": "当前列是否展示"
96:      "description": "列样式"
100:      "description": "表头单元格样式"
104:      "description": "单元格样式"
108:      "description": "配置快速编辑功能"
118:      "description": "表格列单元格是否可以获取父级数据域值，默认为true，该配置对当前列内单元格生效"
------------------------------------
⚠️  Chinese characters found in: output/ComboControlSchema.json
6:      "description": "组件唯一 id，主要用于页面设计器中定位 json 节点"
10:      "description": "容器 css 类名"
14:      "description": "配合 definitions 一起使用，可以实现无限循环的渲染器。"
18:      "description": "是否禁用"
22:      "description": "是否禁用表达式"
26:      "description": "是否隐藏"
30:      "description": "是否隐藏表达式"
34:      "description": "是否显示"
38:      "description": "是否显示表达式"
42:      "description": "组件唯一 id，主要用于日志采集"
70:      "description": "事件动作配置"
74:      "description": "是否静态展示"
78:      "description": "是否静态展示表达式"
82:      "description": "静态展示空值占位"
86:      "description": "静态展示表单项类名"
90:      "description": "静态展示表单项Label类名"
94:      "description": "静态展示表单项Value类名"
99:      "description": "组件样式"
106:          "description": "组件行为、用途，如 create、update、remove"
110:          "description": "组件名称，通常是业务名称方便定位"
113:          "description": "编辑器假数据，方便展示"
116:      "description": "编辑器配置，运行时可以忽略"
120:      "description": "可以组件级别用来关闭移动端样式"
134:      "description": "表单项大小"
146:      "description": "描述标题"
150:      "description": "描述标题"
157:      "description": "label自定义宽度，默认单位为px"
161:      "description": "配置 label className"
165:      "description": "字段名，表单提交时的 key，支持多层级，用.连接，如： a.b.c"
169:      "description": "额外的字段名，当为范围组件时可以用来将另外一个值打平出来"
173:      "description": "显示一个小图标, 鼠标放上去的时候显示提示内容"
177:      "description": "显示一个小图标, 鼠标放上去的时候显示提示内容, 这个小图标跟 label 在一起"
181:      "description": "输入提示，聚焦的时候显示"
185:      "description": "当修改完的时候是否提交表单。"
189:      "description": "是否只读"
193:      "description": "只读条件"
197:      "description": "不设置时，当表单提交过后表单项每次修改都会触发重新验证， 如果设置了，则由此配置项来决定要不要每次修改都触发验证。"
201:      "description": "描述内容，支持 Html 片段。"
208:      "description": "配置描述上的 className"
217:      "description": "配置当前表单项展示模式"
221:      "description": "当配置为水平布局的时候，用来配置具体的左右分配。"
225:      "description": "表单 control 是否为 inline 模式。"
229:      "description": "配置 input className"
233:      "description": "没有成员时显示。"
237:      "description": "是否为必填"
336:      "description": "验证失败的提示信息"
348:              "description": "是否是字母"
352:              "description": "是否为字母数字"
356:              "description": "是否为邮箱地址"
360:              "description": "是否为浮点型"
364:              "description": "是否为整型"
368:              "description": "是否为 json"
372:              "description": "长度等于指定值"
376:              "description": "是否为数字"
380:              "description": "是否为必填"
384:              "description": "是否为 URL 地址"
388:              "description": "内容命中指定正则"
392:              "description": "内容命中指定正则"
396:              "description": "内容命中指定正则"
400:              "description": "内容命中指定正则"
404:              "description": "内容命中指定正则"
408:              "description": "内容命中指定正则"
412:              "description": "最大长度为指定值"
416:              "description": "最大值为指定值"
420:              "description": "最小长度为指定值"
424:              "description": "最小值为指定值"
438:              "description": "和目标日期相同，支持指定粒度，默认到毫秒"
452:              "description": "早于目标日期，支持指定粒度，默认到毫秒"
466:              "description": "晚于目标日期，支持指定粒度，默认到毫秒"
480:              "description": "早于目标日期或和目标日期相同，支持指定粒度，默认到毫秒"
494:              "description": "晚于目标日期或和目标日期相同，支持指定粒度，默认到毫秒"
508:              "description": "日期处于目标日期范围，支持指定粒度和区间的开闭形式，默认到毫秒, 左右开区间"
522:              "description": "和目标时间相同，支持指定粒度，默认到毫秒"
536:              "description": "早于目标时间，支持指定粒度，默认到毫秒"
550:              "description": "晚于目标时间，支持指定粒度，默认到毫秒"
564:              "description": "早于目标时间或和目标时间相同，支持指定粒度，默认到毫秒"
578:              "description": "晚于目标时间或和目标时间相同，支持指定粒度，默认到毫秒"
592:              "description": "时间处于目标时间范围，支持指定粒度和区间的开闭形式，默认到毫秒, 左右开区间"
599:      "description": "默认值，切记只能是静态值，不支持取变量，跟数据关联是通过设置 name 属性来实现的。"
603:      "description": "表单项隐藏时，是否在当前 Form 中删除掉该表单项值。注意同名的未隐藏的表单项值也会删掉"
614:      "description": "远端校验表单项接口"
629:              "description": "是否为参照录入模式，参照录入会展示候选值供用户选择，而不是直接填充。"
632:              "description": "参照录入时，默认选中的值"
643:              "description": "自动填充 api"
647:              "description": "是否展示数据格式错误提示，默认为不展示",
652:              "description": "填充时的数据映射"
661:              "description": "触发条件，默认为 change"
670:              "description": "弹窗方式，当为参照录入时用可以配置"
674:              "description": "当参照录入为抽屉时可以配置弹出位置"
678:              "description": "当为参照录入时可以配置弹出容器的大小"
683:              "description": "参照录入展示的项"
686:              "description": "参照录入时的过滤条件"
692:      "description": "自动填充，当选项被选择的时候，将选项中的其他值同步设置到表单内。"
711:      "description": "指定为组合输入框类型"
714:      "description": "单组表单项初始值。默认为 `{}`",
719:      "description": "是否含有边框"
723:      "description": "确认删除时的提示"
727:      "description": "删除时调用的api"
731:      "description": "是否可切换条件，配合`conditions`使用"
738:      "description": "符合某类条件后才渲染的schema"
742:      "description": "内部单组表单项的类名"
746:      "description": "新增按钮CSS类名"
750:      "description": "新增按钮文字"
754:      "description": "是否可新增"
765:      "description": "数组输入框的子项"
769:      "description": "是否可拖拽排序"
773:      "description": "可拖拽排序的提示信息。"
777:      "description": "是否将结果扁平化(去掉name),只有当controls的length为1且multiple为true的时候才有效"
781:      "description": "当扁平化开启并且joinValues为true时，用什么分隔符"
785:      "description": "当扁平化开启的时候，是否用分隔符的形式发送给后端，否则采用array的方式"
796:      "description": "限制最大个数"
807:      "description": "限制最小个数"
811:      "description": "是否多行模式，默认一行展示完"
815:      "description": "是否可多选"
819:      "description": "是否可删除"
828:      "description": "子表单的模式。"
832:      "description": "如果是水平排版，这个属性可以细化水平排版的左右宽度占比。"
836:      "description": "是否可以访问父级数据，正常 combo 已经关联到数组成员，是不能访问父级数据的。"
840:      "description": "采用 Tabs 展示方式？"
850:      "description": "Tabs 的展示模式。"
854:      "description": "选项卡标题的生成模板。"
858:      "description": "数据比较多，比较卡时，可以试试开启。"
862:      "description": "严格模式，为了性能默认不开的。"
869:      "description": "配置同步字段。只有 `strictMode` 为 `false` 时有效。 如果 Combo 层级比较深，底层的获取外层的数据可能不同步。 但是给 combo 配置这个属性就能同步下来。输入格式：`[\"os\"]`"
873:      "description": "允许为空，如果子表单项里面配置验证器，且又是单条模式。可以允许用户选择清空（不填）。"
880:          "description": "验证错误提示"
884:          "description": "最小值验证错误提示"
888:          "description": "最大值验证错误提示"
892:      "description": "提示信息"
902:  "description": "Combo 组合输入框类型 文档：https://aisuda.bce.baidu.com/amis/zh-CN/components/form/combo",
------------------------------------
⚠️  Chinese characters found in: output/ComboSubControl.json
15:          "description": "是否唯一, 只有在 combo 里面才有用"
19:          "description": "列类名，可以用来修改这类宽度。"
------------------------------------
⚠️  Chinese characters found in: output/ConditionBuilderControlSchema.json
6:      "description": "组件唯一 id，主要用于页面设计器中定位 json 节点"
10:      "description": "容器 css 类名"
14:      "description": "配合 definitions 一起使用，可以实现无限循环的渲染器。"
18:      "description": "是否禁用"
22:      "description": "是否禁用表达式"
26:      "description": "是否隐藏"
30:      "description": "是否隐藏表达式"
34:      "description": "是否显示"
38:      "description": "是否显示表达式"
42:      "description": "组件唯一 id，主要用于日志采集"
70:      "description": "事件动作配置"
74:      "description": "是否静态展示"
78:      "description": "是否静态展示表达式"
82:      "description": "静态展示空值占位"
86:      "description": "静态展示表单项类名"
90:      "description": "静态展示表单项Label类名"
94:      "description": "静态展示表单项Value类名"
99:      "description": "组件样式"
106:          "description": "组件行为、用途，如 create、update、remove"
110:          "description": "组件名称，通常是业务名称方便定位"
113:          "description": "编辑器假数据，方便展示"
116:      "description": "编辑器配置，运行时可以忽略"
120:      "description": "可以组件级别用来关闭移动端样式"
134:      "description": "表单项大小"
146:      "description": "描述标题"
150:      "description": "描述标题"
157:      "description": "label自定义宽度，默认单位为px"
161:      "description": "配置 label className"
165:      "description": "字段名，表单提交时的 key，支持多层级，用.连接，如： a.b.c"
169:      "description": "额外的字段名，当为范围组件时可以用来将另外一个值打平出来"
173:      "description": "显示一个小图标, 鼠标放上去的时候显示提示内容"
177:      "description": "显示一个小图标, 鼠标放上去的时候显示提示内容, 这个小图标跟 label 在一起"
181:      "description": "输入提示，聚焦的时候显示"
185:      "description": "当修改完的时候是否提交表单。"
189:      "description": "是否只读"
193:      "description": "只读条件"
197:      "description": "不设置时，当表单提交过后表单项每次修改都会触发重新验证， 如果设置了，则由此配置项来决定要不要每次修改都触发验证。"
201:      "description": "描述内容，支持 Html 片段。"
208:      "description": "配置描述上的 className"
217:      "description": "配置当前表单项展示模式"
221:      "description": "当配置为水平布局的时候，用来配置具体的左右分配。"
225:      "description": "表单 control 是否为 inline 模式。"
229:      "description": "配置 input className"
233:      "description": "占位符"
237:      "description": "是否为必填"
336:      "description": "验证失败的提示信息"
348:              "description": "是否是字母"
352:              "description": "是否为字母数字"
356:              "description": "是否为邮箱地址"
360:              "description": "是否为浮点型"
364:              "description": "是否为整型"
368:              "description": "是否为 json"
372:              "description": "长度等于指定值"
376:              "description": "是否为数字"
380:              "description": "是否为必填"
384:              "description": "是否为 URL 地址"
388:              "description": "内容命中指定正则"
392:              "description": "内容命中指定正则"
396:              "description": "内容命中指定正则"
400:              "description": "内容命中指定正则"
404:              "description": "内容命中指定正则"
408:              "description": "内容命中指定正则"
412:              "description": "最大长度为指定值"
416:              "description": "最大值为指定值"
420:              "description": "最小长度为指定值"
424:              "description": "最小值为指定值"
438:              "description": "和目标日期相同，支持指定粒度，默认到毫秒"
452:              "description": "早于目标日期，支持指定粒度，默认到毫秒"
466:              "description": "晚于目标日期，支持指定粒度，默认到毫秒"
480:              "description": "早于目标日期或和目标日期相同，支持指定粒度，默认到毫秒"
494:              "description": "晚于目标日期或和目标日期相同，支持指定粒度，默认到毫秒"
508:              "description": "日期处于目标日期范围，支持指定粒度和区间的开闭形式，默认到毫秒, 左右开区间"
522:              "description": "和目标时间相同，支持指定粒度，默认到毫秒"
536:              "description": "早于目标时间，支持指定粒度，默认到毫秒"
550:              "description": "晚于目标时间，支持指定粒度，默认到毫秒"
564:              "description": "早于目标时间或和目标时间相同，支持指定粒度，默认到毫秒"
578:              "description": "晚于目标时间或和目标时间相同，支持指定粒度，默认到毫秒"
592:              "description": "时间处于目标时间范围，支持指定粒度和区间的开闭形式，默认到毫秒, 左右开区间"
599:      "description": "默认值，切记只能是静态值，不支持取变量，跟数据关联是通过设置 name 属性来实现的。"
603:      "description": "表单项隐藏时，是否在当前 Form 中删除掉该表单项值。注意同名的未隐藏的表单项值也会删掉"
614:      "description": "远端校验表单项接口"
629:              "description": "是否为参照录入模式，参照录入会展示候选值供用户选择，而不是直接填充。"
632:              "description": "参照录入时，默认选中的值"
643:              "description": "自动填充 api"
647:              "description": "是否展示数据格式错误提示，默认为不展示",
652:              "description": "填充时的数据映射"
661:              "description": "触发条件，默认为 change"
670:              "description": "弹窗方式，当为参照录入时用可以配置"
674:              "description": "当参照录入为抽屉时可以配置弹出位置"
678:              "description": "当为参照录入时可以配置弹出容器的大小"
683:              "description": "参照录入展示的项"
686:              "description": "参照录入时的过滤条件"
692:      "description": "自动填充，当选项被选择的时候，将选项中的其他值同步设置到表单内。"
711:      "description": "指定为"
715:      "description": "内嵌模式，默认为 true"
719:      "description": "非内嵌模式时 弹窗触发icon"
723:      "description": "函数集合"
727:      "description": "字段集合"
731:      "description": "其他配置"
742:      "description": "通过远程拉取配置项"
750:      "description": "展现模式"
754:      "description": "是否显示并或切换键按钮，只在简单模式下有用"
758:      "description": "是否可拖拽，默认为 true"
765:      "description": "表达式：控制按钮“添加条件组”的显示"
772:          "description": "evalMode 即直接就是表达式，否则 需要 ${这里面才是表达式} 默认为 true"
776:          "description": "混合模式，意味着这个输入框既可以输入不同文本 也可以输入公式。 当输入公式时，值格式为 ${公式内容} 其他内容当字符串。"
783:          "description": "用于提示的变量集合，默认为空"
791:          "description": "变量展现模式，可选值：'tabs' ｜ 'tree'"
798:          "description": "函数集合，默认不需要传，即  amis-formula 里面那个函数 如果有扩充，则需要传。"
802:          "description": "编辑器标题"
806:          "description": "顶部标题，默认为表达式"
815:          "description": "控件模式"
819:          "description": "外层input是否允许输入，否需要点击fx在弹窗中输入"
823:          "description": "按钮图标"
827:          "description": "按钮Label，inputMode为button时生效"
841:          "description": "按钮样式"
851:          "description": "按钮大小"
860:          "description": "边框模式，全边框，还是半边框，或者没边框。"
864:          "description": "输入框占位符"
868:          "description": "变量面板CSS样式类名"
872:          "description": "函数面板CSS样式类名"
876:          "description": "当前输入项字段 name: 用于避免循环绑定自身导致无限渲染"
880:          "description": "输入框的类型"
884:          "description": "显示一个小图标, 鼠标放上去的时候显示提示内容"
888:          "description": "显示一个小图标, 鼠标放上去的时候显示提示内容, 这个小图标跟 label 在一起"
899:          "description": "表单项大小"
911:          "description": "描述标题"
915:          "description": "描述标题"
922:          "description": "label自定义宽度，默认单位为px"
926:          "description": "配置 label className"
930:          "description": "字段名，表单提交时的 key，支持多层级，用.连接，如： a.b.c"
934:          "description": "额外的字段名，当为范围组件时可以用来将另外一个值打平出来"
938:          "description": "输入提示，聚焦的时候显示"
942:          "description": "当修改完的时候是否提交表单。"
946:          "description": "是否只读"
950:          "description": "只读条件"
954:          "description": "不设置时，当表单提交过后表单项每次修改都会触发重新验证， 如果设置了，则由此配置项来决定要不要每次修改都触发验证。"
958:          "description": "描述内容，支持 Html 片段。"
965:          "description": "配置描述上的 className"
974:          "description": "配置当前表单项展示模式"
978:          "description": "当配置为水平布局的时候，用来配置具体的左右分配。"
982:          "description": "表单 control 是否为 inline 模式。"
986:          "description": "配置 input className"
990:          "description": "是否为必填"
1089:          "description": "验证失败的提示信息"
1101:                  "description": "是否是字母"
1105:                  "description": "是否为字母数字"
1109:                  "description": "是否为邮箱地址"
1113:                  "description": "是否为浮点型"
1117:                  "description": "是否为整型"
1121:                  "description": "是否为 json"
1125:                  "description": "长度等于指定值"
1129:                  "description": "是否为数字"
1133:                  "description": "是否为必填"
1137:                  "description": "是否为 URL 地址"
1141:                  "description": "内容命中指定正则"
1145:                  "description": "内容命中指定正则"
1149:                  "description": "内容命中指定正则"
1153:                  "description": "内容命中指定正则"
1157:                  "description": "内容命中指定正则"
1161:                  "description": "内容命中指定正则"
1165:                  "description": "最大长度为指定值"
1169:                  "description": "最大值为指定值"
1173:                  "description": "最小长度为指定值"
1177:                  "description": "最小值为指定值"
1191:                  "description": "和目标日期相同，支持指定粒度，默认到毫秒"
1205:                  "description": "早于目标日期，支持指定粒度，默认到毫秒"
1219:                  "description": "晚于目标日期，支持指定粒度，默认到毫秒"
1233:                  "description": "早于目标日期或和目标日期相同，支持指定粒度，默认到毫秒"
1247:                  "description": "晚于目标日期或和目标日期相同，支持指定粒度，默认到毫秒"
1261:                  "description": "日期处于目标日期范围，支持指定粒度和区间的开闭形式，默认到毫秒, 左右开区间"
1275:                  "description": "和目标时间相同，支持指定粒度，默认到毫秒"
1289:                  "description": "早于目标时间，支持指定粒度，默认到毫秒"
1303:                  "description": "晚于目标时间，支持指定粒度，默认到毫秒"
1317:                  "description": "早于目标时间或和目标时间相同，支持指定粒度，默认到毫秒"
1331:                  "description": "晚于目标时间或和目标时间相同，支持指定粒度，默认到毫秒"
1345:                  "description": "时间处于目标时间范围，支持指定粒度和区间的开闭形式，默认到毫秒, 左右开区间"
1352:          "description": "默认值，切记只能是静态值，不支持取变量，跟数据关联是通过设置 name 属性来实现的。"
1356:          "description": "表单项隐藏时，是否在当前 Form 中删除掉该表单项值。注意同名的未隐藏的表单项值也会删掉"
1367:          "description": "远端校验表单项接口"
1382:                  "description": "是否为参照录入模式，参照录入会展示候选值供用户选择，而不是直接填充。"
1385:                  "description": "参照录入时，默认选中的值"
1396:                  "description": "自动填充 api"
1400:                  "description": "是否展示数据格式错误提示，默认为不展示",
1405:                  "description": "填充时的数据映射"
1414:                  "description": "触发条件，默认为 change"
1423:                  "description": "弹窗方式，当为参照录入时用可以配置"
1427:                  "description": "当参照录入为抽屉时可以配置弹出位置"
1431:                  "description": "当为参照录入时可以配置弹出容器的大小"
1436:                  "description": "参照录入展示的项"
1439:                  "description": "参照录入时的过滤条件"
1445:          "description": "自动填充，当选项被选择的时候，将选项中的其他值同步设置到表单内。"
1463:          "description": "组件唯一 id，主要用于页面设计器中定位 json 节点"
1467:          "description": "容器 css 类名"
1471:          "description": "配合 definitions 一起使用，可以实现无限循环的渲染器。"
1475:          "description": "是否禁用"
1479:          "description": "是否禁用表达式"
1483:          "description": "是否隐藏"
1487:          "description": "是否隐藏表达式"
1491:          "description": "是否显示"
1495:          "description": "是否显示表达式"
1499:          "description": "组件唯一 id，主要用于日志采集"
1527:          "description": "事件动作配置"
1531:          "description": "是否静态展示"
1535:          "description": "是否静态展示表达式"
1539:          "description": "静态展示空值占位"
1543:          "description": "静态展示表单项类名"
1547:          "description": "静态展示表单项Label类名"
1551:          "description": "静态展示表单项Value类名"
1556:          "description": "组件样式"
1563:              "description": "组件行为、用途，如 create、update、remove"
1567:              "description": "组件名称，通常是业务名称方便定位"
1570:              "description": "编辑器假数据，方便展示"
1573:          "description": "编辑器配置，运行时可以忽略"
1577:          "description": "可以组件级别用来关闭移动端样式"
1589:      "description": "将字段输入控件变成公式编辑器。"
1592:      "description": "if 里面公式编辑器配置"
1600:  "description": "条件组合控件 文档：https://aisuda.bce.baidu.com/amis/zh-CN/components/form/condition-builder",
------------------------------------
⚠️  Chinese characters found in: output/ContainerDraggableConfig.json
11:      "description": "可拖拽的方向, 默认为所有方向, 支持设置为X或Y轴"
28:      "description": "元素的起始位置"
54:      "description": "拖拽的边界, 可以设置坐标, 也可以设置父级元素的选择器"
63:      "description": "以网格模式拖拽的步长"
67:      "description": "初始化拖拽的选择器"
71:      "description": "禁止拖拽的选择器"
75:      "description": "拖拽距离的缩放比, 默认为1"
79:      "description": "默认设置容器内部为'user-select:none', 可以设置true关闭"
83:  "description": "容器拖拽配置",
------------------------------------
⚠️  Chinese characters found in: output/ContainerSchema.json
6:      "description": "组件唯一 id，主要用于页面设计器中定位 json 节点"
10:      "description": "容器 css 类名"
14:      "description": "配合 definitions 一起使用，可以实现无限循环的渲染器。"
18:      "description": "是否禁用"
22:      "description": "是否禁用表达式"
26:      "description": "是否隐藏"
30:      "description": "是否隐藏表达式"
34:      "description": "是否显示"
38:      "description": "是否显示表达式"
42:      "description": "组件唯一 id，主要用于日志采集"
70:      "description": "事件动作配置"
74:      "description": "是否静态展示"
78:      "description": "是否静态展示表达式"
82:      "description": "静态展示空值占位"
86:      "description": "静态展示表单项类名"
90:      "description": "静态展示表单项Label类名"
94:      "description": "静态展示表单项Value类名"
99:      "description": "自定义样式"
106:          "description": "组件行为、用途，如 create、update、remove"
110:          "description": "组件名称，通常是业务名称方便定位"
113:          "description": "编辑器假数据，方便展示"
116:      "description": "编辑器配置，运行时可以忽略"
120:      "description": "可以组件级别用来关闭移动端样式"
128:      "description": "指定为 container 类型"
135:      "description": "内容"
139:      "description": "body 类名"
143:      "description": "使用的标签"
147:      "description": "是否需要对body加一层div包裹，默认为 true"
154:      "description": "是否开启容器拖拽"
165:      "description": "是否开启容器拖拽配置"
174:  "description": "Container 容器渲染器。 文档：https://aisuda.bce.baidu.com/amis/zh-CN/components/container",
------------------------------------
⚠️  Chinese characters found in: output/CopyActionSchema.json
6:      "description": "组件唯一 id，主要用于页面设计器中定位 json 节点"
10:      "description": "容器 css 类名"
14:      "description": "配合 definitions 一起使用，可以实现无限循环的渲染器。"
18:      "description": "是否禁用"
22:      "description": "是否禁用表达式"
26:      "description": "是否隐藏"
30:      "description": "是否隐藏表达式"
34:      "description": "是否显示"
38:      "description": "是否显示表达式"
42:      "description": "主要用于用户行为跟踪里区分是哪个按钮"
70:      "description": "事件动作配置"
74:      "description": "是否静态展示"
78:      "description": "是否静态展示表达式"
82:      "description": "静态展示空值占位"
86:      "description": "静态展示表单项类名"
90:      "description": "静态展示表单项Label类名"
94:      "description": "静态展示表单项Value类名"
99:      "description": "组件样式"
106:          "description": "组件行为、用途，如 create、update、remove"
110:          "description": "组件名称，通常是业务名称方便定位"
113:          "description": "编辑器假数据，方便展示"
116:      "description": "编辑器配置，运行时可以忽略"
120:      "description": "可以组件级别用来关闭移动端样式"
132:      "description": "指定按钮类型，支持 button、submit或者reset三种类型。"
139:      "description": "是否为块状展示，默认为内联。"
143:      "description": "禁用时的文案提示。"
147:      "description": "按钮图标， iconfont 的类名"
151:      "description": "icon 上的css 类名"
155:      "description": "右侧按钮图标， iconfont 的类名"
159:      "description": "右侧 icon 上的 css 类名"
163:      "description": "loading 上的css 类名"
167:      "description": "按钮文字"
182:      "description": "按钮样式"
195:      "description": "按钮大小"
211:      "description": "提示文字，配置了操作前会要求用户确认。"
218:      "description": "如果按钮在form中，配置此属性会要求用户把指定的字段通过验证后才会触发行为。"
222:      "description": "激活状态时的样式"
226:      "description": "激活状态时的类名"
233:      "description": "如果按钮在弹框中，可以配置这个动作完成后是否关闭弹窗，或者指定关闭目标弹框。"
237:      "description": "当按钮时批量操作按钮时，默认必须有勾选元素才能可点击，如果此属性配置成 false，则没有点选成员也能点击。"
241:      "description": "是否将弹框中数据 merge 到父级作用域。"
245:      "description": "可以指定让谁来触发这个动作。"
249:      "description": "点击后的禁止倒计时（秒）"
253:      "description": "倒计时文字自定义"
257:      "description": "角标"
261:      "description": "键盘快捷键"
265:      "description": "是否显示loading效果"
274:      "description": "自定义事件处理函数"
278:      "description": "子内容"
283:      "description": "指定为复制内容行为"
287:      "description": "复制啥内容由此配置，支持模板语法。"
------------------------------------
⚠️  Chinese characters found in: output/DateControlSchema.json
6:      "description": "组件唯一 id，主要用于页面设计器中定位 json 节点"
10:      "description": "容器 css 类名"
14:      "description": "配合 definitions 一起使用，可以实现无限循环的渲染器。"
18:      "description": "是否禁用"
22:      "description": "是否禁用表达式"
26:      "description": "是否隐藏"
30:      "description": "是否隐藏表达式"
34:      "description": "是否显示"
38:      "description": "是否显示表达式"
42:      "description": "组件唯一 id，主要用于日志采集"
70:      "description": "事件动作配置"
74:      "description": "是否静态展示"
78:      "description": "是否静态展示表达式"
82:      "description": "静态展示空值占位"
86:      "description": "静态展示表单项类名"
90:      "description": "静态展示表单项Label类名"
94:      "description": "静态展示表单项Value类名"
99:      "description": "组件样式"
106:          "description": "组件行为、用途，如 create、update、remove"
110:          "description": "组件名称，通常是业务名称方便定位"
113:          "description": "编辑器假数据，方便展示"
116:      "description": "编辑器配置，运行时可以忽略"
120:      "description": "可以组件级别用来关闭移动端样式"
134:      "description": "表单项大小"
146:      "description": "描述标题"
150:      "description": "描述标题"
157:      "description": "label自定义宽度，默认单位为px"
161:      "description": "配置 label className"
165:      "description": "字段名，表单提交时的 key，支持多层级，用.连接，如： a.b.c"
169:      "description": "额外的字段名，当为范围组件时可以用来将另外一个值打平出来"
173:      "description": "显示一个小图标, 鼠标放上去的时候显示提示内容"
177:      "description": "显示一个小图标, 鼠标放上去的时候显示提示内容, 这个小图标跟 label 在一起"
181:      "description": "输入提示，聚焦的时候显示"
185:      "description": "当修改完的时候是否提交表单。"
189:      "description": "是否只读"
193:      "description": "只读条件"
197:      "description": "不设置时，当表单提交过后表单项每次修改都会触发重新验证， 如果设置了，则由此配置项来决定要不要每次修改都触发验证。"
201:      "description": "描述内容，支持 Html 片段。"
208:      "description": "配置描述上的 className"
217:      "description": "配置当前表单项展示模式"
221:      "description": "当配置为水平布局的时候，用来配置具体的左右分配。"
225:      "description": "表单 control 是否为 inline 模式。"
229:      "description": "配置 input className"
233:      "description": "占位符"
237:      "description": "是否为必填"
336:      "description": "验证失败的提示信息"
348:              "description": "是否是字母"
352:              "description": "是否为字母数字"
356:              "description": "是否为邮箱地址"
360:              "description": "是否为浮点型"
364:              "description": "是否为整型"
368:              "description": "是否为 json"
372:              "description": "长度等于指定值"
376:              "description": "是否为数字"
380:              "description": "是否为必填"
384:              "description": "是否为 URL 地址"
388:              "description": "内容命中指定正则"
392:              "description": "内容命中指定正则"
396:              "description": "内容命中指定正则"
400:              "description": "内容命中指定正则"
404:              "description": "内容命中指定正则"
408:              "description": "内容命中指定正则"
412:              "description": "最大长度为指定值"
416:              "description": "最大值为指定值"
420:              "description": "最小长度为指定值"
424:              "description": "最小值为指定值"
438:              "description": "和目标日期相同，支持指定粒度，默认到毫秒"
452:              "description": "早于目标日期，支持指定粒度，默认到毫秒"
466:              "description": "晚于目标日期，支持指定粒度，默认到毫秒"
480:              "description": "早于目标日期或和目标日期相同，支持指定粒度，默认到毫秒"
494:              "description": "晚于目标日期或和目标日期相同，支持指定粒度，默认到毫秒"
508:              "description": "日期处于目标日期范围，支持指定粒度和区间的开闭形式，默认到毫秒, 左右开区间"
522:              "description": "和目标时间相同，支持指定粒度，默认到毫秒"
536:              "description": "早于目标时间，支持指定粒度，默认到毫秒"
550:              "description": "晚于目标时间，支持指定粒度，默认到毫秒"
564:              "description": "早于目标时间或和目标时间相同，支持指定粒度，默认到毫秒"
578:              "description": "晚于目标时间或和目标时间相同，支持指定粒度，默认到毫秒"
592:              "description": "时间处于目标时间范围，支持指定粒度和区间的开闭形式，默认到毫秒, 左右开区间"
599:      "description": "默认值，切记只能是静态值，不支持取变量，跟数据关联是通过设置 name 属性来实现的。"
603:      "description": "表单项隐藏时，是否在当前 Form 中删除掉该表单项值。注意同名的未隐藏的表单项值也会删掉"
614:      "description": "远端校验表单项接口"
629:              "description": "是否为参照录入模式，参照录入会展示候选值供用户选择，而不是直接填充。"
632:              "description": "参照录入时，默认选中的值"
643:              "description": "自动填充 api"
647:              "description": "是否展示数据格式错误提示，默认为不展示",
652:              "description": "填充时的数据映射"
661:              "description": "触发条件，默认为 change"
670:              "description": "弹窗方式，当为参照录入时用可以配置"
674:              "description": "当参照录入为抽屉时可以配置弹出位置"
678:              "description": "当为参照录入时可以配置弹出容器的大小"
683:              "description": "参照录入展示的项"
686:              "description": "参照录入时的过滤条件"
692:      "description": "自动填充，当选项被选择的时候，将选项中的其他值同步设置到表单内。"
711:      "description": "指定为日期选择控件"
715:      "description": "是否显示清除按钮"
719:      "description": "日期存储格式"
723:      "description": "替代format"
727:      "description": "日期展示格式"
731:      "description": "日期展示格式(新：替代inputFormat)"
735:      "description": "设定是否存储 utc 时间。"
739:      "description": "是否为内联模式？"
748:      "description": "边框模式，全边框，还是半边框，或者没边框。"
762:      "description": "日期快捷键"
766:      "description": "字符串函数，用来决定是否禁用某个日期。\n\n(currentDate: moment.Moment, props: any) => boolean;"
773:      "description": "点选日期后是否关闭弹窗"
777:      "description": "限制最小日期"
781:      "description": "限制最大日期"
785:      "description": "弹窗容器选择器"
792:  "description": "Date日期选择控件 文档：https://aisuda.bce.baidu.com/amis/zh-CN/components/form/date",
------------------------------------
⚠️  Chinese characters found in: output/DateRangeControlSchema.json
6:      "description": "组件唯一 id，主要用于页面设计器中定位 json 节点"
10:      "description": "容器 css 类名"
14:      "description": "配合 definitions 一起使用，可以实现无限循环的渲染器。"
18:      "description": "是否禁用"
22:      "description": "是否禁用表达式"
26:      "description": "是否隐藏"
30:      "description": "是否隐藏表达式"
34:      "description": "是否显示"
38:      "description": "是否显示表达式"
42:      "description": "组件唯一 id，主要用于日志采集"
70:      "description": "事件动作配置"
74:      "description": "是否静态展示"
78:      "description": "是否静态展示表达式"
82:      "description": "静态展示空值占位"
86:      "description": "静态展示表单项类名"
90:      "description": "静态展示表单项Label类名"
94:      "description": "静态展示表单项Value类名"
99:      "description": "组件样式"
106:          "description": "组件行为、用途，如 create、update、remove"
110:          "description": "组件名称，通常是业务名称方便定位"
113:          "description": "编辑器假数据，方便展示"
116:      "description": "编辑器配置，运行时可以忽略"
120:      "description": "可以组件级别用来关闭移动端样式"
134:      "description": "表单项大小"
146:      "description": "描述标题"
150:      "description": "描述标题"
157:      "description": "label自定义宽度，默认单位为px"
161:      "description": "配置 label className"
165:      "description": "字段名，表单提交时的 key，支持多层级，用.连接，如： a.b.c"
169:      "description": "额外的字段名，当为范围组件时可以用来将另外一个值打平出来"
173:      "description": "显示一个小图标, 鼠标放上去的时候显示提示内容"
177:      "description": "显示一个小图标, 鼠标放上去的时候显示提示内容, 这个小图标跟 label 在一起"
181:      "description": "输入提示，聚焦的时候显示"
185:      "description": "当修改完的时候是否提交表单。"
189:      "description": "是否只读"
193:      "description": "只读条件"
197:      "description": "不设置时，当表单提交过后表单项每次修改都会触发重新验证， 如果设置了，则由此配置项来决定要不要每次修改都触发验证。"
201:      "description": "描述内容，支持 Html 片段。"
208:      "description": "配置描述上的 className"
217:      "description": "配置当前表单项展示模式"
221:      "description": "当配置为水平布局的时候，用来配置具体的左右分配。"
225:      "description": "表单 control 是否为 inline 模式。"
229:      "description": "配置 input className"
233:      "description": "占位符"
237:      "description": "是否为必填"
336:      "description": "验证失败的提示信息"
348:              "description": "是否是字母"
352:              "description": "是否为字母数字"
356:              "description": "是否为邮箱地址"
360:              "description": "是否为浮点型"
364:              "description": "是否为整型"
368:              "description": "是否为 json"
372:              "description": "长度等于指定值"
376:              "description": "是否为数字"
380:              "description": "是否为必填"
384:              "description": "是否为 URL 地址"
388:              "description": "内容命中指定正则"
392:              "description": "内容命中指定正则"
396:              "description": "内容命中指定正则"
400:              "description": "内容命中指定正则"
404:              "description": "内容命中指定正则"
408:              "description": "内容命中指定正则"
412:              "description": "最大长度为指定值"
416:              "description": "最大值为指定值"
420:              "description": "最小长度为指定值"
424:              "description": "最小值为指定值"
438:              "description": "和目标日期相同，支持指定粒度，默认到毫秒"
452:              "description": "早于目标日期，支持指定粒度，默认到毫秒"
466:              "description": "晚于目标日期，支持指定粒度，默认到毫秒"
480:              "description": "早于目标日期或和目标日期相同，支持指定粒度，默认到毫秒"
494:              "description": "晚于目标日期或和目标日期相同，支持指定粒度，默认到毫秒"
508:              "description": "日期处于目标日期范围，支持指定粒度和区间的开闭形式，默认到毫秒, 左右开区间"
522:              "description": "和目标时间相同，支持指定粒度，默认到毫秒"
536:              "description": "早于目标时间，支持指定粒度，默认到毫秒"
550:              "description": "晚于目标时间，支持指定粒度，默认到毫秒"
564:              "description": "早于目标时间或和目标时间相同，支持指定粒度，默认到毫秒"
578:              "description": "晚于目标时间或和目标时间相同，支持指定粒度，默认到毫秒"
592:              "description": "时间处于目标时间范围，支持指定粒度和区间的开闭形式，默认到毫秒, 左右开区间"
599:      "description": "这里面 value 需要特殊说明一下，因为支持相对值。* `-2mins` 2分钟前\\n * `+2days` 2天后\\n* `-10week` 十周前\\n可用单位： `min`、`hour`、`day`、`week`、`month`、`year`。所有单位支持复数形式。"
603:      "description": "表单项隐藏时，是否在当前 Form 中删除掉该表单项值。注意同名的未隐藏的表单项值也会删掉"
614:      "description": "远端校验表单项接口"
629:              "description": "是否为参照录入模式，参照录入会展示候选值供用户选择，而不是直接填充。"
632:              "description": "参照录入时，默认选中的值"
643:              "description": "自动填充 api"
647:              "description": "是否展示数据格式错误提示，默认为不展示",
652:              "description": "填充时的数据映射"
661:              "description": "触发条件，默认为 change"
670:              "description": "弹窗方式，当为参照录入时用可以配置"
674:              "description": "当参照录入为抽屉时可以配置弹出位置"
678:              "description": "当为参照录入时可以配置弹出容器的大小"
683:              "description": "参照录入展示的项"
686:              "description": "参照录入时的过滤条件"
692:      "description": "自动填充，当选项被选择的时候，将选项中的其他值同步设置到表单内。"
715:      "description": "指定为日期范围控件"
719:      "description": "分割符, 因为有两个值，开始时间和结束时间，所以要有连接符。默认为英文逗号。"
723:      "description": "默认 `X` 即时间戳格式，用来提交的时间格式。更多格式类型请参考 moment."
727:      "description": "用来提交的时间格式。更多格式类型请参考 moment.（新：同format）"
731:      "description": "默认 `YYYY-MM-DD` 用来配置显示的时间格式。"
735:      "description": "用来配置显示的时间格式（新：同inputFormat）"
739:      "description": "开启后将选中的选项 value 的值用连接符拼接起来，作为当前表单项的值。如： `value1,value2` 否则为 `[value1, value2]`"
743:      "description": "最大日期限制，支持变量 $xxx 来取值，或者用相对值如：* `-2mins` 2分钟前\\n * `+2days` 2天后\\n* `-10week` 十周前\\n可用单位： `min`、`hour`、`day`、`week`、`month`、`year`。所有单位支持复数形式。"
747:      "description": "最小日期限制，支持变量 $xxx 来取值，或者用相对值如：* `-2mins` 2分钟前\\n * `+2days` 2天后\\n* `-10week` 十周前\\n可用单位： `min`、`hour`、`day`、`week`、`month`、`year`。所有单位支持复数形式。"
751:      "description": "最大跨度，比如 2days"
755:      "description": "最小跨度，比如 2days"
764:      "description": "边框模式，全边框，还是半边框，或者没边框。"
768:      "description": "开启后变成非弹出模式，即内联模式。"
782:      "description": "日期范围快捷键"
796:      "description": "日期范围快捷键"
800:      "description": "日期范围开始时间-占位符"
804:      "description": "日期范围结束时间-占位符"
808:      "description": "是否启用游标动画，默认开启"
812:      "description": "日期数据处理函数，用来处理选择日期之后的的值\n\n(value: moment.Moment, config: {type: 'start' | 'end'; originValue: moment.Moment, timeFormat: string}, props: any, data: any, moment: moment) => moment.Moment;"
816:      "description": "弹窗容器选择器"
823:  "description": "DateRange 日期范围控件 文档：https://aisuda.bce.baidu.com/amis/zh-CN/components/form/date-range",
------------------------------------
⚠️  Chinese characters found in: output/DateRangeSchema.json
6:      "description": "组件唯一 id，主要用于页面设计器中定位 json 节点"
10:      "description": "容器 css 类名"
14:      "description": "配合 definitions 一起使用，可以实现无限循环的渲染器。"
18:      "description": "是否禁用"
22:      "description": "是否禁用表达式"
26:      "description": "是否隐藏"
30:      "description": "是否隐藏表达式"
34:      "description": "是否显示"
38:      "description": "是否显示表达式"
42:      "description": "组件唯一 id，主要用于日志采集"
70:      "description": "事件动作配置"
74:      "description": "是否静态展示"
78:      "description": "是否静态展示表达式"
82:      "description": "静态展示空值占位"
86:      "description": "静态展示表单项类名"
90:      "description": "静态展示表单项Label类名"
94:      "description": "静态展示表单项Value类名"
99:      "description": "组件样式"
106:          "description": "组件行为、用途，如 create、update、remove"
110:          "description": "组件名称，通常是业务名称方便定位"
113:          "description": "编辑器假数据，方便展示"
116:      "description": "编辑器配置，运行时可以忽略"
120:      "description": "可以组件级别用来关闭移动端样式"
128:      "description": "指定为日期展示类型"
135:      "description": "值的时间格式，参考 moment 中的格式说明。"
139:      "description": "展示的时间格式，参考 moment 中的格式说明。"
143:      "description": "展示的时间格式，参考 moment 中的格式说明。（新：同format）"
147:      "description": "分割符"
151:      "description": "连接符"
158:  "description": "DateRange 展示渲染器。",
------------------------------------
⚠️  Chinese characters found in: output/DateSchema.json
6:      "description": "组件唯一 id，主要用于页面设计器中定位 json 节点"
10:      "description": "容器 css 类名"
14:      "description": "配合 definitions 一起使用，可以实现无限循环的渲染器。"
18:      "description": "是否禁用"
22:      "description": "是否禁用表达式"
26:      "description": "是否隐藏"
30:      "description": "是否隐藏表达式"
34:      "description": "是否显示"
38:      "description": "是否显示表达式"
42:      "description": "组件唯一 id，主要用于日志采集"
70:      "description": "事件动作配置"
74:      "description": "是否静态展示"
78:      "description": "是否静态展示表达式"
82:      "description": "静态展示空值占位"
86:      "description": "静态展示表单项类名"
90:      "description": "静态展示表单项Label类名"
94:      "description": "静态展示表单项Value类名"
99:      "description": "组件样式"
106:          "description": "组件行为、用途，如 create、update、remove"
110:          "description": "组件名称，通常是业务名称方便定位"
113:          "description": "编辑器假数据，方便展示"
116:      "description": "编辑器配置，运行时可以忽略"
120:      "description": "可以组件级别用来关闭移动端样式"
135:      "description": "指定为日期展示类型"
142:      "description": "展示的时间格式，参考 moment 中的格式说明。"
146:      "description": "展示的时间格式，参考 moment 中的格式说明。（新：同format）"
150:      "description": "占位符"
154:      "description": "值的时间格式，参考 moment 中的格式说明。"
158:      "description": "显示成相对时间，比如1分钟前"
162:      "description": "更新频率， 默认为1分钟"
166:      "description": "时区"
173:  "description": "Date 展示渲染器。 文档：https://aisuda.bce.baidu.com/amis/zh-CN/components/date",
------------------------------------
⚠️  Chinese characters found in: output/DateTimeControlSchema.json
6:      "description": "组件唯一 id，主要用于页面设计器中定位 json 节点"
10:      "description": "容器 css 类名"
14:      "description": "配合 definitions 一起使用，可以实现无限循环的渲染器。"
18:      "description": "是否禁用"
22:      "description": "是否禁用表达式"
26:      "description": "是否隐藏"
30:      "description": "是否隐藏表达式"
34:      "description": "是否显示"
38:      "description": "是否显示表达式"
42:      "description": "组件唯一 id，主要用于日志采集"
70:      "description": "事件动作配置"
74:      "description": "是否静态展示"
78:      "description": "是否静态展示表达式"
82:      "description": "静态展示空值占位"
86:      "description": "静态展示表单项类名"
90:      "description": "静态展示表单项Label类名"
94:      "description": "静态展示表单项Value类名"
99:      "description": "组件样式"
106:          "description": "组件行为、用途，如 create、update、remove"
110:          "description": "组件名称，通常是业务名称方便定位"
113:          "description": "编辑器假数据，方便展示"
116:      "description": "编辑器配置，运行时可以忽略"
120:      "description": "可以组件级别用来关闭移动端样式"
134:      "description": "表单项大小"
146:      "description": "描述标题"
150:      "description": "描述标题"
157:      "description": "label自定义宽度，默认单位为px"
161:      "description": "配置 label className"
165:      "description": "字段名，表单提交时的 key，支持多层级，用.连接，如： a.b.c"
169:      "description": "额外的字段名，当为范围组件时可以用来将另外一个值打平出来"
173:      "description": "显示一个小图标, 鼠标放上去的时候显示提示内容"
177:      "description": "显示一个小图标, 鼠标放上去的时候显示提示内容, 这个小图标跟 label 在一起"
181:      "description": "输入提示，聚焦的时候显示"
185:      "description": "当修改完的时候是否提交表单。"
189:      "description": "是否只读"
193:      "description": "只读条件"
197:      "description": "不设置时，当表单提交过后表单项每次修改都会触发重新验证， 如果设置了，则由此配置项来决定要不要每次修改都触发验证。"
201:      "description": "描述内容，支持 Html 片段。"
208:      "description": "配置描述上的 className"
217:      "description": "配置当前表单项展示模式"
221:      "description": "当配置为水平布局的时候，用来配置具体的左右分配。"
225:      "description": "表单 control 是否为 inline 模式。"
229:      "description": "配置 input className"
233:      "description": "占位符"
237:      "description": "是否为必填"
336:      "description": "验证失败的提示信息"
348:              "description": "是否是字母"
352:              "description": "是否为字母数字"
356:              "description": "是否为邮箱地址"
360:              "description": "是否为浮点型"
364:              "description": "是否为整型"
368:              "description": "是否为 json"
372:              "description": "长度等于指定值"
376:              "description": "是否为数字"
380:              "description": "是否为必填"
384:              "description": "是否为 URL 地址"
388:              "description": "内容命中指定正则"
392:              "description": "内容命中指定正则"
396:              "description": "内容命中指定正则"
400:              "description": "内容命中指定正则"
404:              "description": "内容命中指定正则"
408:              "description": "内容命中指定正则"
412:              "description": "最大长度为指定值"
416:              "description": "最大值为指定值"
420:              "description": "最小长度为指定值"
424:              "description": "最小值为指定值"
438:              "description": "和目标日期相同，支持指定粒度，默认到毫秒"
452:              "description": "早于目标日期，支持指定粒度，默认到毫秒"
466:              "description": "晚于目标日期，支持指定粒度，默认到毫秒"
480:              "description": "早于目标日期或和目标日期相同，支持指定粒度，默认到毫秒"
494:              "description": "晚于目标日期或和目标日期相同，支持指定粒度，默认到毫秒"
508:              "description": "日期处于目标日期范围，支持指定粒度和区间的开闭形式，默认到毫秒, 左右开区间"
522:              "description": "和目标时间相同，支持指定粒度，默认到毫秒"
536:              "description": "早于目标时间，支持指定粒度，默认到毫秒"
550:              "description": "晚于目标时间，支持指定粒度，默认到毫秒"
564:              "description": "早于目标时间或和目标时间相同，支持指定粒度，默认到毫秒"
578:              "description": "晚于目标时间或和目标时间相同，支持指定粒度，默认到毫秒"
592:              "description": "时间处于目标时间范围，支持指定粒度和区间的开闭形式，默认到毫秒, 左右开区间"
599:      "description": "默认值，切记只能是静态值，不支持取变量，跟数据关联是通过设置 name 属性来实现的。"
603:      "description": "表单项隐藏时，是否在当前 Form 中删除掉该表单项值。注意同名的未隐藏的表单项值也会删掉"
614:      "description": "远端校验表单项接口"
629:              "description": "是否为参照录入模式，参照录入会展示候选值供用户选择，而不是直接填充。"
632:              "description": "参照录入时，默认选中的值"
643:              "description": "自动填充 api"
647:              "description": "是否展示数据格式错误提示，默认为不展示",
652:              "description": "填充时的数据映射"
661:              "description": "触发条件，默认为 change"
670:              "description": "弹窗方式，当为参照录入时用可以配置"
674:              "description": "当参照录入为抽屉时可以配置弹出位置"
678:              "description": "当为参照录入时可以配置弹出容器的大小"
683:              "description": "参照录入展示的项"
686:              "description": "参照录入时的过滤条件"
692:      "description": "自动填充，当选项被选择的时候，将选项中的其他值同步设置到表单内。"
711:      "description": "指定为日期时间选择控件"
715:      "description": "是否显示清除按钮"
719:      "description": "日期存储格式"
723:      "description": "替代format"
727:      "description": "日期展示格式"
731:      "description": "日期展示格式(新：替代inputFormat)"
735:      "description": "设定是否存储 utc 时间。"
739:      "description": "是否为内联模式？"
748:      "description": "边框模式，全边框，还是半边框，或者没边框。"
762:      "description": "日期快捷键"
766:      "description": "字符串函数，用来决定是否禁用某个日期。\n\n(currentDate: moment.Moment, props: any) => boolean;"
773:      "description": "时间的格式。"
777:      "description": "限制最小日期"
781:      "description": "限制最大日期"
784:      "description": "时间输入范围限制"
788:      "description": "是否为结束时间，如果是，那么会自动加上 23:59:59"
795:  "description": "Datetime日期时间选择控件 文档：https://aisuda.bce.baidu.com/amis/zh-CN/components/form/datetime",
------------------------------------
⚠️  Chinese characters found in: output/DialogActionSchema.json
6:      "description": "组件唯一 id，主要用于页面设计器中定位 json 节点"
10:      "description": "容器 css 类名"
14:      "description": "配合 definitions 一起使用，可以实现无限循环的渲染器。"
18:      "description": "是否禁用"
22:      "description": "是否禁用表达式"
26:      "description": "是否隐藏"
30:      "description": "是否隐藏表达式"
34:      "description": "是否显示"
38:      "description": "是否显示表达式"
42:      "description": "主要用于用户行为跟踪里区分是哪个按钮"
70:      "description": "事件动作配置"
74:      "description": "是否静态展示"
78:      "description": "是否静态展示表达式"
82:      "description": "静态展示空值占位"
86:      "description": "静态展示表单项类名"
90:      "description": "静态展示表单项Label类名"
94:      "description": "静态展示表单项Value类名"
99:      "description": "组件样式"
106:          "description": "组件行为、用途，如 create、update、remove"
110:          "description": "组件名称，通常是业务名称方便定位"
113:          "description": "编辑器假数据，方便展示"
116:      "description": "编辑器配置，运行时可以忽略"
120:      "description": "可以组件级别用来关闭移动端样式"
132:      "description": "指定按钮类型，支持 button、submit或者reset三种类型。"
139:      "description": "是否为块状展示，默认为内联。"
143:      "description": "禁用时的文案提示。"
147:      "description": "按钮图标， iconfont 的类名"
151:      "description": "icon 上的css 类名"
155:      "description": "右侧按钮图标， iconfont 的类名"
159:      "description": "右侧 icon 上的 css 类名"
163:      "description": "loading 上的css 类名"
167:      "description": "按钮文字"
182:      "description": "按钮样式"
195:      "description": "按钮大小"
211:      "description": "提示文字，配置了操作前会要求用户确认。"
218:      "description": "如果按钮在form中，配置此属性会要求用户把指定的字段通过验证后才会触发行为。"
222:      "description": "激活状态时的样式"
226:      "description": "激活状态时的类名"
233:      "description": "如果按钮在弹框中，可以配置这个动作完成后是否关闭弹窗，或者指定关闭目标弹框。"
237:      "description": "当按钮时批量操作按钮时，默认必须有勾选元素才能可点击，如果此属性配置成 false，则没有点选成员也能点击。"
241:      "description": "是否将弹框中数据 merge 到父级作用域。"
245:      "description": "可以指定让谁来触发这个动作。"
249:      "description": "点击后的禁止倒计时（秒）"
253:      "description": "倒计时文字自定义"
257:      "description": "角标"
261:      "description": "键盘快捷键"
265:      "description": "是否显示loading效果"
274:      "description": "自定义事件处理函数"
278:      "description": "子内容"
283:      "description": "指定为打开弹窗"
287:      "description": "弹框详情 文档：https://aisuda.bce.baidu.com/amis/zh-CN/components/dialog"
291:      "description": "是否有下一个的表达式，正常可以不用配置，如果想要刷掉某些数据可以配置这个。"
300:      "description": "数据映射"
------------------------------------
⚠️  Chinese characters found in: output/DialogSchema.json
6:      "description": "组件唯一 id，主要用于页面设计器中定位 json 节点"
10:      "description": "容器 css 类名"
14:      "description": "配合 definitions 一起使用，可以实现无限循环的渲染器。"
18:      "description": "是否禁用"
22:      "description": "是否禁用表达式"
26:      "description": "是否隐藏"
30:      "description": "是否隐藏表达式"
34:      "description": "是否显示"
38:      "description": "是否显示表达式"
42:      "description": "组件唯一 id，主要用于日志采集"
70:      "description": "事件动作配置"
74:      "description": "是否静态展示"
78:      "description": "是否静态展示表达式"
82:      "description": "静态展示空值占位"
86:      "description": "静态展示表单项类名"
90:      "description": "静态展示表单项Label类名"
94:      "description": "静态展示表单项Value类名"
99:      "description": "组件样式"
106:          "description": "组件行为、用途，如 create、update、remove"
110:          "description": "组件名称，通常是业务名称方便定位"
113:          "description": "编辑器假数据，方便展示"
116:      "description": "编辑器配置，运行时可以忽略"
120:      "description": "可以组件级别用来关闭移动端样式"
133:      "description": "弹窗参数说明，值格式为 JSONSchema。"
140:      "description": "默认不用填写，自动会创建确认和取消按钮。"
144:      "description": "内容区域"
148:      "description": "配置 Body 容器 className"
152:      "description": "是否支持按 ESC 关闭 Dialog"
156:      "description": "是否支持点其它区域关闭 Dialog"
171:      "description": "Dialog 大小"
175:      "description": "Dialog 高度"
179:      "description": "Dialog 宽度"
183:      "description": "请通过配置 title 设置标题"
196:      "description": "影响自动生成的按钮，如果自己配置了按钮这个配置无效。"
200:      "description": "是否显示关闭按钮"
204:      "description": "是否显示错误信息"
208:      "description": "是否显示 spinner"
212:      "description": "是否显示蒙层"
217:      "description": "弹框类型 confirm 确认弹框"
221:      "description": "可拖拽"
225:      "description": "数据映射"
232:  "description": "Dialog 弹框渲染器。 文档：https://aisuda.bce.baidu.com/amis/zh-CN/components/dialog",
------------------------------------
⚠️  Chinese characters found in: output/DialogSchemaBase.json
5:      "description": "弹窗参数说明，值格式为 JSONSchema。"
12:      "description": "默认不用填写，自动会创建确认和取消按钮。"
16:      "description": "内容区域"
20:      "description": "配置 Body 容器 className"
24:      "description": "是否支持按 ESC 关闭 Dialog"
28:      "description": "是否支持点其它区域关闭 Dialog"
43:      "description": "Dialog 大小"
47:      "description": "Dialog 高度"
51:      "description": "Dialog 宽度"
55:      "description": "请通过配置 title 设置标题"
68:      "description": "影响自动生成的按钮，如果自己配置了按钮这个配置无效。"
72:      "description": "是否显示关闭按钮"
76:      "description": "是否显示错误信息"
80:      "description": "是否显示 spinner"
84:      "description": "是否显示蒙层"
89:      "description": "弹框类型 confirm 确认弹框"
93:      "description": "可拖拽"
97:      "description": "数据映射"
104:      "description": "组件唯一 id，主要用于页面设计器中定位 json 节点"
108:      "description": "容器 css 类名"
112:      "description": "配合 definitions 一起使用，可以实现无限循环的渲染器。"
116:      "description": "是否禁用"
120:      "description": "是否禁用表达式"
124:      "description": "是否隐藏"
128:      "description": "是否隐藏表达式"
132:      "description": "是否显示"
136:      "description": "是否显示表达式"
140:      "description": "组件唯一 id，主要用于日志采集"
168:      "description": "事件动作配置"
172:      "description": "是否静态展示"
176:      "description": "是否静态展示表达式"
180:      "description": "静态展示空值占位"
184:      "description": "静态展示表单项类名"
188:      "description": "静态展示表单项Label类名"
192:      "description": "静态展示表单项Value类名"
197:      "description": "组件样式"
204:          "description": "组件行为、用途，如 create、update、remove"
208:          "description": "组件名称，通常是业务名称方便定位"
211:          "description": "编辑器假数据，方便展示"
214:      "description": "编辑器配置，运行时可以忽略"
218:      "description": "可以组件级别用来关闭移动端样式"
------------------------------------
⚠️  Chinese characters found in: output/DiffControlSchema.json
6:      "description": "组件唯一 id，主要用于页面设计器中定位 json 节点"
10:      "description": "容器 css 类名"
14:      "description": "配合 definitions 一起使用，可以实现无限循环的渲染器。"
18:      "description": "是否禁用"
22:      "description": "是否禁用表达式"
26:      "description": "是否隐藏"
30:      "description": "是否隐藏表达式"
34:      "description": "是否显示"
38:      "description": "是否显示表达式"
42:      "description": "组件唯一 id，主要用于日志采集"
70:      "description": "事件动作配置"
74:      "description": "是否静态展示"
78:      "description": "是否静态展示表达式"
82:      "description": "静态展示空值占位"
86:      "description": "静态展示表单项类名"
90:      "description": "静态展示表单项Label类名"
94:      "description": "静态展示表单项Value类名"
99:      "description": "组件样式"
106:          "description": "组件行为、用途，如 create、update、remove"
110:          "description": "组件名称，通常是业务名称方便定位"
113:          "description": "编辑器假数据，方便展示"
116:      "description": "编辑器配置，运行时可以忽略"
120:      "description": "可以组件级别用来关闭移动端样式"
134:      "description": "表单项大小"
146:      "description": "描述标题"
150:      "description": "描述标题"
157:      "description": "label自定义宽度，默认单位为px"
161:      "description": "配置 label className"
165:      "description": "字段名，表单提交时的 key，支持多层级，用.连接，如： a.b.c"
169:      "description": "额外的字段名，当为范围组件时可以用来将另外一个值打平出来"
173:      "description": "显示一个小图标, 鼠标放上去的时候显示提示内容"
177:      "description": "显示一个小图标, 鼠标放上去的时候显示提示内容, 这个小图标跟 label 在一起"
181:      "description": "输入提示，聚焦的时候显示"
185:      "description": "当修改完的时候是否提交表单。"
189:      "description": "是否只读"
193:      "description": "只读条件"
197:      "description": "不设置时，当表单提交过后表单项每次修改都会触发重新验证， 如果设置了，则由此配置项来决定要不要每次修改都触发验证。"
201:      "description": "描述内容，支持 Html 片段。"
208:      "description": "配置描述上的 className"
217:      "description": "配置当前表单项展示模式"
221:      "description": "当配置为水平布局的时候，用来配置具体的左右分配。"
225:      "description": "表单 control 是否为 inline 模式。"
229:      "description": "配置 input className"
233:      "description": "占位符"
237:      "description": "是否为必填"
336:      "description": "验证失败的提示信息"
348:              "description": "是否是字母"
352:              "description": "是否为字母数字"
356:              "description": "是否为邮箱地址"
360:              "description": "是否为浮点型"
364:              "description": "是否为整型"
368:              "description": "是否为 json"
372:              "description": "长度等于指定值"
376:              "description": "是否为数字"
380:              "description": "是否为必填"
384:              "description": "是否为 URL 地址"
388:              "description": "内容命中指定正则"
392:              "description": "内容命中指定正则"
396:              "description": "内容命中指定正则"
400:              "description": "内容命中指定正则"
404:              "description": "内容命中指定正则"
408:              "description": "内容命中指定正则"
412:              "description": "最大长度为指定值"
416:              "description": "最大值为指定值"
420:              "description": "最小长度为指定值"
424:              "description": "最小值为指定值"
438:              "description": "和目标日期相同，支持指定粒度，默认到毫秒"
452:              "description": "早于目标日期，支持指定粒度，默认到毫秒"
466:              "description": "晚于目标日期，支持指定粒度，默认到毫秒"
480:              "description": "早于目标日期或和目标日期相同，支持指定粒度，默认到毫秒"
494:              "description": "晚于目标日期或和目标日期相同，支持指定粒度，默认到毫秒"
508:              "description": "日期处于目标日期范围，支持指定粒度和区间的开闭形式，默认到毫秒, 左右开区间"
522:              "description": "和目标时间相同，支持指定粒度，默认到毫秒"
536:              "description": "早于目标时间，支持指定粒度，默认到毫秒"
550:              "description": "晚于目标时间，支持指定粒度，默认到毫秒"
564:              "description": "早于目标时间或和目标时间相同，支持指定粒度，默认到毫秒"
578:              "description": "晚于目标时间或和目标时间相同，支持指定粒度，默认到毫秒"
592:              "description": "时间处于目标时间范围，支持指定粒度和区间的开闭形式，默认到毫秒, 左右开区间"
599:      "description": "默认值，切记只能是静态值，不支持取变量，跟数据关联是通过设置 name 属性来实现的。"
603:      "description": "表单项隐藏时，是否在当前 Form 中删除掉该表单项值。注意同名的未隐藏的表单项值也会删掉"
614:      "description": "远端校验表单项接口"
629:              "description": "是否为参照录入模式，参照录入会展示候选值供用户选择，而不是直接填充。"
632:              "description": "参照录入时，默认选中的值"
643:              "description": "自动填充 api"
647:              "description": "是否展示数据格式错误提示，默认为不展示",
652:              "description": "填充时的数据映射"
661:              "description": "触发条件，默认为 change"
670:              "description": "弹窗方式，当为参照录入时用可以配置"
674:              "description": "当参照录入为抽屉时可以配置弹出位置"
678:              "description": "当为参照录入时可以配置弹出容器的大小"
683:              "description": "参照录入展示的项"
686:              "description": "参照录入时的过滤条件"
692:      "description": "自动填充，当选项被选择的时候，将选项中的其他值同步设置到表单内。"
711:      "description": "指定为 Diff 编辑器"
715:      "description": "左侧面板的值， 支持取变量。"
719:      "description": "语言，参考 monaco-editor"
722:      "description": "编辑器配置"
729:  "description": "Diff 编辑器 文档：https://aisuda.bce.baidu.com/amis/zh-CN/components/form/diff",
------------------------------------
⚠️  Chinese characters found in: output/DividerSchema.json
6:      "description": "组件唯一 id，主要用于页面设计器中定位 json 节点"
10:      "description": "容器 css 类名"
14:      "description": "配合 definitions 一起使用，可以实现无限循环的渲染器。"
18:      "description": "是否禁用"
22:      "description": "是否禁用表达式"
26:      "description": "是否隐藏"
30:      "description": "是否隐藏表达式"
34:      "description": "是否显示"
38:      "description": "是否显示表达式"
42:      "description": "组件唯一 id，主要用于日志采集"
70:      "description": "事件动作配置"
74:      "description": "是否静态展示"
78:      "description": "是否静态展示表达式"
82:      "description": "静态展示空值占位"
86:      "description": "静态展示表单项类名"
90:      "description": "静态展示表单项Label类名"
94:      "description": "静态展示表单项Value类名"
99:      "description": "组件样式"
106:          "description": "组件行为、用途，如 create、update、remove"
110:          "description": "组件名称，通常是业务名称方便定位"
113:          "description": "编辑器假数据，方便展示"
116:      "description": "编辑器配置，运行时可以忽略"
120:      "description": "可以组件级别用来关闭移动端样式"
170:  "description": "Divider 分割线渲染器。 文档：https://aisuda.bce.baidu.com/amis/zh-CN/components/divider",
------------------------------------
⚠️  Chinese characters found in: output/DrawerActionSchema.json
6:      "description": "组件唯一 id，主要用于页面设计器中定位 json 节点"
10:      "description": "容器 css 类名"
14:      "description": "配合 definitions 一起使用，可以实现无限循环的渲染器。"
18:      "description": "是否禁用"
22:      "description": "是否禁用表达式"
26:      "description": "是否隐藏"
30:      "description": "是否隐藏表达式"
34:      "description": "是否显示"
38:      "description": "是否显示表达式"
42:      "description": "主要用于用户行为跟踪里区分是哪个按钮"
70:      "description": "事件动作配置"
74:      "description": "是否静态展示"
78:      "description": "是否静态展示表达式"
82:      "description": "静态展示空值占位"
86:      "description": "静态展示表单项类名"
90:      "description": "静态展示表单项Label类名"
94:      "description": "静态展示表单项Value类名"
99:      "description": "组件样式"
106:          "description": "组件行为、用途，如 create、update、remove"
110:          "description": "组件名称，通常是业务名称方便定位"
113:          "description": "编辑器假数据，方便展示"
116:      "description": "编辑器配置，运行时可以忽略"
120:      "description": "可以组件级别用来关闭移动端样式"
132:      "description": "指定按钮类型，支持 button、submit或者reset三种类型。"
139:      "description": "是否为块状展示，默认为内联。"
143:      "description": "禁用时的文案提示。"
147:      "description": "按钮图标， iconfont 的类名"
151:      "description": "icon 上的css 类名"
155:      "description": "右侧按钮图标， iconfont 的类名"
159:      "description": "右侧 icon 上的 css 类名"
163:      "description": "loading 上的css 类名"
167:      "description": "按钮文字"
182:      "description": "按钮样式"
195:      "description": "按钮大小"
211:      "description": "提示文字，配置了操作前会要求用户确认。"
218:      "description": "如果按钮在form中，配置此属性会要求用户把指定的字段通过验证后才会触发行为。"
222:      "description": "激活状态时的样式"
226:      "description": "激活状态时的类名"
233:      "description": "如果按钮在弹框中，可以配置这个动作完成后是否关闭弹窗，或者指定关闭目标弹框。"
237:      "description": "当按钮时批量操作按钮时，默认必须有勾选元素才能可点击，如果此属性配置成 false，则没有点选成员也能点击。"
241:      "description": "是否将弹框中数据 merge 到父级作用域。"
245:      "description": "可以指定让谁来触发这个动作。"
249:      "description": "点击后的禁止倒计时（秒）"
253:      "description": "倒计时文字自定义"
257:      "description": "角标"
261:      "description": "键盘快捷键"
265:      "description": "是否显示loading效果"
274:      "description": "自定义事件处理函数"
278:      "description": "子内容"
283:      "description": "指定为打开弹窗，抽出式弹窗"
287:      "description": "抽出式弹框详情 文档：https://aisuda.bce.baidu.com/amis/zh-CN/components/drawer"
291:      "description": "是否有下一个的表达式，正常可以不用配置，如果想要刷掉某些数据可以配置这个。"
300:      "description": "数据映射"
------------------------------------
⚠️  Chinese characters found in: output/DrawerSchema.json
6:      "description": "组件唯一 id，主要用于页面设计器中定位 json 节点"
10:      "description": "配置 外层 className"
14:      "description": "配合 definitions 一起使用，可以实现无限循环的渲染器。"
18:      "description": "是否禁用"
22:      "description": "是否禁用表达式"
26:      "description": "是否隐藏"
30:      "description": "是否隐藏表达式"
34:      "description": "是否显示"
38:      "description": "是否显示表达式"
42:      "description": "组件唯一 id，主要用于日志采集"
70:      "description": "事件动作配置"
74:      "description": "是否静态展示"
78:      "description": "是否静态展示表达式"
82:      "description": "静态展示空值占位"
86:      "description": "静态展示表单项类名"
90:      "description": "静态展示表单项Label类名"
94:      "description": "静态展示表单项Value类名"
99:      "description": "组件样式"
106:          "description": "组件行为、用途，如 create、update、remove"
110:          "description": "组件名称，通常是业务名称方便定位"
113:          "description": "编辑器假数据，方便展示"
116:      "description": "编辑器配置，运行时可以忽略"
120:      "description": "可以组件级别用来关闭移动端样式"
133:      "description": "弹窗参数说明，值格式为 JSONSchema。"
140:      "description": "默认不用填写，自动会创建确认和取消按钮。"
144:      "description": "内容区域"
148:      "description": "配置 Body 容器 className"
152:      "description": "配置 头部 容器 className"
156:      "description": "配置 头部 容器 className"
160:      "description": "是否支持按 ESC 关闭 Dialog"
174:      "description": "Dialog 大小"
178:      "description": "请通过配置 title 设置标题"
188:      "description": "从什么位置弹出"
192:      "description": "是否展示关闭按钮 当值为false时，默认开启closeOnOutside"
199:      "description": "抽屉的宽度 （当position为left | right时生效）"
206:      "description": "抽屉的高度 （当position为top | bottom时生效）"
210:      "description": "头部"
214:      "description": "底部"
218:      "description": "影响自动生成的按钮，如果自己配置了按钮这个配置无效。"
222:      "description": "是否可以拖动弹窗大小"
226:      "description": "是否显示蒙层"
230:      "description": "点击外部的时候是否关闭弹框。"
234:      "description": "是否显示错误信息"
238:      "description": "数据映射"
245:  "description": "Drawer 抽出式弹框。 文档：https://aisuda.bce.baidu.com/amis/zh-CN/components/drawer",
------------------------------------
⚠️  Chinese characters found in: output/DrawerSchemaBase.json
5:      "description": "弹窗参数说明，值格式为 JSONSchema。"
12:      "description": "默认不用填写，自动会创建确认和取消按钮。"
16:      "description": "内容区域"
20:      "description": "配置 外层 className"
24:      "description": "配置 Body 容器 className"
28:      "description": "配置 头部 容器 className"
32:      "description": "配置 头部 容器 className"
36:      "description": "是否支持按 ESC 关闭 Dialog"
50:      "description": "Dialog 大小"
54:      "description": "请通过配置 title 设置标题"
64:      "description": "从什么位置弹出"
68:      "description": "是否展示关闭按钮 当值为false时，默认开启closeOnOutside"
75:      "description": "抽屉的宽度 （当position为left | right时生效）"
82:      "description": "抽屉的高度 （当position为top | bottom时生效）"
86:      "description": "头部"
90:      "description": "底部"
94:      "description": "影响自动生成的按钮，如果自己配置了按钮这个配置无效。"
98:      "description": "是否可以拖动弹窗大小"
102:      "description": "是否显示蒙层"
106:      "description": "点击外部的时候是否关闭弹框。"
110:      "description": "是否显示错误信息"
114:      "description": "数据映射"
121:      "description": "组件唯一 id，主要用于页面设计器中定位 json 节点"
125:      "description": "配合 definitions 一起使用，可以实现无限循环的渲染器。"
129:      "description": "是否禁用"
133:      "description": "是否禁用表达式"
137:      "description": "是否隐藏"
141:      "description": "是否隐藏表达式"
145:      "description": "是否显示"
149:      "description": "是否显示表达式"
153:      "description": "组件唯一 id，主要用于日志采集"
181:      "description": "事件动作配置"
185:      "description": "是否静态展示"
189:      "description": "是否静态展示表达式"
193:      "description": "静态展示空值占位"
197:      "description": "静态展示表单项类名"
201:      "description": "静态展示表单项Label类名"
205:      "description": "静态展示表单项Value类名"
210:      "description": "组件样式"
217:          "description": "组件行为、用途，如 create、update、remove"
221:          "description": "组件名称，通常是业务名称方便定位"
224:          "description": "编辑器假数据，方便展示"
227:      "description": "编辑器配置，运行时可以忽略"
231:      "description": "可以组件级别用来关闭移动端样式"
------------------------------------
⚠️  Chinese characters found in: output/DropdownButton.json
15:          "description": "组件唯一 id，主要用于页面设计器中定位 json 节点"
19:          "description": "容器 css 类名"
23:          "description": "配合 definitions 一起使用，可以实现无限循环的渲染器。"
27:          "description": "是否禁用"
31:          "description": "是否禁用表达式"
35:          "description": "是否隐藏"
39:          "description": "是否隐藏表达式"
43:          "description": "是否显示"
47:          "description": "是否显示表达式"
51:          "description": "主要用于用户行为跟踪里区分是哪个按钮"
79:          "description": "事件动作配置"
83:          "description": "是否静态展示"
87:          "description": "是否静态展示表达式"
91:          "description": "静态展示空值占位"
95:          "description": "静态展示表单项类名"
99:          "description": "静态展示表单项Label类名"
103:          "description": "静态展示表单项Value类名"
108:          "description": "组件样式"
115:              "description": "组件行为、用途，如 create、update、remove"
119:              "description": "组件名称，通常是业务名称方便定位"
122:              "description": "编辑器假数据，方便展示"
125:          "description": "编辑器配置，运行时可以忽略"
129:          "description": "可以组件级别用来关闭移动端样式"
141:          "description": "指定按钮类型，支持 button、submit或者reset三种类型。"
148:          "description": "是否为块状展示，默认为内联。"
152:          "description": "禁用时的文案提示。"
156:          "description": "按钮图标， iconfont 的类名"
160:          "description": "icon 上的css 类名"
164:          "description": "右侧按钮图标， iconfont 的类名"
168:          "description": "右侧 icon 上的 css 类名"
172:          "description": "loading 上的css 类名"
176:          "description": "按钮文字"
191:          "description": "按钮样式"
204:          "description": "按钮大小"
220:          "description": "提示文字，配置了操作前会要求用户确认。"
227:          "description": "如果按钮在form中，配置此属性会要求用户把指定的字段通过验证后才会触发行为。"
231:          "description": "激活状态时的样式"
235:          "description": "激活状态时的类名"
242:          "description": "如果按钮在弹框中，可以配置这个动作完成后是否关闭弹窗，或者指定关闭目标弹框。"
246:          "description": "当按钮时批量操作按钮时，默认必须有勾选元素才能可点击，如果此属性配置成 false，则没有点选成员也能点击。"
250:          "description": "是否将弹框中数据 merge 到父级作用域。"
254:          "description": "可以指定让谁来触发这个动作。"
258:          "description": "点击后的禁止倒计时（秒）"
262:          "description": "倒计时文字自定义"
266:          "description": "角标"
270:          "description": "键盘快捷键"
274:          "description": "是否显示loading效果"
283:          "description": "自定义事件处理函数"
287:          "description": "子内容"
292:          "description": "指定为发送 ajax 的行为。"
296:          "description": "配置 ajax 发送地址"
312:          "description": "是否开启请求隔离, 主要用于隔离联动CRUD, Service的请求"
333:          "description": "组件唯一 id，主要用于页面设计器中定位 json 节点"
337:          "description": "容器 css 类名"
341:          "description": "配合 definitions 一起使用，可以实现无限循环的渲染器。"
345:          "description": "是否禁用"
349:          "description": "是否禁用表达式"
353:          "description": "是否隐藏"
357:          "description": "是否隐藏表达式"
361:          "description": "是否显示"
365:          "description": "是否显示表达式"
369:          "description": "主要用于用户行为跟踪里区分是哪个按钮"
397:          "description": "事件动作配置"
401:          "description": "是否静态展示"
405:          "description": "是否静态展示表达式"
409:          "description": "静态展示空值占位"
413:          "description": "静态展示表单项类名"
417:          "description": "静态展示表单项Label类名"
421:          "description": "静态展示表单项Value类名"
426:          "description": "组件样式"
433:              "description": "组件行为、用途，如 create、update、remove"
437:              "description": "组件名称，通常是业务名称方便定位"
440:              "description": "编辑器假数据，方便展示"
443:          "description": "编辑器配置，运行时可以忽略"
447:          "description": "可以组件级别用来关闭移动端样式"
459:          "description": "指定按钮类型，支持 button、submit或者reset三种类型。"
466:          "description": "是否为块状展示，默认为内联。"
470:          "description": "禁用时的文案提示。"
474:          "description": "按钮图标， iconfont 的类名"
478:          "description": "icon 上的css 类名"
482:          "description": "右侧按钮图标， iconfont 的类名"
486:          "description": "右侧 icon 上的 css 类名"
490:          "description": "loading 上的css 类名"
494:          "description": "按钮文字"
509:          "description": "按钮样式"
522:          "description": "按钮大小"
538:          "description": "提示文字，配置了操作前会要求用户确认。"
545:          "description": "如果按钮在form中，配置此属性会要求用户把指定的字段通过验证后才会触发行为。"
549:          "description": "激活状态时的样式"
553:          "description": "激活状态时的类名"
560:          "description": "如果按钮在弹框中，可以配置这个动作完成后是否关闭弹窗，或者指定关闭目标弹框。"
564:          "description": "当按钮时批量操作按钮时，默认必须有勾选元素才能可点击，如果此属性配置成 false，则没有点选成员也能点击。"
568:          "description": "是否将弹框中数据 merge 到父级作用域。"
572:          "description": "可以指定让谁来触发这个动作。"
576:          "description": "点击后的禁止倒计时（秒）"
580:          "description": "倒计时文字自定义"
584:          "description": "角标"
588:          "description": "键盘快捷键"
592:          "description": "是否显示loading效果"
601:          "description": "自定义事件处理函数"
605:          "description": "子内容"
610:          "description": "指定为打开链接"
614:          "description": "是否新窗口打开"
618:          "description": "打开的目标地址"
639:          "description": "组件唯一 id，主要用于页面设计器中定位 json 节点"
643:          "description": "容器 css 类名"
647:          "description": "配合 definitions 一起使用，可以实现无限循环的渲染器。"
651:          "description": "是否禁用"
655:          "description": "是否禁用表达式"
659:          "description": "是否隐藏"
663:          "description": "是否隐藏表达式"
667:          "description": "是否显示"
671:          "description": "是否显示表达式"
675:          "description": "主要用于用户行为跟踪里区分是哪个按钮"
703:          "description": "事件动作配置"
707:          "description": "是否静态展示"
711:          "description": "是否静态展示表达式"
715:          "description": "静态展示空值占位"
719:          "description": "静态展示表单项类名"
723:          "description": "静态展示表单项Label类名"
727:          "description": "静态展示表单项Value类名"
732:          "description": "组件样式"
739:              "description": "组件行为、用途，如 create、update、remove"
743:              "description": "组件名称，通常是业务名称方便定位"
746:              "description": "编辑器假数据，方便展示"
749:          "description": "编辑器配置，运行时可以忽略"
753:          "description": "可以组件级别用来关闭移动端样式"
765:          "description": "指定按钮类型，支持 button、submit或者reset三种类型。"
772:          "description": "是否为块状展示，默认为内联。"
776:          "description": "禁用时的文案提示。"
780:          "description": "按钮图标， iconfont 的类名"
784:          "description": "icon 上的css 类名"
788:          "description": "右侧按钮图标， iconfont 的类名"
792:          "description": "右侧 icon 上的 css 类名"
796:          "description": "loading 上的css 类名"
800:          "description": "按钮文字"
815:          "description": "按钮样式"
828:          "description": "按钮大小"
844:          "description": "提示文字，配置了操作前会要求用户确认。"
851:          "description": "如果按钮在form中，配置此属性会要求用户把指定的字段通过验证后才会触发行为。"
855:          "description": "激活状态时的样式"
859:          "description": "激活状态时的类名"
866:          "description": "如果按钮在弹框中，可以配置这个动作完成后是否关闭弹窗，或者指定关闭目标弹框。"
870:          "description": "当按钮时批量操作按钮时，默认必须有勾选元素才能可点击，如果此属性配置成 false，则没有点选成员也能点击。"
874:          "description": "是否将弹框中数据 merge 到父级作用域。"
878:          "description": "可以指定让谁来触发这个动作。"
882:          "description": "点击后的禁止倒计时（秒）"
886:          "description": "倒计时文字自定义"
890:          "description": "角标"
894:          "description": "键盘快捷键"
898:          "description": "是否显示loading效果"
907:          "description": "自定义事件处理函数"
911:          "description": "子内容"
916:          "description": "指定为打开链接行为，跟 url 不同的时这个行为为单页模式。"
920:          "description": "跳转到哪？支持配置相对路径。"
941:          "description": "组件唯一 id，主要用于页面设计器中定位 json 节点"
945:          "description": "容器 css 类名"
949:          "description": "配合 definitions 一起使用，可以实现无限循环的渲染器。"
953:          "description": "是否禁用"
957:          "description": "是否禁用表达式"
961:          "description": "是否隐藏"
965:          "description": "是否隐藏表达式"
969:          "description": "是否显示"
973:          "description": "是否显示表达式"
977:          "description": "主要用于用户行为跟踪里区分是哪个按钮"
1005:          "description": "事件动作配置"
1009:          "description": "是否静态展示"
1013:          "description": "是否静态展示表达式"
1017:          "description": "静态展示空值占位"
1021:          "description": "静态展示表单项类名"
1025:          "description": "静态展示表单项Label类名"
1029:          "description": "静态展示表单项Value类名"
1034:          "description": "组件样式"
1041:              "description": "组件行为、用途，如 create、update、remove"
1045:              "description": "组件名称，通常是业务名称方便定位"
1048:              "description": "编辑器假数据，方便展示"
1051:          "description": "编辑器配置，运行时可以忽略"
1055:          "description": "可以组件级别用来关闭移动端样式"
1067:          "description": "指定按钮类型，支持 button、submit或者reset三种类型。"
1074:          "description": "是否为块状展示，默认为内联。"
1078:          "description": "禁用时的文案提示。"
1082:          "description": "按钮图标， iconfont 的类名"
1086:          "description": "icon 上的css 类名"
1090:          "description": "右侧按钮图标， iconfont 的类名"
1094:          "description": "右侧 icon 上的 css 类名"
1098:          "description": "loading 上的css 类名"
1102:          "description": "按钮文字"
1117:          "description": "按钮样式"
1130:          "description": "按钮大小"
1146:          "description": "提示文字，配置了操作前会要求用户确认。"
1153:          "description": "如果按钮在form中，配置此属性会要求用户把指定的字段通过验证后才会触发行为。"
1157:          "description": "激活状态时的样式"
1161:          "description": "激活状态时的类名"
1168:          "description": "如果按钮在弹框中，可以配置这个动作完成后是否关闭弹窗，或者指定关闭目标弹框。"
1172:          "description": "当按钮时批量操作按钮时，默认必须有勾选元素才能可点击，如果此属性配置成 false，则没有点选成员也能点击。"
1176:          "description": "是否将弹框中数据 merge 到父级作用域。"
1180:          "description": "可以指定让谁来触发这个动作。"
1184:          "description": "点击后的禁止倒计时（秒）"
1188:          "description": "倒计时文字自定义"
1192:          "description": "角标"
1196:          "description": "键盘快捷键"
1200:          "description": "是否显示loading效果"
1209:          "description": "自定义事件处理函数"
1213:          "description": "子内容"
1218:          "description": "指定为打开弹窗"
1222:          "description": "弹框详情 文档：https://aisuda.bce.baidu.com/amis/zh-CN/components/dialog"
1226:          "description": "是否有下一个的表达式，正常可以不用配置，如果想要刷掉某些数据可以配置这个。"
1235:          "description": "数据映射"
1256:          "description": "组件唯一 id，主要用于页面设计器中定位 json 节点"
1260:          "description": "容器 css 类名"
1264:          "description": "配合 definitions 一起使用，可以实现无限循环的渲染器。"
1268:          "description": "是否禁用"
1272:          "description": "是否禁用表达式"
1276:          "description": "是否隐藏"
1280:          "description": "是否隐藏表达式"
1284:          "description": "是否显示"
1288:          "description": "是否显示表达式"
1292:          "description": "主要用于用户行为跟踪里区分是哪个按钮"
1320:          "description": "事件动作配置"
1324:          "description": "是否静态展示"
1328:          "description": "是否静态展示表达式"
1332:          "description": "静态展示空值占位"
1336:          "description": "静态展示表单项类名"
1340:          "description": "静态展示表单项Label类名"
1344:          "description": "静态展示表单项Value类名"
1349:          "description": "组件样式"
1356:              "description": "组件行为、用途，如 create、update、remove"
1360:              "description": "组件名称，通常是业务名称方便定位"
1363:              "description": "编辑器假数据，方便展示"
1366:          "description": "编辑器配置，运行时可以忽略"
1370:          "description": "可以组件级别用来关闭移动端样式"
1382:          "description": "指定按钮类型，支持 button、submit或者reset三种类型。"
1389:          "description": "是否为块状展示，默认为内联。"
1393:          "description": "禁用时的文案提示。"
1397:          "description": "按钮图标， iconfont 的类名"
1401:          "description": "icon 上的css 类名"
1405:          "description": "右侧按钮图标， iconfont 的类名"
1409:          "description": "右侧 icon 上的 css 类名"
1413:          "description": "loading 上的css 类名"
1417:          "description": "按钮文字"
1432:          "description": "按钮样式"
1445:          "description": "按钮大小"
1461:          "description": "提示文字，配置了操作前会要求用户确认。"
1468:          "description": "如果按钮在form中，配置此属性会要求用户把指定的字段通过验证后才会触发行为。"
1472:          "description": "激活状态时的样式"
1476:          "description": "激活状态时的类名"
1483:          "description": "如果按钮在弹框中，可以配置这个动作完成后是否关闭弹窗，或者指定关闭目标弹框。"
1487:          "description": "当按钮时批量操作按钮时，默认必须有勾选元素才能可点击，如果此属性配置成 false，则没有点选成员也能点击。"
1491:          "description": "是否将弹框中数据 merge 到父级作用域。"
1495:          "description": "可以指定让谁来触发这个动作。"
1499:          "description": "点击后的禁止倒计时（秒）"
1503:          "description": "倒计时文字自定义"
1507:          "description": "角标"
1511:          "description": "键盘快捷键"
1515:          "description": "是否显示loading效果"
1524:          "description": "自定义事件处理函数"
1528:          "description": "子内容"
1533:          "description": "指定为打开弹窗，抽出式弹窗"
1537:          "description": "抽出式弹框详情 文档：https://aisuda.bce.baidu.com/amis/zh-CN/components/drawer"
1541:          "description": "是否有下一个的表达式，正常可以不用配置，如果想要刷掉某些数据可以配置这个。"
1550:          "description": "数据映射"
1571:          "description": "组件唯一 id，主要用于页面设计器中定位 json 节点"
1575:          "description": "容器 css 类名"
1579:          "description": "配合 definitions 一起使用，可以实现无限循环的渲染器。"
1583:          "description": "是否禁用"
1587:          "description": "是否禁用表达式"
1591:          "description": "是否隐藏"
1595:          "description": "是否隐藏表达式"
1599:          "description": "是否显示"
1603:          "description": "是否显示表达式"
1607:          "description": "主要用于用户行为跟踪里区分是哪个按钮"
1635:          "description": "事件动作配置"
1639:          "description": "是否静态展示"
1643:          "description": "是否静态展示表达式"
1647:          "description": "静态展示空值占位"
1651:          "description": "静态展示表单项类名"
1655:          "description": "静态展示表单项Label类名"
1659:          "description": "静态展示表单项Value类名"
1664:          "description": "组件样式"
1671:              "description": "组件行为、用途，如 create、update、remove"
1675:              "description": "组件名称，通常是业务名称方便定位"
1678:              "description": "编辑器假数据，方便展示"
1681:          "description": "编辑器配置，运行时可以忽略"
1685:          "description": "可以组件级别用来关闭移动端样式"
1697:          "description": "指定按钮类型，支持 button、submit或者reset三种类型。"
1704:          "description": "是否为块状展示，默认为内联。"
1708:          "description": "禁用时的文案提示。"
1712:          "description": "按钮图标， iconfont 的类名"
1716:          "description": "icon 上的css 类名"
1720:          "description": "右侧按钮图标， iconfont 的类名"
1724:          "description": "右侧 icon 上的 css 类名"
1728:          "description": "loading 上的css 类名"
1732:          "description": "按钮文字"
1747:          "description": "按钮样式"
1760:          "description": "按钮大小"
1776:          "description": "提示文字，配置了操作前会要求用户确认。"
1783:          "description": "如果按钮在form中，配置此属性会要求用户把指定的字段通过验证后才会触发行为。"
1787:          "description": "激活状态时的样式"
1791:          "description": "激活状态时的类名"
1798:          "description": "如果按钮在弹框中，可以配置这个动作完成后是否关闭弹窗，或者指定关闭目标弹框。"
1802:          "description": "当按钮时批量操作按钮时，默认必须有勾选元素才能可点击，如果此属性配置成 false，则没有点选成员也能点击。"
1806:          "description": "是否将弹框中数据 merge 到父级作用域。"
1810:          "description": "可以指定让谁来触发这个动作。"
1814:          "description": "点击后的禁止倒计时（秒）"
1818:          "description": "倒计时文字自定义"
1822:          "description": "角标"
1826:          "description": "键盘快捷键"
1830:          "description": "是否显示loading效果"
1839:          "description": "自定义事件处理函数"
1843:          "description": "子内容"
1848:          "description": "指定为打开弹窗，抽出式弹窗"
1852:          "description": "轻提示详情 文档：https://aisuda.bce.baidu.com/amis/zh-CN/components/toast"
1873:          "description": "组件唯一 id，主要用于页面设计器中定位 json 节点"
1877:          "description": "容器 css 类名"
1881:          "description": "配合 definitions 一起使用，可以实现无限循环的渲染器。"
1885:          "description": "是否禁用"
1889:          "description": "是否禁用表达式"
1893:          "description": "是否隐藏"
1897:          "description": "是否隐藏表达式"
1901:          "description": "是否显示"
1905:          "description": "是否显示表达式"
1909:          "description": "主要用于用户行为跟踪里区分是哪个按钮"
1937:          "description": "事件动作配置"
1941:          "description": "是否静态展示"
1945:          "description": "是否静态展示表达式"
1949:          "description": "静态展示空值占位"
1953:          "description": "静态展示表单项类名"
1957:          "description": "静态展示表单项Label类名"
1961:          "description": "静态展示表单项Value类名"
1966:          "description": "组件样式"
1973:              "description": "组件行为、用途，如 create、update、remove"
1977:              "description": "组件名称，通常是业务名称方便定位"
1980:              "description": "编辑器假数据，方便展示"
1983:          "description": "编辑器配置，运行时可以忽略"
1987:          "description": "可以组件级别用来关闭移动端样式"
1999:          "description": "指定按钮类型，支持 button、submit或者reset三种类型。"
2006:          "description": "是否为块状展示，默认为内联。"
2010:          "description": "禁用时的文案提示。"
2014:          "description": "按钮图标， iconfont 的类名"
2018:          "description": "icon 上的css 类名"
2022:          "description": "右侧按钮图标， iconfont 的类名"
2026:          "description": "右侧 icon 上的 css 类名"
2030:          "description": "loading 上的css 类名"
2034:          "description": "按钮文字"
2049:          "description": "按钮样式"
2062:          "description": "按钮大小"
2078:          "description": "提示文字，配置了操作前会要求用户确认。"
2085:          "description": "如果按钮在form中，配置此属性会要求用户把指定的字段通过验证后才会触发行为。"
2089:          "description": "激活状态时的样式"
2093:          "description": "激活状态时的类名"
2100:          "description": "如果按钮在弹框中，可以配置这个动作完成后是否关闭弹窗，或者指定关闭目标弹框。"
2104:          "description": "当按钮时批量操作按钮时，默认必须有勾选元素才能可点击，如果此属性配置成 false，则没有点选成员也能点击。"
2108:          "description": "是否将弹框中数据 merge 到父级作用域。"
2112:          "description": "可以指定让谁来触发这个动作。"
2116:          "description": "点击后的禁止倒计时（秒）"
2120:          "description": "倒计时文字自定义"
2124:          "description": "角标"
2128:          "description": "键盘快捷键"
2132:          "description": "是否显示loading效果"
2141:          "description": "自定义事件处理函数"
2145:          "description": "子内容"
2150:          "description": "指定为复制内容行为"
2154:          "description": "复制啥内容由此配置，支持模板语法。"
2175:          "description": "组件唯一 id，主要用于页面设计器中定位 json 节点"
2179:          "description": "容器 css 类名"
2183:          "description": "配合 definitions 一起使用，可以实现无限循环的渲染器。"
2187:          "description": "是否禁用"
2191:          "description": "是否禁用表达式"
2195:          "description": "是否隐藏"
2199:          "description": "是否隐藏表达式"
2203:          "description": "是否显示"
2207:          "description": "是否显示表达式"
2211:          "description": "主要用于用户行为跟踪里区分是哪个按钮"
2239:          "description": "事件动作配置"
2243:          "description": "是否静态展示"
2247:          "description": "是否静态展示表达式"
2251:          "description": "静态展示空值占位"
2255:          "description": "静态展示表单项类名"
2259:          "description": "静态展示表单项Label类名"
2263:          "description": "静态展示表单项Value类名"
2268:          "description": "组件样式"
2275:              "description": "组件行为、用途，如 create、update、remove"
2279:              "description": "组件名称，通常是业务名称方便定位"
2282:              "description": "编辑器假数据，方便展示"
2285:          "description": "编辑器配置，运行时可以忽略"
2289:          "description": "可以组件级别用来关闭移动端样式"
2301:          "description": "指定按钮类型，支持 button、submit或者reset三种类型。"
2308:          "description": "是否为块状展示，默认为内联。"
2312:          "description": "禁用时的文案提示。"
2316:          "description": "按钮图标， iconfont 的类名"
2320:          "description": "icon 上的css 类名"
2324:          "description": "右侧按钮图标， iconfont 的类名"
2328:          "description": "右侧 icon 上的 css 类名"
2332:          "description": "loading 上的css 类名"
2336:          "description": "按钮文字"
2351:          "description": "按钮样式"
2364:          "description": "按钮大小"
2380:          "description": "提示文字，配置了操作前会要求用户确认。"
2387:          "description": "如果按钮在form中，配置此属性会要求用户把指定的字段通过验证后才会触发行为。"
2391:          "description": "激活状态时的样式"
2395:          "description": "激活状态时的类名"
2402:          "description": "如果按钮在弹框中，可以配置这个动作完成后是否关闭弹窗，或者指定关闭目标弹框。"
2406:          "description": "当按钮时批量操作按钮时，默认必须有勾选元素才能可点击，如果此属性配置成 false，则没有点选成员也能点击。"
2410:          "description": "是否将弹框中数据 merge 到父级作用域。"
2414:          "description": "指定目标组件。"
2418:          "description": "点击后的禁止倒计时（秒）"
2422:          "description": "倒计时文字自定义"
2426:          "description": "角标"
2430:          "description": "键盘快捷键"
2434:          "description": "是否显示loading效果"
2443:          "description": "自定义事件处理函数"
2447:          "description": "子内容"
2452:          "description": "指定为刷新目标组件。"
2472:          "description": "组件唯一 id，主要用于页面设计器中定位 json 节点"
2476:          "description": "容器 css 类名"
2480:          "description": "配合 definitions 一起使用，可以实现无限循环的渲染器。"
2484:          "description": "是否禁用"
2488:          "description": "是否禁用表达式"
2492:          "description": "是否隐藏"
2496:          "description": "是否隐藏表达式"
2500:          "description": "是否显示"
2504:          "description": "是否显示表达式"
2508:          "description": "主要用于用户行为跟踪里区分是哪个按钮"
2536:          "description": "事件动作配置"
2540:          "description": "是否静态展示"
2544:          "description": "是否静态展示表达式"
2548:          "description": "静态展示空值占位"
2552:          "description": "静态展示表单项类名"
2556:          "description": "静态展示表单项Label类名"
2560:          "description": "静态展示表单项Value类名"
2565:          "description": "组件样式"
2572:              "description": "组件行为、用途，如 create、update、remove"
2576:              "description": "组件名称，通常是业务名称方便定位"
2579:              "description": "编辑器假数据，方便展示"
2582:          "description": "编辑器配置，运行时可以忽略"
2586:          "description": "可以组件级别用来关闭移动端样式"
2598:          "description": "指定按钮类型，支持 button、submit或者reset三种类型。"
2605:          "description": "是否为块状展示，默认为内联。"
2609:          "description": "禁用时的文案提示。"
2613:          "description": "按钮图标， iconfont 的类名"
2617:          "description": "icon 上的css 类名"
2621:          "description": "右侧按钮图标， iconfont 的类名"
2625:          "description": "右侧 icon 上的 css 类名"
2629:          "description": "loading 上的css 类名"
2633:          "description": "按钮文字"
2648:          "description": "按钮样式"
2661:          "description": "按钮大小"
2677:          "description": "提示文字，配置了操作前会要求用户确认。"
2684:          "description": "如果按钮在form中，配置此属性会要求用户把指定的字段通过验证后才会触发行为。"
2688:          "description": "激活状态时的样式"
2692:          "description": "激活状态时的类名"
2699:          "description": "如果按钮在弹框中，可以配置这个动作完成后是否关闭弹窗，或者指定关闭目标弹框。"
2703:          "description": "当按钮时批量操作按钮时，默认必须有勾选元素才能可点击，如果此属性配置成 false，则没有点选成员也能点击。"
2707:          "description": "是否将弹框中数据 merge 到父级作用域。"
2711:          "description": "可以指定让谁来触发这个动作。"
2715:          "description": "点击后的禁止倒计时（秒）"
2719:          "description": "倒计时文字自定义"
2723:          "description": "角标"
2727:          "description": "键盘快捷键"
2731:          "description": "是否显示loading效果"
2740:          "description": "自定义事件处理函数"
2744:          "description": "邮件正文"
2749:          "description": "指定为打开邮箱行为"
2753:          "description": "收件人邮箱"
2757:          "description": "抄送邮箱"
2761:          "description": "匿名抄送邮箱"
2765:          "description": "邮件主题"
2785:          "description": "组件唯一 id，主要用于页面设计器中定位 json 节点"
2789:          "description": "容器 css 类名"
2793:          "description": "配合 definitions 一起使用，可以实现无限循环的渲染器。"
2797:          "description": "是否禁用"
2801:          "description": "是否禁用表达式"
2805:          "description": "是否隐藏"
2809:          "description": "是否隐藏表达式"
2813:          "description": "是否显示"
2817:          "description": "是否显示表达式"
2821:          "description": "主要用于用户行为跟踪里区分是哪个按钮"
2849:          "description": "事件动作配置"
2853:          "description": "是否静态展示"
2857:          "description": "是否静态展示表达式"
2861:          "description": "静态展示空值占位"
2865:          "description": "静态展示表单项类名"
2869:          "description": "静态展示表单项Label类名"
2873:          "description": "静态展示表单项Value类名"
2878:          "description": "组件样式"
2885:              "description": "组件行为、用途，如 create、update、remove"
2889:              "description": "组件名称，通常是业务名称方便定位"
2892:              "description": "编辑器假数据，方便展示"
2895:          "description": "编辑器配置，运行时可以忽略"
2899:          "description": "可以组件级别用来关闭移动端样式"
2911:          "description": "指定按钮类型，支持 button、submit或者reset三种类型。"
2918:          "description": "是否为块状展示，默认为内联。"
2922:          "description": "禁用时的文案提示。"
2926:          "description": "按钮图标， iconfont 的类名"
2930:          "description": "icon 上的css 类名"
2934:          "description": "右侧按钮图标， iconfont 的类名"
2938:          "description": "右侧 icon 上的 css 类名"
2942:          "description": "loading 上的css 类名"
2946:          "description": "按钮文字"
2961:          "description": "按钮样式"
2974:          "description": "按钮大小"
2990:          "description": "提示文字，配置了操作前会要求用户确认。"
2997:          "description": "如果按钮在form中，配置此属性会要求用户把指定的字段通过验证后才会触发行为。"
3001:          "description": "激活状态时的样式"
3005:          "description": "激活状态时的类名"
3012:          "description": "如果按钮在弹框中，可以配置这个动作完成后是否关闭弹窗，或者指定关闭目标弹框。"
3016:          "description": "当按钮时批量操作按钮时，默认必须有勾选元素才能可点击，如果此属性配置成 false，则没有点选成员也能点击。"
3020:          "description": "是否将弹框中数据 merge 到父级作用域。"
3024:          "description": "可以指定让谁来触发这个动作。"
3028:          "description": "点击后的禁止倒计时（秒）"
3032:          "description": "倒计时文字自定义"
3036:          "description": "角标"
3040:          "description": "键盘快捷键"
3044:          "description": "是否显示loading效果"
3053:          "description": "自定义事件处理函数"
3057:          "description": "子内容"
3091:          "description": "组件唯一 id，主要用于页面设计器中定位 json 节点"
3095:          "description": "容器 css 类名"
3099:          "description": "配合 definitions 一起使用，可以实现无限循环的渲染器。"
3103:          "description": "是否禁用"
3107:          "description": "是否禁用表达式"
3111:          "description": "是否隐藏"
3115:          "description": "是否隐藏表达式"
3119:          "description": "是否显示"
3123:          "description": "是否显示表达式"
3127:          "description": "主要用于用户行为跟踪里区分是哪个按钮"
3155:          "description": "事件动作配置"
3159:          "description": "是否静态展示"
3163:          "description": "是否静态展示表达式"
3167:          "description": "静态展示空值占位"
3171:          "description": "静态展示表单项类名"
3175:          "description": "静态展示表单项Label类名"
3179:          "description": "静态展示表单项Value类名"
3184:          "description": "组件样式"
3191:              "description": "组件行为、用途，如 create、update、remove"
3195:              "description": "组件名称，通常是业务名称方便定位"
3198:              "description": "编辑器假数据，方便展示"
3201:          "description": "编辑器配置，运行时可以忽略"
3205:          "description": "可以组件级别用来关闭移动端样式"
3217:          "description": "指定按钮类型，支持 button、submit或者reset三种类型。"
3224:          "description": "是否为块状展示，默认为内联。"
3228:          "description": "禁用时的文案提示。"
3232:          "description": "按钮图标， iconfont 的类名"
3236:          "description": "icon 上的css 类名"
3240:          "description": "右侧按钮图标， iconfont 的类名"
3244:          "description": "右侧 icon 上的 css 类名"
3248:          "description": "loading 上的css 类名"
3252:          "description": "按钮文字"
3267:          "description": "按钮样式"
3280:          "description": "按钮大小"
3296:          "description": "提示文字，配置了操作前会要求用户确认。"
3303:          "description": "如果按钮在form中，配置此属性会要求用户把指定的字段通过验证后才会触发行为。"
3307:          "description": "激活状态时的样式"
3311:          "description": "激活状态时的类名"
3318:          "description": "如果按钮在弹框中，可以配置这个动作完成后是否关闭弹窗，或者指定关闭目标弹框。"
3322:          "description": "当按钮时批量操作按钮时，默认必须有勾选元素才能可点击，如果此属性配置成 false，则没有点选成员也能点击。"
3326:          "description": "是否将弹框中数据 merge 到父级作用域。"
3330:          "description": "可以指定让谁来触发这个动作。"
3334:          "description": "点击后的禁止倒计时（秒）"
3338:          "description": "倒计时文字自定义"
3342:          "description": "角标"
3346:          "description": "键盘快捷键"
3350:          "description": "是否显示loading效果"
3359:          "description": "自定义事件处理函数"
3363:          "description": "子内容"
------------------------------------
⚠️  Chinese characters found in: output/DropdownButtonSchema.json
6:      "description": "组件唯一 id，主要用于页面设计器中定位 json 节点"
10:      "description": "容器 css 类名"
14:      "description": "配合 definitions 一起使用，可以实现无限循环的渲染器。"
18:      "description": "是否禁用"
22:      "description": "是否禁用表达式"
26:      "description": "是否隐藏"
30:      "description": "是否隐藏表达式"
34:      "description": "是否显示"
38:      "description": "是否显示表达式"
42:      "description": "组件唯一 id，主要用于日志采集"
70:      "description": "事件动作配置"
74:      "description": "是否静态展示"
78:      "description": "是否静态展示表达式"
82:      "description": "静态展示空值占位"
86:      "description": "静态展示表单项类名"
90:      "description": "静态展示表单项Label类名"
94:      "description": "静态展示表单项Value类名"
99:      "description": "组件样式"
106:          "description": "组件行为、用途，如 create、update、remove"
110:          "description": "组件名称，通常是业务名称方便定位"
113:          "description": "编辑器假数据，方便展示"
116:      "description": "编辑器配置，运行时可以忽略"
120:      "description": "可以组件级别用来关闭移动端样式"
128:      "description": "指定为 DropDown Button 类型"
135:      "description": "是否独占一行 `display: block`"
139:      "description": "给 Button 配置 className。"
146:      "description": "按钮集合，支持分组"
150:      "description": "内容区域"
154:      "description": "按钮文字"
166:      "description": "按钮级别，样式"
170:      "description": "点击外部是否关闭"
174:      "description": "点击内容是否关闭"
184:      "description": "按钮大小"
192:      "description": "对齐方式"
196:      "description": "是否只显示图标。"
200:      "description": "右侧图标"
208:      "description": "触发条件，默认是 click"
212:      "description": "是否显示下拉按钮"
216:      "description": "菜单 CSS 样式"
226:  "description": "下拉按钮渲染器。 文档：https://aisuda.bce.baidu.com/amis/zh-CN/components/dropdown-button",
------------------------------------
⚠️  Chinese characters found in: output/EachSchema.json
6:      "description": "组件唯一 id，主要用于页面设计器中定位 json 节点"
10:      "description": "容器 css 类名"
14:      "description": "配合 definitions 一起使用，可以实现无限循环的渲染器。"
18:      "description": "是否禁用"
22:      "description": "是否禁用表达式"
26:      "description": "是否隐藏"
30:      "description": "是否隐藏表达式"
34:      "description": "是否显示"
38:      "description": "是否显示表达式"
42:      "description": "组件唯一 id，主要用于日志采集"
70:      "description": "事件动作配置"
74:      "description": "是否静态展示"
78:      "description": "是否静态展示表达式"
82:      "description": "静态展示空值占位"
86:      "description": "静态展示表单项类名"
90:      "description": "静态展示表单项Label类名"
94:      "description": "静态展示表单项Value类名"
99:      "description": "组件样式"
106:          "description": "组件行为、用途，如 create、update、remove"
110:          "description": "组件名称，通常是业务名称方便定位"
113:          "description": "编辑器假数据，方便展示"
116:      "description": "编辑器配置，运行时可以忽略"
120:      "description": "可以组件级别用来关闭移动端样式"
128:      "description": "指定为each展示类型"
135:      "description": "关联字段名"
139:      "description": "关联字段名 支持数据映射"
143:      "description": "用来控制通过什么字段读取成员数据，考虑到可能多层嵌套 如果名字一样会读取不到上层变量，所以这里可以指定一下"
147:      "description": "用来控制通过什么字段读取序号，考虑到可能多层嵌套 如果名字一样会读取不到上层变量，所以这里可以指定一下"
160:  "description": "Each 循环功能渲染器。 文档：https://aisuda.bce.baidu.com/amis/zh-CN/components/each",
------------------------------------
⚠️  Chinese characters found in: output/EditorControlSchema.json
14:      "description": "描述标题"
18:      "description": "描述标题"
25:      "description": "label自定义宽度，默认单位为px"
29:      "description": "配置 label className"
33:      "description": "字段名，表单提交时的 key，支持多层级，用.连接，如： a.b.c"
37:      "description": "额外的字段名，当为范围组件时可以用来将另外一个值打平出来"
40:      "description": "显示一个小图标, 鼠标放上去的时候显示提示内容"
43:      "description": "显示一个小图标, 鼠标放上去的时候显示提示内容, 这个小图标跟 label 在一起"
47:      "description": "输入提示，聚焦的时候显示"
51:      "description": "当修改完的时候是否提交表单。"
55:      "description": "是否只读"
59:      "description": "只读条件"
63:      "description": "不设置时，当表单提交过后表单项每次修改都会触发重新验证， 如果设置了，则由此配置项来决定要不要每次修改都触发验证。"
67:      "description": "描述内容，支持 Html 片段。"
74:      "description": "配置描述上的 className"
83:      "description": "配置当前表单项展示模式"
87:      "description": "当配置为水平布局的时候，用来配置具体的左右分配。"
91:      "description": "表单 control 是否为 inline 模式。"
95:      "description": "配置 input className"
99:      "description": "占位符"
103:      "description": "是否为必填"
202:      "description": "验证失败的提示信息"
214:              "description": "是否是字母"
218:              "description": "是否为字母数字"
222:              "description": "是否为邮箱地址"
226:              "description": "是否为浮点型"
230:              "description": "是否为整型"
234:              "description": "是否为 json"
238:              "description": "长度等于指定值"
242:              "description": "是否为数字"
246:              "description": "是否为必填"
250:              "description": "是否为 URL 地址"
254:              "description": "内容命中指定正则"
258:              "description": "内容命中指定正则"
262:              "description": "内容命中指定正则"
266:              "description": "内容命中指定正则"
270:              "description": "内容命中指定正则"
274:              "description": "内容命中指定正则"
278:              "description": "最大长度为指定值"
282:              "description": "最大值为指定值"
286:              "description": "最小长度为指定值"
290:              "description": "最小值为指定值"
304:              "description": "和目标日期相同，支持指定粒度，默认到毫秒"
318:              "description": "早于目标日期，支持指定粒度，默认到毫秒"
332:              "description": "晚于目标日期，支持指定粒度，默认到毫秒"
346:              "description": "早于目标日期或和目标日期相同，支持指定粒度，默认到毫秒"
360:              "description": "晚于目标日期或和目标日期相同，支持指定粒度，默认到毫秒"
374:              "description": "日期处于目标日期范围，支持指定粒度和区间的开闭形式，默认到毫秒, 左右开区间"
388:              "description": "和目标时间相同，支持指定粒度，默认到毫秒"
402:              "description": "早于目标时间，支持指定粒度，默认到毫秒"
416:              "description": "晚于目标时间，支持指定粒度，默认到毫秒"
430:              "description": "早于目标时间或和目标时间相同，支持指定粒度，默认到毫秒"
444:              "description": "晚于目标时间或和目标时间相同，支持指定粒度，默认到毫秒"
458:              "description": "时间处于目标时间范围，支持指定粒度和区间的开闭形式，默认到毫秒, 左右开区间"
465:      "description": "默认值，切记只能是静态值，不支持取变量，跟数据关联是通过设置 name 属性来实现的。"
469:      "description": "表单项隐藏时，是否在当前 Form 中删除掉该表单项值。注意同名的未隐藏的表单项值也会删掉"
480:      "description": "远端校验表单项接口"
495:              "description": "是否为参照录入模式，参照录入会展示候选值供用户选择，而不是直接填充。"
498:              "description": "参照录入时，默认选中的值"
509:              "description": "自动填充 api"
513:              "description": "是否展示数据格式错误提示，默认为不展示",
518:              "description": "填充时的数据映射"
527:              "description": "触发条件，默认为 change"
536:              "description": "弹窗方式，当为参照录入时用可以配置"
540:              "description": "当参照录入为抽屉时可以配置弹出位置"
544:              "description": "当为参照录入时可以配置弹出容器的大小"
549:              "description": "参照录入展示的项"
552:              "description": "参照录入时的过滤条件"
558:      "description": "自动填充，当选项被选择的时候，将选项中的其他值同步设置到表单内。"
576:      "description": "组件唯一 id，主要用于页面设计器中定位 json 节点"
580:      "description": "容器 css 类名"
584:      "description": "配合 definitions 一起使用，可以实现无限循环的渲染器。"
588:      "description": "是否禁用"
592:      "description": "是否禁用表达式"
596:      "description": "是否隐藏"
600:      "description": "是否隐藏表达式"
604:      "description": "是否显示"
608:      "description": "是否显示表达式"
612:      "description": "组件唯一 id，主要用于日志采集"
640:      "description": "事件动作配置"
644:      "description": "是否静态展示"
648:      "description": "是否静态展示表达式"
652:      "description": "静态展示空值占位"
656:      "description": "静态展示表单项类名"
660:      "description": "静态展示表单项Label类名"
664:      "description": "静态展示表单项Value类名"
669:      "description": "组件样式"
676:          "description": "组件行为、用途，如 create、update、remove"
680:          "description": "组件名称，通常是业务名称方便定位"
683:          "description": "编辑器假数据，方便展示"
686:      "description": "编辑器配置，运行时可以忽略"
690:      "description": "可以组件级别用来关闭移动端样式"
782:      "description": "语言类型"
793:      "description": "编辑器大小"
797:      "description": "是否展示全屏模式开关"
801:      "description": "获取编辑器底层实例"
808:  "description": "Editor 代码编辑器 文档：https://aisuda.bce.baidu.com/amis/zh-CN/components/form/editor",
------------------------------------
⚠️  Chinese characters found in: output/EmailActionSchema.json
6:      "description": "组件唯一 id，主要用于页面设计器中定位 json 节点"
10:      "description": "容器 css 类名"
14:      "description": "配合 definitions 一起使用，可以实现无限循环的渲染器。"
18:      "description": "是否禁用"
22:      "description": "是否禁用表达式"
26:      "description": "是否隐藏"
30:      "description": "是否隐藏表达式"
34:      "description": "是否显示"
38:      "description": "是否显示表达式"
42:      "description": "主要用于用户行为跟踪里区分是哪个按钮"
70:      "description": "事件动作配置"
74:      "description": "是否静态展示"
78:      "description": "是否静态展示表达式"
82:      "description": "静态展示空值占位"
86:      "description": "静态展示表单项类名"
90:      "description": "静态展示表单项Label类名"
94:      "description": "静态展示表单项Value类名"
99:      "description": "组件样式"
106:          "description": "组件行为、用途，如 create、update、remove"
110:          "description": "组件名称，通常是业务名称方便定位"
113:          "description": "编辑器假数据，方便展示"
116:      "description": "编辑器配置，运行时可以忽略"
120:      "description": "可以组件级别用来关闭移动端样式"
132:      "description": "指定按钮类型，支持 button、submit或者reset三种类型。"
139:      "description": "是否为块状展示，默认为内联。"
143:      "description": "禁用时的文案提示。"
147:      "description": "按钮图标， iconfont 的类名"
151:      "description": "icon 上的css 类名"
155:      "description": "右侧按钮图标， iconfont 的类名"
159:      "description": "右侧 icon 上的 css 类名"
163:      "description": "loading 上的css 类名"
167:      "description": "按钮文字"
182:      "description": "按钮样式"
195:      "description": "按钮大小"
211:      "description": "提示文字，配置了操作前会要求用户确认。"
218:      "description": "如果按钮在form中，配置此属性会要求用户把指定的字段通过验证后才会触发行为。"
222:      "description": "激活状态时的样式"
226:      "description": "激活状态时的类名"
233:      "description": "如果按钮在弹框中，可以配置这个动作完成后是否关闭弹窗，或者指定关闭目标弹框。"
237:      "description": "当按钮时批量操作按钮时，默认必须有勾选元素才能可点击，如果此属性配置成 false，则没有点选成员也能点击。"
241:      "description": "是否将弹框中数据 merge 到父级作用域。"
245:      "description": "可以指定让谁来触发这个动作。"
249:      "description": "点击后的禁止倒计时（秒）"
253:      "description": "倒计时文字自定义"
257:      "description": "角标"
261:      "description": "键盘快捷键"
265:      "description": "是否显示loading效果"
274:      "description": "自定义事件处理函数"
278:      "description": "邮件正文"
283:      "description": "指定为打开邮箱行为"
287:      "description": "收件人邮箱"
291:      "description": "抄送邮箱"
295:      "description": "匿名抄送邮箱"
299:      "description": "邮件主题"
------------------------------------
⚠️  Chinese characters found in: output/ExpandableSchema.json
6:      "description": "对应渲染器类型"
10:      "description": "对应数据源的key值"
14:      "description": "行是否可展开表达式"
18:      "description": "展开行自定义样式表达式"
28:      "description": "已展开的key值"
32:      "description": "已展开的key值表达式"
------------------------------------
⚠️  Chinese characters found in: output/FeedbackDialog.json
5:      "description": "弹窗参数说明，值格式为 JSONSchema。"
12:      "description": "默认不用填写，自动会创建确认和取消按钮。"
16:      "description": "内容区域"
20:      "description": "配置 Body 容器 className"
24:      "description": "是否支持按 ESC 关闭 Dialog"
28:      "description": "是否支持点其它区域关闭 Dialog"
43:      "description": "Dialog 大小"
47:      "description": "Dialog 高度"
51:      "description": "Dialog 宽度"
55:      "description": "请通过配置 title 设置标题"
68:      "description": "影响自动生成的按钮，如果自己配置了按钮这个配置无效。"
72:      "description": "是否显示关闭按钮"
76:      "description": "是否显示错误信息"
80:      "description": "是否显示 spinner"
84:      "description": "是否显示蒙层"
89:      "description": "弹框类型 confirm 确认弹框"
93:      "description": "可拖拽"
97:      "description": "数据映射"
104:      "description": "组件唯一 id，主要用于页面设计器中定位 json 节点"
108:      "description": "容器 css 类名"
112:      "description": "配合 definitions 一起使用，可以实现无限循环的渲染器。"
116:      "description": "是否禁用"
120:      "description": "是否禁用表达式"
124:      "description": "是否隐藏"
128:      "description": "是否隐藏表达式"
132:      "description": "是否显示"
136:      "description": "可以用来配置 feedback 的出现条件"
140:      "description": "组件唯一 id，主要用于日志采集"
168:      "description": "事件动作配置"
172:      "description": "是否静态展示"
176:      "description": "是否静态展示表达式"
180:      "description": "静态展示空值占位"
184:      "description": "静态展示表单项类名"
188:      "description": "静态展示表单项Label类名"
192:      "description": "静态展示表单项Value类名"
197:      "description": "组件样式"
204:          "description": "组件行为、用途，如 create、update、remove"
208:          "description": "组件名称，通常是业务名称方便定位"
211:          "description": "编辑器假数据，方便展示"
214:      "description": "编辑器配置，运行时可以忽略"
218:      "description": "可以组件级别用来关闭移动端样式"
225:      "description": "feedback 弹框取消是否中断后续操作"
229:      "description": "feedback 弹框确认是否中断后续操作"
------------------------------------
⚠️  Chinese characters found in: output/FieldSetControlSchema.json
6:      "description": "标识"
14:      "description": "标题展示位置"
25:      "description": "标题"
29:      "description": "配置 Body 容器 className"
33:      "description": "是否禁用"
37:      "description": "是否可折叠"
41:      "description": "默认是否折叠"
45:      "description": "图标是否展示"
49:      "description": "自定义切换图标"
53:      "description": "标题 CSS 类名"
57:      "description": "收起的标题"
68:      "description": "控件大小"
72:      "description": "点开时才加载内容"
76:      "description": "卡片隐藏就销毁内容。"
80:      "description": "标题内容分割线"
87:      "description": "组件唯一 id，主要用于页面设计器中定位 json 节点"
91:      "description": "容器 css 类名"
95:      "description": "配合 definitions 一起使用，可以实现无限循环的渲染器。"
99:      "description": "是否禁用表达式"
103:      "description": "是否隐藏"
107:      "description": "是否隐藏表达式"
111:      "description": "是否显示"
115:      "description": "是否显示表达式"
119:      "description": "组件唯一 id，主要用于日志采集"
147:      "description": "事件动作配置"
151:      "description": "是否静态展示"
155:      "description": "是否静态展示表达式"
159:      "description": "静态展示空值占位"
163:      "description": "静态展示表单项类名"
167:      "description": "静态展示表单项Label类名"
171:      "description": "静态展示表单项Value类名"
176:      "description": "组件样式"
183:          "description": "组件行为、用途，如 create、update、remove"
187:          "description": "组件名称，通常是业务名称方便定位"
190:          "description": "编辑器假数据，方便展示"
193:      "description": "编辑器配置，运行时可以忽略"
197:      "description": "可以组件级别用来关闭移动端样式"
212:      "description": "描述标题"
216:      "description": "描述标题"
223:      "description": "label自定义宽度，默认单位为px"
227:      "description": "配置 label className"
231:      "description": "字段名，表单提交时的 key，支持多层级，用.连接，如： a.b.c"
235:      "description": "额外的字段名，当为范围组件时可以用来将另外一个值打平出来"
238:      "description": "显示一个小图标, 鼠标放上去的时候显示提示内容"
241:      "description": "显示一个小图标, 鼠标放上去的时候显示提示内容, 这个小图标跟 label 在一起"
245:      "description": "输入提示，聚焦的时候显示"
249:      "description": "当修改完的时候是否提交表单。"
253:      "description": "是否只读"
257:      "description": "只读条件"
261:      "description": "不设置时，当表单提交过后表单项每次修改都会触发重新验证， 如果设置了，则由此配置项来决定要不要每次修改都触发验证。"
265:      "description": "描述内容，支持 Html 片段。"
272:      "description": "配置描述上的 className"
281:      "description": "配置当前表单项展示模式"
285:      "description": "当配置为水平布局的时候，用来配置具体的左右分配。"
289:      "description": "表单 control 是否为 inline 模式。"
293:      "description": "配置 input className"
297:      "description": "占位符"
301:      "description": "是否为必填"
400:      "description": "验证失败的提示信息"
412:              "description": "是否是字母"
416:              "description": "是否为字母数字"
420:              "description": "是否为邮箱地址"
424:              "description": "是否为浮点型"
428:              "description": "是否为整型"
432:              "description": "是否为 json"
436:              "description": "长度等于指定值"
440:              "description": "是否为数字"
444:              "description": "是否为必填"
448:              "description": "是否为 URL 地址"
452:              "description": "内容命中指定正则"
456:              "description": "内容命中指定正则"
460:              "description": "内容命中指定正则"
464:              "description": "内容命中指定正则"
468:              "description": "内容命中指定正则"
472:              "description": "内容命中指定正则"
476:              "description": "最大长度为指定值"
480:              "description": "最大值为指定值"
484:              "description": "最小长度为指定值"
488:              "description": "最小值为指定值"
502:              "description": "和目标日期相同，支持指定粒度，默认到毫秒"
516:              "description": "早于目标日期，支持指定粒度，默认到毫秒"
530:              "description": "晚于目标日期，支持指定粒度，默认到毫秒"
544:              "description": "早于目标日期或和目标日期相同，支持指定粒度，默认到毫秒"
558:              "description": "晚于目标日期或和目标日期相同，支持指定粒度，默认到毫秒"
572:              "description": "日期处于目标日期范围，支持指定粒度和区间的开闭形式，默认到毫秒, 左右开区间"
586:              "description": "和目标时间相同，支持指定粒度，默认到毫秒"
600:              "description": "早于目标时间，支持指定粒度，默认到毫秒"
614:              "description": "晚于目标时间，支持指定粒度，默认到毫秒"
628:              "description": "早于目标时间或和目标时间相同，支持指定粒度，默认到毫秒"
642:              "description": "晚于目标时间或和目标时间相同，支持指定粒度，默认到毫秒"
656:              "description": "时间处于目标时间范围，支持指定粒度和区间的开闭形式，默认到毫秒, 左右开区间"
663:      "description": "默认值，切记只能是静态值，不支持取变量，跟数据关联是通过设置 name 属性来实现的。"
667:      "description": "表单项隐藏时，是否在当前 Form 中删除掉该表单项值。注意同名的未隐藏的表单项值也会删掉"
678:      "description": "远端校验表单项接口"
693:              "description": "是否为参照录入模式，参照录入会展示候选值供用户选择，而不是直接填充。"
696:              "description": "参照录入时，默认选中的值"
707:              "description": "自动填充 api"
711:              "description": "是否展示数据格式错误提示，默认为不展示",
716:              "description": "填充时的数据映射"
725:              "description": "触发条件，默认为 change"
734:              "description": "弹窗方式，当为参照录入时用可以配置"
738:              "description": "当参照录入为抽屉时可以配置弹出位置"
742:              "description": "当为参照录入时可以配置弹出容器的大小"
747:              "description": "参照录入展示的项"
750:              "description": "参照录入时的过滤条件"
756:      "description": "自动填充，当选项被选择的时候，将选项中的其他值同步设置到表单内。"
778:      "description": "指定为表单项集合"
786:      "description": "标题展示位置"
790:      "description": "内容区域"
794:      "description": "标题"
798:      "description": "收起的标题"
807:      "description": "配置子表单项默认的展示方式。"
811:      "description": "如果是水平排版，这个属性可以细化水平排版的左右宽度占比。"
819:  "description": "FieldSet 表单项集合 文档：https://aisuda.bce.baidu.com/amis/zh-CN/components/form/fieldset",
------------------------------------
⚠️  Chinese characters found in: output/FieldSimple.json
503:          "description": "自动完成 API，当输入部分文字的时候，会将这些文字通过 ${term} 可以取到，发送给接口。 接口可以返回匹配到的选项，帮助用户输入。"
------------------------------------
⚠️  Chinese characters found in: output/FileControlSchema.json
6:      "description": "组件唯一 id，主要用于页面设计器中定位 json 节点"
10:      "description": "容器 css 类名"
14:      "description": "配合 definitions 一起使用，可以实现无限循环的渲染器。"
18:      "description": "是否禁用"
22:      "description": "是否禁用表达式"
26:      "description": "是否隐藏"
30:      "description": "是否隐藏表达式"
34:      "description": "是否显示"
38:      "description": "是否显示表达式"
42:      "description": "组件唯一 id，主要用于日志采集"
70:      "description": "事件动作配置"
74:      "description": "是否静态展示"
78:      "description": "是否静态展示表达式"
82:      "description": "静态展示空值占位"
86:      "description": "静态展示表单项类名"
90:      "description": "静态展示表单项Label类名"
94:      "description": "静态展示表单项Value类名"
99:      "description": "组件样式"
106:          "description": "组件行为、用途，如 create、update、remove"
110:          "description": "组件名称，通常是业务名称方便定位"
113:          "description": "编辑器假数据，方便展示"
116:      "description": "编辑器配置，运行时可以忽略"
120:      "description": "可以组件级别用来关闭移动端样式"
134:      "description": "表单项大小"
146:      "description": "描述标题"
150:      "description": "描述标题"
157:      "description": "label自定义宽度，默认单位为px"
161:      "description": "配置 label className"
165:      "description": "字段名，表单提交时的 key，支持多层级，用.连接，如： a.b.c"
169:      "description": "额外的字段名，当为范围组件时可以用来将另外一个值打平出来"
173:      "description": "显示一个小图标, 鼠标放上去的时候显示提示内容"
177:      "description": "显示一个小图标, 鼠标放上去的时候显示提示内容, 这个小图标跟 label 在一起"
181:      "description": "输入提示，聚焦的时候显示"
185:      "description": "当修改完的时候是否提交表单。"
189:      "description": "是否只读"
193:      "description": "只读条件"
197:      "description": "不设置时，当表单提交过后表单项每次修改都会触发重新验证， 如果设置了，则由此配置项来决定要不要每次修改都触发验证。"
201:      "description": "描述内容，支持 Html 片段。"
208:      "description": "配置描述上的 className"
217:      "description": "配置当前表单项展示模式"
221:      "description": "当配置为水平布局的时候，用来配置具体的左右分配。"
225:      "description": "表单 control 是否为 inline 模式。"
229:      "description": "配置 input className"
233:      "description": "占位符"
237:      "description": "是否为必填"
336:      "description": "验证失败的提示信息"
348:              "description": "是否是字母"
352:              "description": "是否为字母数字"
356:              "description": "是否为邮箱地址"
360:              "description": "是否为浮点型"
364:              "description": "是否为整型"
368:              "description": "是否为 json"
372:              "description": "长度等于指定值"
376:              "description": "是否为数字"
380:              "description": "是否为必填"
384:              "description": "是否为 URL 地址"
388:              "description": "内容命中指定正则"
392:              "description": "内容命中指定正则"
396:              "description": "内容命中指定正则"
400:              "description": "内容命中指定正则"
404:              "description": "内容命中指定正则"
408:              "description": "内容命中指定正则"
412:              "description": "最大长度为指定值"
416:              "description": "最大值为指定值"
420:              "description": "最小长度为指定值"
424:              "description": "最小值为指定值"
438:              "description": "和目标日期相同，支持指定粒度，默认到毫秒"
452:              "description": "早于目标日期，支持指定粒度，默认到毫秒"
466:              "description": "晚于目标日期，支持指定粒度，默认到毫秒"
480:              "description": "早于目标日期或和目标日期相同，支持指定粒度，默认到毫秒"
494:              "description": "晚于目标日期或和目标日期相同，支持指定粒度，默认到毫秒"
508:              "description": "日期处于目标日期范围，支持指定粒度和区间的开闭形式，默认到毫秒, 左右开区间"
522:              "description": "和目标时间相同，支持指定粒度，默认到毫秒"
536:              "description": "早于目标时间，支持指定粒度，默认到毫秒"
550:              "description": "晚于目标时间，支持指定粒度，默认到毫秒"
564:              "description": "早于目标时间或和目标时间相同，支持指定粒度，默认到毫秒"
578:              "description": "晚于目标时间或和目标时间相同，支持指定粒度，默认到毫秒"
592:              "description": "时间处于目标时间范围，支持指定粒度和区间的开闭形式，默认到毫秒, 左右开区间"
599:      "description": "默认值，切记只能是静态值，不支持取变量，跟数据关联是通过设置 name 属性来实现的。"
603:      "description": "表单项隐藏时，是否在当前 Form 中删除掉该表单项值。注意同名的未隐藏的表单项值也会删掉"
614:      "description": "远端校验表单项接口"
621:      "description": "上传后把其他字段同步到表单内部。"
625:      "description": "初始化时是否把其他字段同步到表单内部。"
633:      "description": "指定为文件上传"
637:      "description": "上传文件按钮说明"
641:      "description": "默认只支持纯文本，要支持其他类型，请配置此属性。建议直接填写文件后缀 如：.txt,.csv\n\n多个类型用逗号隔开。"
645:      "description": "控制 input 标签的 capture 属性，用于移动端拍照或录像。"
649:      "description": "如果上传的文件比较小可以设置此选项来简单的把文件 base64 的值给 form 一起提交，目前不支持多选。"
653:      "description": "如果不希望 File 组件上传，可以配置 `asBlob` 或者 `asBase64`，采用这种方式后，组件不再自己上传了，而是直接把文件数据作为表单项的值，文件内容会在 Form 表单提交的接口里面一起带上。"
657:      "description": "是否自动开始上传"
661:      "description": "默认 `/api/upload/chunk` 想自己存储时才需要关注。"
665:      "description": "分块大小，默认为 5M.",
670:      "description": "分块上传的并发数"
674:      "description": "分割符"
678:      "description": "默认显示文件路径的时候会支持直接下载， 可以支持加前缀如：`http://xx.dom/filename=` ， 如果不希望这样，可以把当前配置项设置为 `false`。\n\n1.1.6 版本开始将支持变量 ${xxx} 来自己拼凑个下载地址，并且支持配置成 post."
682:      "description": "模板下载地址"
686:      "description": "默认 `file`, 如果你不想自己存储，则可以忽略此属性。"
690:      "description": "默认 `/api/upload/finishChunkApi` 想自己存储时才需要关注。"
694:      "description": "是否隐藏上传按钮"
698:      "description": "最多的个数"
702:      "description": "默认没有限制，当设置后，文件大小大于此值将不允许上传。"
706:      "description": "默认 `/api/upload/file` 如果想自己存储，请设置此选项。"
710:      "description": "默认 `/api/upload/startChunk` 想自己存储时才需要关注。"
722:      "description": "默认为 'auto' amis 所在服务器，限制了文件上传大小不得超出10M，所以 amis 在用户选择大文件的时候，自动会改成分块上传模式。"
726:      "description": "按钮 CSS 类名"
730:      "description": "上传按钮 CSS 类名"
734:      "description": "是否为多选"
738:      "description": "1. 单选模式：当用户选中某个选项时，选项中的 value 将被作为该表单项的值提交， 否则，整个选项对象都会作为该表单项的值提交。 2. 多选模式：选中的多个选项的 `value` 会通过 `delimiter` 连接起来， 否则直接将以数组的形式提交值。"
742:      "description": "开启后将选中的选项 value 的值封装为数组，作为当前表单项的值。"
745:      "description": "清除时设置的值"
749:      "description": "接口返回的数据中，哪个用来当做值"
753:      "description": "接口返回的数据中，哪个用来展示文件名"
757:      "description": "接口返回的数据中哪个用来作为下载地址。"
790:      "description": "按钮状态文案配置。"
794:      "description": "说明文档内容配置"
798:      "description": "说明文档链接配置"
802:      "description": "是否为拖拽上传"
809:  "description": "File 文件上传控件 文档：https://aisuda.bce.baidu.com/amis/zh-CN/components/form/file",
------------------------------------
⚠️  Chinese characters found in: output/FlexSchema.json
6:      "description": "组件唯一 id，主要用于页面设计器中定位 json 节点"
10:      "description": "容器 css 类名"
14:      "description": "配合 definitions 一起使用，可以实现无限循环的渲染器。"
18:      "description": "是否禁用"
22:      "description": "是否禁用表达式"
26:      "description": "是否隐藏"
30:      "description": "是否隐藏表达式"
34:      "description": "是否显示"
38:      "description": "是否显示表达式"
42:      "description": "组件唯一 id，主要用于日志采集"
70:      "description": "事件动作配置"
74:      "description": "是否静态展示"
78:      "description": "是否静态展示表达式"
82:      "description": "静态展示空值占位"
86:      "description": "静态展示表单项类名"
90:      "description": "静态展示表单项Label类名"
94:      "description": "静态展示表单项Value类名"
99:      "description": "自定义样式"
106:          "description": "组件行为、用途，如 create、update、remove"
110:          "description": "组件名称，通常是业务名称方便定位"
113:          "description": "编辑器假数据，方便展示"
116:      "description": "编辑器配置，运行时可以忽略"
120:      "description": "可以组件级别用来关闭移动端样式"
128:      "description": "指定为 flex 展示类型"
145:      "description": "水平分布"
158:      "description": "垂直布局"
172:      "description": "多行情况下的垂直分布"
182:      "description": "方向"
186:      "description": "每个 flex 的设置"
194:  "description": "Flex 布局 文档：https://aisuda.bce.baidu.com/amis/zh-CN/components/flex",
------------------------------------
⚠️  Chinese characters found in: output/FormControlSchema.json
6:      "description": "组件唯一 id，主要用于页面设计器中定位 json 节点"
10:      "description": "容器 css 类名"
14:      "description": "配合 definitions 一起使用，可以实现无限循环的渲染器。"
18:      "description": "是否禁用"
22:      "description": "是否禁用表达式"
26:      "description": "是否隐藏"
30:      "description": "是否隐藏表达式"
34:      "description": "是否显示"
38:      "description": "是否显示表达式"
42:      "description": "组件唯一 id，主要用于日志采集"
70:      "description": "事件动作配置"
74:      "description": "是否静态展示"
78:      "description": "是否静态展示表达式"
82:      "description": "静态展示空值占位"
86:      "description": "静态展示表单项类名"
90:      "description": "静态展示表单项Label类名"
94:      "description": "静态展示表单项Value类名"
99:      "description": "组件样式"
106:          "description": "组件行为、用途，如 create、update、remove"
110:          "description": "组件名称，通常是业务名称方便定位"
113:          "description": "编辑器假数据，方便展示"
116:      "description": "编辑器配置，运行时可以忽略"
120:      "description": "可以组件级别用来关闭移动端样式"
134:      "description": "表单项大小"
146:      "description": "描述标题"
150:      "description": "描述标题"
157:      "description": "label自定义宽度，默认单位为px"
161:      "description": "配置 label className"
165:      "description": "字段名，表单提交时的 key，支持多层级，用.连接，如： a.b.c"
169:      "description": "额外的字段名，当为范围组件时可以用来将另外一个值打平出来"
173:      "description": "显示一个小图标, 鼠标放上去的时候显示提示内容"
177:      "description": "显示一个小图标, 鼠标放上去的时候显示提示内容, 这个小图标跟 label 在一起"
181:      "description": "输入提示，聚焦的时候显示"
185:      "description": "当修改完的时候是否提交表单。"
189:      "description": "是否只读"
193:      "description": "只读条件"
197:      "description": "不设置时，当表单提交过后表单项每次修改都会触发重新验证， 如果设置了，则由此配置项来决定要不要每次修改都触发验证。"
201:      "description": "描述内容，支持 Html 片段。"
208:      "description": "配置描述上的 className"
217:      "description": "配置当前表单项展示模式"
221:      "description": "当配置为水平布局的时候，用来配置具体的左右分配。"
225:      "description": "表单 control 是否为 inline 模式。"
229:      "description": "配置 input className"
233:      "description": "占位符"
237:      "description": "是否为必填"
336:      "description": "验证失败的提示信息"
348:              "description": "是否是字母"
352:              "description": "是否为字母数字"
356:              "description": "是否为邮箱地址"
360:              "description": "是否为浮点型"
364:              "description": "是否为整型"
368:              "description": "是否为 json"
372:              "description": "长度等于指定值"
376:              "description": "是否为数字"
380:              "description": "是否为必填"
384:              "description": "是否为 URL 地址"
388:              "description": "内容命中指定正则"
392:              "description": "内容命中指定正则"
396:              "description": "内容命中指定正则"
400:              "description": "内容命中指定正则"
404:              "description": "内容命中指定正则"
408:              "description": "内容命中指定正则"
412:              "description": "最大长度为指定值"
416:              "description": "最大值为指定值"
420:              "description": "最小长度为指定值"
424:              "description": "最小值为指定值"
438:              "description": "和目标日期相同，支持指定粒度，默认到毫秒"
452:              "description": "早于目标日期，支持指定粒度，默认到毫秒"
466:              "description": "晚于目标日期，支持指定粒度，默认到毫秒"
480:              "description": "早于目标日期或和目标日期相同，支持指定粒度，默认到毫秒"
494:              "description": "晚于目标日期或和目标日期相同，支持指定粒度，默认到毫秒"
508:              "description": "日期处于目标日期范围，支持指定粒度和区间的开闭形式，默认到毫秒, 左右开区间"
522:              "description": "和目标时间相同，支持指定粒度，默认到毫秒"
536:              "description": "早于目标时间，支持指定粒度，默认到毫秒"
550:              "description": "晚于目标时间，支持指定粒度，默认到毫秒"
564:              "description": "早于目标时间或和目标时间相同，支持指定粒度，默认到毫秒"
578:              "description": "晚于目标时间或和目标时间相同，支持指定粒度，默认到毫秒"
592:              "description": "时间处于目标时间范围，支持指定粒度和区间的开闭形式，默认到毫秒, 左右开区间"
599:      "description": "默认值，切记只能是静态值，不支持取变量，跟数据关联是通过设置 name 属性来实现的。"
603:      "description": "表单项隐藏时，是否在当前 Form 中删除掉该表单项值。注意同名的未隐藏的表单项值也会删掉"
614:      "description": "远端校验表单项接口"
629:              "description": "是否为参照录入模式，参照录入会展示候选值供用户选择，而不是直接填充。"
632:              "description": "参照录入时，默认选中的值"
643:              "description": "自动填充 api"
647:              "description": "是否展示数据格式错误提示，默认为不展示",
652:              "description": "填充时的数据映射"
661:              "description": "触发条件，默认为 change"
670:              "description": "弹窗方式，当为参照录入时用可以配置"
674:              "description": "当参照录入为抽屉时可以配置弹出位置"
678:              "description": "当为参照录入时可以配置弹出容器的大小"
683:              "description": "参照录入展示的项"
686:              "description": "参照录入时的过滤条件"
692:      "description": "自动填充，当选项被选择的时候，将选项中的其他值同步设置到表单内。"
711:      "description": "表单项类型"
715:      "description": "FormItem 内容"
723:  "description": "Control 表单项包裹 文档：https://aisuda.bce.baidu.com/amis/zh-CN/components/form/control",
------------------------------------
⚠️  Chinese characters found in: output/FormHorizontal.json
51:      "description": "label自定义宽度，默认单位为px"
------------------------------------
⚠️  Chinese characters found in: output/FormSchema.json
6:      "description": "组件唯一 id，主要用于页面设计器中定位 json 节点"
10:      "description": "容器 css 类名"
14:      "description": "配合 definitions 一起使用，可以实现无限循环的渲染器。"
18:      "description": "是否禁用"
22:      "description": "是否禁用表达式"
26:      "description": "是否隐藏"
30:      "description": "是否隐藏表达式"
34:      "description": "是否显示"
38:      "description": "是否显示表达式"
42:      "description": "组件唯一 id，主要用于日志采集"
70:      "description": "事件动作配置"
74:      "description": "展示态时的className"
81:      "description": "静态展示空值占位"
88:      "description": "静态展示表单项Label类名"
92:      "description": "静态展示表单项Value类名"
97:      "description": "组件样式"
104:          "description": "组件行为、用途，如 create、update、remove"
108:          "description": "组件名称，通常是业务名称方便定位"
111:          "description": "编辑器假数据，方便展示"
114:      "description": "编辑器配置，运行时可以忽略"
118:      "description": "可以组件级别用来关闭移动端样式"
126:      "description": "指定为表单渲染器。"
133:      "description": "表单标题"
140:      "description": "按钮集合，会固定在底部显示。"
144:      "description": "表单项集合"
151:      "description": "是否开启调试，开启后会在顶部实时显示表单项数据。"
158:          "description": "默认展开的级别"
162:          "description": "是否可复制"
171:          "description": "图标风格"
175:          "description": "是否显示键的引号"
179:          "description": "是否为键排序"
191:          "description": "设置字符串的最大展示长度，超出长度阈值的字符串将被截断，点击value可切换字符串展示方式，默认为120"
195:      "description": "Debug面板配置"
206:      "description": "用来初始化表单数据"
217:      "description": "Form 用来获取初始数据的 api,与initApi不同的是，会一直轮询请求该接口，直到返回 finished 属性为 true 才 结束。"
221:      "description": "设置了initAsyncApi后，默认会从返回数据的data.finished来判断是否完成，也可以设置成其他的xxx，就会从data.xxx中获取"
225:      "description": "设置了initAsyncApi以后，默认拉取的时间间隔"
229:      "description": "是否初始加载"
233:      "description": "建议改成 api 的 sendOn 属性。"
237:      "description": "设置后将轮询调用 initApi"
241:      "description": "是否静默拉取"
245:      "description": "配置停止轮询的条件"
249:      "description": "是否开启本地缓存"
256:      "description": "开启本地缓存后限制保存哪些 key"
260:      "description": "提交成功后清空本地缓存"
271:      "description": "Form 用来保存数据的 api。\n\n详情：https://aisuda.bce.baidu.com/amis/zh-CN/components/form/index#%E8%A1%A8%E5%8D%95%E6%8F%90%E4%BA%A4"
274:      "description": "Form 也可以配置 feedback。"
285:      "description": "设置此属性后，表单提交发送保存接口后，还会继续轮询请求该接口，直到返回 finished 属性为 true 才 结束。"
289:      "description": "轮询请求的时间间隔，默认为 3秒。设置 asyncApi 才有效"
293:      "description": "如果决定结束的字段名不是 `finished` 请设置此属性，比如 `is_success`"
297:      "description": "提交完后重置表单"
301:      "description": "提交后清空表单"
311:      "description": "配置表单项默认的展示方式。"
315:      "description": "表单项显示为几列"
319:      "description": "如果是水平排版，这个属性可以细化水平排版的左右宽度占比。"
323:      "description": "是否自动将第一个表单元素聚焦。"
330:          "description": "表单验证失败时的提示"
334:      "description": "消息文案配置，记住这个优先级是最低的，如果你的接口返回了 msg，接口返回的优先。"
341:      "description": "配置容器 panel className"
345:      "description": "设置主键 id, 当设置后，检测表单是否完成时（asyncApi），只会携带此数据。"
355:      "description": "修改的时候是否直接提交表单。"
359:      "description": "表单初始先提交一次，联动的时候有用"
363:      "description": "默认的提交按钮名称，如果设置成空，则可以把默认按钮去掉。"
367:      "description": "默认表单提交自己会通过发送 api 保存数据，但是也可以设定另外一个 form 的 name 值，或者另外一个 `CRUD` 模型的 name 值。 如果 target 目标是一个 `Form` ，则目标 `Form` 会重新触发 `initApi` 和 `schemaApi`，api 可以拿到当前 form 数据。如果目标是一个 `CRUD` 模型，则目标模型会重新触发搜索，参数为当前 Form 数据。"
371:      "description": "是否用 panel 包裹起来"
375:      "description": "是否固定底下的按钮在底部。"
379:      "description": "页面离开提示，为了防止页面不小心跳转而导致表单没有保存。"
383:      "description": "具体的提示信息，选填。"
416:      "description": "组合校验规则，选填"
420:      "description": "禁用回车提交"
424:      "description": "表单label的对齐方式"
431:      "description": "label自定义宽度，默认单位为px"
438:  "description": "Form 表单渲染器。\n\n说明：https://aisuda.bce.baidu.com/amis/zh-CN/components/form/index",
------------------------------------
⚠️  Chinese characters found in: output/FormulaControlSchema.json
6:      "description": "组件唯一 id，主要用于页面设计器中定位 json 节点"
10:      "description": "容器 css 类名"
14:      "description": "配合 definitions 一起使用，可以实现无限循环的渲染器。"
18:      "description": "是否禁用"
22:      "description": "是否禁用表达式"
26:      "description": "是否隐藏"
30:      "description": "是否隐藏表达式"
34:      "description": "是否显示"
38:      "description": "是否显示表达式"
42:      "description": "当某个按钮的目标指定为此值后，会触发一次公式应用。这个机制可以在 autoSet 为 false 时用来手动触发"
70:      "description": "事件动作配置"
74:      "description": "是否静态展示"
78:      "description": "是否静态展示表达式"
82:      "description": "静态展示空值占位"
86:      "description": "静态展示表单项类名"
90:      "description": "静态展示表单项Label类名"
94:      "description": "静态展示表单项Value类名"
99:      "description": "组件样式"
106:          "description": "组件行为、用途，如 create、update、remove"
110:          "description": "组件名称，通常是业务名称方便定位"
113:          "description": "编辑器假数据，方便展示"
116:      "description": "编辑器配置，运行时可以忽略"
120:      "description": "可以组件级别用来关闭移动端样式"
134:      "description": "表单项大小"
146:      "description": "描述标题"
150:      "description": "描述标题"
157:      "description": "label自定义宽度，默认单位为px"
161:      "description": "配置 label className"
165:      "description": "字段名，公式结果将作用到此处指定的变量中去"
169:      "description": "额外的字段名，当为范围组件时可以用来将另外一个值打平出来"
173:      "description": "显示一个小图标, 鼠标放上去的时候显示提示内容"
177:      "description": "显示一个小图标, 鼠标放上去的时候显示提示内容, 这个小图标跟 label 在一起"
181:      "description": "输入提示，聚焦的时候显示"
185:      "description": "当修改完的时候是否提交表单。"
189:      "description": "是否只读"
193:      "description": "只读条件"
197:      "description": "不设置时，当表单提交过后表单项每次修改都会触发重新验证， 如果设置了，则由此配置项来决定要不要每次修改都触发验证。"
201:      "description": "描述内容，支持 Html 片段。"
208:      "description": "配置描述上的 className"
217:      "description": "配置当前表单项展示模式"
221:      "description": "当配置为水平布局的时候，用来配置具体的左右分配。"
225:      "description": "表单 control 是否为 inline 模式。"
229:      "description": "配置 input className"
233:      "description": "占位符"
237:      "description": "是否为必填"
336:      "description": "验证失败的提示信息"
348:              "description": "是否是字母"
352:              "description": "是否为字母数字"
356:              "description": "是否为邮箱地址"
360:              "description": "是否为浮点型"
364:              "description": "是否为整型"
368:              "description": "是否为 json"
372:              "description": "长度等于指定值"
376:              "description": "是否为数字"
380:              "description": "是否为必填"
384:              "description": "是否为 URL 地址"
388:              "description": "内容命中指定正则"
392:              "description": "内容命中指定正则"
396:              "description": "内容命中指定正则"
400:              "description": "内容命中指定正则"
404:              "description": "内容命中指定正则"
408:              "description": "内容命中指定正则"
412:              "description": "最大长度为指定值"
416:              "description": "最大值为指定值"
420:              "description": "最小长度为指定值"
424:              "description": "最小值为指定值"
438:              "description": "和目标日期相同，支持指定粒度，默认到毫秒"
452:              "description": "早于目标日期，支持指定粒度，默认到毫秒"
466:              "description": "晚于目标日期，支持指定粒度，默认到毫秒"
480:              "description": "早于目标日期或和目标日期相同，支持指定粒度，默认到毫秒"
494:              "description": "晚于目标日期或和目标日期相同，支持指定粒度，默认到毫秒"
508:              "description": "日期处于目标日期范围，支持指定粒度和区间的开闭形式，默认到毫秒, 左右开区间"
522:              "description": "和目标时间相同，支持指定粒度，默认到毫秒"
536:              "description": "早于目标时间，支持指定粒度，默认到毫秒"
550:              "description": "晚于目标时间，支持指定粒度，默认到毫秒"
564:              "description": "早于目标时间或和目标时间相同，支持指定粒度，默认到毫秒"
578:              "description": "晚于目标时间或和目标时间相同，支持指定粒度，默认到毫秒"
592:              "description": "时间处于目标时间范围，支持指定粒度和区间的开闭形式，默认到毫秒, 左右开区间"
599:      "description": "默认值，切记只能是静态值，不支持取变量，跟数据关联是通过设置 name 属性来实现的。"
603:      "description": "表单项隐藏时，是否在当前 Form 中删除掉该表单项值。注意同名的未隐藏的表单项值也会删掉"
614:      "description": "远端校验表单项接口"
629:              "description": "是否为参照录入模式，参照录入会展示候选值供用户选择，而不是直接填充。"
632:              "description": "参照录入时，默认选中的值"
643:              "description": "自动填充 api"
647:              "description": "是否展示数据格式错误提示，默认为不展示",
652:              "description": "填充时的数据映射"
661:              "description": "触发条件，默认为 change"
670:              "description": "弹窗方式，当为参照录入时用可以配置"
674:              "description": "当参照录入为抽屉时可以配置弹出位置"
678:              "description": "当为参照录入时可以配置弹出容器的大小"
683:              "description": "参照录入展示的项"
686:              "description": "参照录入时的过滤条件"
692:      "description": "自动填充，当选项被选择的时候，将选项中的其他值同步设置到表单内。"
711:      "description": "指定为公式功能控件。"
715:      "description": "触发公式的作用条件，如 data.xxx == \\\"a\\\" 或者 ${xx}"
719:      "description": "是否自动应用"
723:      "description": "公式"
727:      "description": "是否初始应用"
734:  "description": "公式功能控件。 文档：https://aisuda.bce.baidu.com/amis/zh-CN/components/form/formula",
------------------------------------
⚠️  Chinese characters found in: output/Grid.json
15:          "description": "起始横坐标位置，以 1 为起点"
19:          "description": "起始纵坐标位置，以 1 为起点"
23:          "description": "宽度，跨几列"
27:          "description": "高度，跨几行"
34:          "description": "宽度，会影响起始位置对应那一列的宽度"
41:          "description": "高度，会影响起始位置那一行的高度，设置为 auto 就会自适应"
51:          "description": "水平展示方式，用于内容宽度比 grid 小的情况，默认是 auto 自动撑满"
61:          "description": "垂直展示方式，用于内容高度比 grid 小的情况，默认是 auto 自动撑满"
65:          "description": "每个格子最外层容器的 className"
------------------------------------
⚠️  Chinese characters found in: output/Grid2DSchema.json
6:      "description": "组件唯一 id，主要用于页面设计器中定位 json 节点"
10:      "description": "容器 css 类名"
14:      "description": "配合 definitions 一起使用，可以实现无限循环的渲染器。"
18:      "description": "是否禁用"
22:      "description": "是否禁用表达式"
26:      "description": "是否隐藏"
30:      "description": "是否隐藏表达式"
34:      "description": "是否显示"
38:      "description": "是否显示表达式"
42:      "description": "组件唯一 id，主要用于日志采集"
70:      "description": "事件动作配置"
74:      "description": "是否静态展示"
78:      "description": "是否静态展示表达式"
82:      "description": "静态展示空值占位"
86:      "description": "静态展示表单项类名"
90:      "description": "静态展示表单项Label类名"
94:      "description": "静态展示表单项Value类名"
99:      "description": "组件样式"
106:          "description": "组件行为、用途，如 create、update、remove"
110:          "description": "组件名称，通常是业务名称方便定位"
113:          "description": "编辑器假数据，方便展示"
116:      "description": "编辑器配置，运行时可以忽略"
120:      "description": "可以组件级别用来关闭移动端样式"
128:      "description": "指定为 grid-2d 展示类型"
135:      "description": "列数量，默认是 12"
150:      "description": "grid 2d 容器宽度，默认是 auto"
157:      "description": "格子间距，默认 0，包含行和列"
164:      "description": "格子行级别的间距，如果不设置就和 gap 一样"
171:      "description": "单位行高度，默认 50 px"
178:      "description": "每个格子的配置"
186:  "description": "二维布局渲染器。 文档：https://aisuda.bce.baidu.com/amis/zh-CN/components/grid-2d",
------------------------------------
⚠️  Chinese characters found in: output/GridColumnObject.json
6:      "description": "组件唯一 id"
18:      "description": "极小屏（<768px）时宽度占比"
30:      "description": "小屏时（>=768px）宽度占比"
42:      "description": "中屏时(>=992px)宽度占比"
54:      "description": "大屏时(>=1200px)宽度占比"
64:      "description": "垂直对齐方式"
73:      "description": "配置子表单项默认的展示方式。"
77:      "description": "如果是水平排版，这个属性可以细化水平排版的左右宽度占比。"
84:      "description": "列类名"
87:      "description": "样式"
------------------------------------
⚠️  Chinese characters found in: output/GridSchema.json
6:      "description": "组件唯一 id，主要用于页面设计器中定位 json 节点"
10:      "description": "容器 css 类名"
14:      "description": "配合 definitions 一起使用，可以实现无限循环的渲染器。"
18:      "description": "是否禁用"
22:      "description": "是否禁用表达式"
26:      "description": "是否隐藏"
30:      "description": "是否隐藏表达式"
34:      "description": "是否显示"
38:      "description": "是否显示表达式"
42:      "description": "组件唯一 id，主要用于日志采集"
70:      "description": "事件动作配置"
74:      "description": "是否静态展示"
78:      "description": "是否静态展示表达式"
82:      "description": "静态展示空值占位"
86:      "description": "静态展示表单项类名"
90:      "description": "静态展示表单项Label类名"
94:      "description": "静态展示表单项Value类名"
99:      "description": "组件样式"
106:          "description": "组件行为、用途，如 create、update、remove"
110:          "description": "组件名称，通常是业务名称方便定位"
113:          "description": "编辑器假数据，方便展示"
116:      "description": "编辑器配置，运行时可以忽略"
120:      "description": "可以组件级别用来关闭移动端样式"
128:      "description": "指定为 Grid 格子布局渲染器。"
138:      "description": "列集合"
150:      "description": "水平间距"
160:      "description": "垂直对齐方式"
170:      "description": "水平对齐方式"
178:  "description": "Grid 格子布局渲染器。 文档：https://aisuda.bce.baidu.com/amis/zh-CN/components/grid",
------------------------------------
⚠️  Chinese characters found in: output/GroupControlSchema.json
6:      "description": "组件唯一 id，主要用于页面设计器中定位 json 节点"
10:      "description": "容器 css 类名"
14:      "description": "配合 definitions 一起使用，可以实现无限循环的渲染器。"
18:      "description": "是否禁用"
22:      "description": "是否禁用表达式"
26:      "description": "是否隐藏"
30:      "description": "是否隐藏表达式"
34:      "description": "是否显示"
38:      "description": "是否显示表达式"
42:      "description": "组件唯一 id，主要用于日志采集"
70:      "description": "事件动作配置"
74:      "description": "是否静态展示"
78:      "description": "是否静态展示表达式"
82:      "description": "静态展示空值占位"
86:      "description": "静态展示表单项类名"
90:      "description": "静态展示表单项Label类名"
94:      "description": "静态展示表单项Value类名"
99:      "description": "组件样式"
106:          "description": "组件行为、用途，如 create、update、remove"
110:          "description": "组件名称，通常是业务名称方便定位"
113:          "description": "编辑器假数据，方便展示"
116:      "description": "编辑器配置，运行时可以忽略"
120:      "description": "可以组件级别用来关闭移动端样式"
134:      "description": "表单项大小"
146:      "description": "描述标题"
150:      "description": "描述标题"
157:      "description": "label自定义宽度，默认单位为px"
161:      "description": "配置 label className"
165:      "description": "字段名，表单提交时的 key，支持多层级，用.连接，如： a.b.c"
169:      "description": "额外的字段名，当为范围组件时可以用来将另外一个值打平出来"
173:      "description": "显示一个小图标, 鼠标放上去的时候显示提示内容"
177:      "description": "显示一个小图标, 鼠标放上去的时候显示提示内容, 这个小图标跟 label 在一起"
181:      "description": "输入提示，聚焦的时候显示"
185:      "description": "当修改完的时候是否提交表单。"
189:      "description": "是否只读"
193:      "description": "只读条件"
197:      "description": "不设置时，当表单提交过后表单项每次修改都会触发重新验证， 如果设置了，则由此配置项来决定要不要每次修改都触发验证。"
201:      "description": "描述内容，支持 Html 片段。"
208:      "description": "配置描述上的 className"
217:      "description": "配置当前表单项展示模式"
221:      "description": "当配置为水平布局的时候，用来配置具体的左右分配。"
225:      "description": "表单 control 是否为 inline 模式。"
229:      "description": "配置 input className"
233:      "description": "占位符"
237:      "description": "是否为必填"
336:      "description": "验证失败的提示信息"
348:              "description": "是否是字母"
352:              "description": "是否为字母数字"
356:              "description": "是否为邮箱地址"
360:              "description": "是否为浮点型"
364:              "description": "是否为整型"
368:              "description": "是否为 json"
372:              "description": "长度等于指定值"
376:              "description": "是否为数字"
380:              "description": "是否为必填"
384:              "description": "是否为 URL 地址"
388:              "description": "内容命中指定正则"
392:              "description": "内容命中指定正则"
396:              "description": "内容命中指定正则"
400:              "description": "内容命中指定正则"
404:              "description": "内容命中指定正则"
408:              "description": "内容命中指定正则"
412:              "description": "最大长度为指定值"
416:              "description": "最大值为指定值"
420:              "description": "最小长度为指定值"
424:              "description": "最小值为指定值"
438:              "description": "和目标日期相同，支持指定粒度，默认到毫秒"
452:              "description": "早于目标日期，支持指定粒度，默认到毫秒"
466:              "description": "晚于目标日期，支持指定粒度，默认到毫秒"
480:              "description": "早于目标日期或和目标日期相同，支持指定粒度，默认到毫秒"
494:              "description": "晚于目标日期或和目标日期相同，支持指定粒度，默认到毫秒"
508:              "description": "日期处于目标日期范围，支持指定粒度和区间的开闭形式，默认到毫秒, 左右开区间"
522:              "description": "和目标时间相同，支持指定粒度，默认到毫秒"
536:              "description": "早于目标时间，支持指定粒度，默认到毫秒"
550:              "description": "晚于目标时间，支持指定粒度，默认到毫秒"
564:              "description": "早于目标时间或和目标时间相同，支持指定粒度，默认到毫秒"
578:              "description": "晚于目标时间或和目标时间相同，支持指定粒度，默认到毫秒"
592:              "description": "时间处于目标时间范围，支持指定粒度和区间的开闭形式，默认到毫秒, 左右开区间"
599:      "description": "默认值，切记只能是静态值，不支持取变量，跟数据关联是通过设置 name 属性来实现的。"
603:      "description": "表单项隐藏时，是否在当前 Form 中删除掉该表单项值。注意同名的未隐藏的表单项值也会删掉"
614:      "description": "远端校验表单项接口"
629:              "description": "是否为参照录入模式，参照录入会展示候选值供用户选择，而不是直接填充。"
632:              "description": "参照录入时，默认选中的值"
643:              "description": "自动填充 api"
647:              "description": "是否展示数据格式错误提示，默认为不展示",
652:              "description": "填充时的数据映射"
661:              "description": "触发条件，默认为 change"
670:              "description": "弹窗方式，当为参照录入时用可以配置"
674:              "description": "当参照录入为抽屉时可以配置弹出位置"
678:              "description": "当为参照录入时可以配置弹出容器的大小"
683:              "description": "参照录入展示的项"
686:              "description": "参照录入时的过滤条件"
692:      "description": "自动填充，当选项被选择的时候，将选项中的其他值同步设置到表单内。"
711:      "description": "表单项类型"
718:      "description": "FormItem 集合"
727:      "description": "间隔"
735:      "description": "配置时垂直摆放还是左右摆放。"
744:      "description": "配置子表单项默认的展示方式。"
748:      "description": "如果是水平排版，这个属性可以细化水平排版的左右宽度占比。"
756:  "description": "Group 表单集合渲染器，能让多个表单在一行显示 文档：https://aisuda.bce.baidu.com/amis/zh-CN/components/form/group",
------------------------------------
⚠️  Chinese characters found in: output/GroupSubControl.json
15:          "description": "列类名"
27:          "description": "宽度占用比率。在某些容器里面有用比如 group"
31:          "description": "列名称"
------------------------------------
⚠️  Chinese characters found in: output/HBoxColumnObject.json
6:      "description": "列上 CSS 类名"
16:      "description": "垂直对齐方式"
23:      "description": "宽度"
30:      "description": "高度"
34:      "description": "其他样式"
43:      "description": "配置子表单项默认的展示方式。"
47:      "description": "如果是水平排版，这个属性可以细化水平排版的左右宽度占比。"
51:      "description": "内容区"
55:      "description": "是否显示"
59:      "description": "是否显示表达式"
------------------------------------
⚠️  Chinese characters found in: output/HBoxSchema.json
6:      "description": "组件唯一 id，主要用于页面设计器中定位 json 节点"
10:      "description": "容器 css 类名"
14:      "description": "配合 definitions 一起使用，可以实现无限循环的渲染器。"
18:      "description": "是否禁用"
22:      "description": "是否禁用表达式"
26:      "description": "是否隐藏"
30:      "description": "是否隐藏表达式"
34:      "description": "是否显示"
38:      "description": "是否显示表达式"
42:      "description": "组件唯一 id，主要用于日志采集"
70:      "description": "事件动作配置"
74:      "description": "是否静态展示"
78:      "description": "是否静态展示表达式"
82:      "description": "静态展示空值占位"
86:      "description": "静态展示表单项类名"
90:      "description": "静态展示表单项Label类名"
94:      "description": "静态展示表单项Value类名"
99:      "description": "组件样式"
106:          "description": "组件行为、用途，如 create、update、remove"
110:          "description": "组件名称，通常是业务名称方便定位"
113:          "description": "编辑器假数据，方便展示"
116:      "description": "编辑器配置，运行时可以忽略"
120:      "description": "可以组件级别用来关闭移动端样式"
128:      "description": "指定为each展示类型"
146:      "description": "配置子表单项默认的展示方式。"
150:      "description": "如果是水平排版，这个属性可以细化水平排版的左右宽度占比。"
162:      "description": "水平间距"
172:      "description": "垂直对齐方式"
182:      "description": "水平对齐方式"
190:  "description": "Hbox 水平布局渲染器。 文档：https://aisuda.bce.baidu.com/amis/zh-CN/components/hbox",
------------------------------------
⚠️  Chinese characters found in: output/HiddenControlSchema.json
6:      "description": "组件唯一 id，主要用于页面设计器中定位 json 节点"
10:      "description": "容器 css 类名"
14:      "description": "配合 definitions 一起使用，可以实现无限循环的渲染器。"
18:      "description": "是否禁用"
22:      "description": "是否禁用表达式"
26:      "description": "是否隐藏"
30:      "description": "是否隐藏表达式"
34:      "description": "是否显示"
38:      "description": "是否显示表达式"
42:      "description": "组件唯一 id，主要用于日志采集"
70:      "description": "事件动作配置"
74:      "description": "是否静态展示"
78:      "description": "是否静态展示表达式"
82:      "description": "静态展示空值占位"
86:      "description": "静态展示表单项类名"
90:      "description": "静态展示表单项Label类名"
94:      "description": "静态展示表单项Value类名"
99:      "description": "组件样式"
106:          "description": "组件行为、用途，如 create、update、remove"
110:          "description": "组件名称，通常是业务名称方便定位"
113:          "description": "编辑器假数据，方便展示"
116:      "description": "编辑器配置，运行时可以忽略"
120:      "description": "可以组件级别用来关闭移动端样式"
134:      "description": "表单项大小"
146:      "description": "描述标题"
150:      "description": "描述标题"
157:      "description": "label自定义宽度，默认单位为px"
161:      "description": "配置 label className"
165:      "description": "字段名，表单提交时的 key，支持多层级，用.连接，如： a.b.c"
169:      "description": "额外的字段名，当为范围组件时可以用来将另外一个值打平出来"
173:      "description": "显示一个小图标, 鼠标放上去的时候显示提示内容"
177:      "description": "显示一个小图标, 鼠标放上去的时候显示提示内容, 这个小图标跟 label 在一起"
181:      "description": "输入提示，聚焦的时候显示"
185:      "description": "当修改完的时候是否提交表单。"
189:      "description": "是否只读"
193:      "description": "只读条件"
197:      "description": "不设置时，当表单提交过后表单项每次修改都会触发重新验证， 如果设置了，则由此配置项来决定要不要每次修改都触发验证。"
201:      "description": "描述内容，支持 Html 片段。"
208:      "description": "配置描述上的 className"
217:      "description": "配置当前表单项展示模式"
221:      "description": "当配置为水平布局的时候，用来配置具体的左右分配。"
225:      "description": "表单 control 是否为 inline 模式。"
229:      "description": "配置 input className"
233:      "description": "占位符"
237:      "description": "是否为必填"
336:      "description": "验证失败的提示信息"
348:              "description": "是否是字母"
352:              "description": "是否为字母数字"
356:              "description": "是否为邮箱地址"
360:              "description": "是否为浮点型"
364:              "description": "是否为整型"
368:              "description": "是否为 json"
372:              "description": "长度等于指定值"
376:              "description": "是否为数字"
380:              "description": "是否为必填"
384:              "description": "是否为 URL 地址"
388:              "description": "内容命中指定正则"
392:              "description": "内容命中指定正则"
396:              "description": "内容命中指定正则"
400:              "description": "内容命中指定正则"
404:              "description": "内容命中指定正则"
408:              "description": "内容命中指定正则"
412:              "description": "最大长度为指定值"
416:              "description": "最大值为指定值"
420:              "description": "最小长度为指定值"
424:              "description": "最小值为指定值"
438:              "description": "和目标日期相同，支持指定粒度，默认到毫秒"
452:              "description": "早于目标日期，支持指定粒度，默认到毫秒"
466:              "description": "晚于目标日期，支持指定粒度，默认到毫秒"
480:              "description": "早于目标日期或和目标日期相同，支持指定粒度，默认到毫秒"
494:              "description": "晚于目标日期或和目标日期相同，支持指定粒度，默认到毫秒"
508:              "description": "日期处于目标日期范围，支持指定粒度和区间的开闭形式，默认到毫秒, 左右开区间"
522:              "description": "和目标时间相同，支持指定粒度，默认到毫秒"
536:              "description": "早于目标时间，支持指定粒度，默认到毫秒"
550:              "description": "晚于目标时间，支持指定粒度，默认到毫秒"
564:              "description": "早于目标时间或和目标时间相同，支持指定粒度，默认到毫秒"
578:              "description": "晚于目标时间或和目标时间相同，支持指定粒度，默认到毫秒"
592:              "description": "时间处于目标时间范围，支持指定粒度和区间的开闭形式，默认到毫秒, 左右开区间"
599:      "description": "默认值，切记只能是静态值，不支持取变量，跟数据关联是通过设置 name 属性来实现的。"
603:      "description": "表单项隐藏时，是否在当前 Form 中删除掉该表单项值。注意同名的未隐藏的表单项值也会删掉"
614:      "description": "远端校验表单项接口"
629:              "description": "是否为参照录入模式，参照录入会展示候选值供用户选择，而不是直接填充。"
632:              "description": "参照录入时，默认选中的值"
643:              "description": "自动填充 api"
647:              "description": "是否展示数据格式错误提示，默认为不展示",
652:              "description": "填充时的数据映射"
661:              "description": "触发条件，默认为 change"
670:              "description": "弹窗方式，当为参照录入时用可以配置"
674:              "description": "当参照录入为抽屉时可以配置弹出位置"
678:              "description": "当为参照录入时可以配置弹出容器的大小"
683:              "description": "参照录入展示的项"
686:              "description": "参照录入时的过滤条件"
692:      "description": "自动填充，当选项被选择的时候，将选项中的其他值同步设置到表单内。"
711:      "description": "表单项类型"
718:  "description": "Hidden 隐藏域。功能性组件 文档：https://aisuda.bce.baidu.com/amis/zh-CN/components/form/hidden",
------------------------------------
⚠️  Chinese characters found in: output/IFrameSchema.json
6:      "description": "组件唯一 id，主要用于页面设计器中定位 json 节点"
10:      "description": "容器 css 类名"
14:      "description": "配合 definitions 一起使用，可以实现无限循环的渲染器。"
18:      "description": "是否禁用"
22:      "description": "是否禁用表达式"
26:      "description": "是否隐藏"
30:      "description": "是否隐藏表达式"
34:      "description": "是否显示"
38:      "description": "是否显示表达式"
42:      "description": "组件唯一 id，主要用于日志采集"
70:      "description": "事件动作配置"
74:      "description": "是否静态展示"
78:      "description": "是否静态展示表达式"
82:      "description": "静态展示空值占位"
86:      "description": "静态展示表单项类名"
90:      "description": "静态展示表单项Label类名"
94:      "description": "静态展示表单项Value类名"
99:      "description": "组件样式"
106:          "description": "组件行为、用途，如 create、update、remove"
110:          "description": "组件名称，通常是业务名称方便定位"
113:          "description": "编辑器假数据，方便展示"
116:      "description": "编辑器配置，运行时可以忽略"
120:      "description": "可以组件级别用来关闭移动端样式"
134:      "description": "页面地址"
141:      "description": "事件相应，配置后当 iframe 通过 postMessage 发送事件时，可以触发 AMIS 内部的动作。"
183:  "description": "IFrame 渲染器 文档：https://aisuda.bce.baidu.com/amis/zh-CN/components/iframe",
------------------------------------
⚠️  Chinese characters found in: output/IconPickerControlSchema.json
6:      "description": "组件唯一 id，主要用于页面设计器中定位 json 节点"
10:      "description": "容器 css 类名"
14:      "description": "配合 definitions 一起使用，可以实现无限循环的渲染器。"
18:      "description": "是否禁用"
22:      "description": "是否禁用表达式"
26:      "description": "是否隐藏"
30:      "description": "是否隐藏表达式"
34:      "description": "是否显示"
38:      "description": "是否显示表达式"
42:      "description": "组件唯一 id，主要用于日志采集"
70:      "description": "事件动作配置"
74:      "description": "是否静态展示"
78:      "description": "是否静态展示表达式"
82:      "description": "静态展示空值占位"
86:      "description": "静态展示表单项类名"
90:      "description": "静态展示表单项Label类名"
94:      "description": "静态展示表单项Value类名"
99:      "description": "组件样式"
106:          "description": "组件行为、用途，如 create、update、remove"
110:          "description": "组件名称，通常是业务名称方便定位"
113:          "description": "编辑器假数据，方便展示"
116:      "description": "编辑器配置，运行时可以忽略"
120:      "description": "可以组件级别用来关闭移动端样式"
134:      "description": "表单项大小"
146:      "description": "描述标题"
150:      "description": "描述标题"
157:      "description": "label自定义宽度，默认单位为px"
161:      "description": "配置 label className"
165:      "description": "字段名，表单提交时的 key，支持多层级，用.连接，如： a.b.c"
169:      "description": "额外的字段名，当为范围组件时可以用来将另外一个值打平出来"
173:      "description": "显示一个小图标, 鼠标放上去的时候显示提示内容"
177:      "description": "显示一个小图标, 鼠标放上去的时候显示提示内容, 这个小图标跟 label 在一起"
181:      "description": "输入提示，聚焦的时候显示"
185:      "description": "当修改完的时候是否提交表单。"
189:      "description": "是否只读"
193:      "description": "只读条件"
197:      "description": "不设置时，当表单提交过后表单项每次修改都会触发重新验证， 如果设置了，则由此配置项来决定要不要每次修改都触发验证。"
201:      "description": "描述内容，支持 Html 片段。"
208:      "description": "配置描述上的 className"
217:      "description": "配置当前表单项展示模式"
221:      "description": "当配置为水平布局的时候，用来配置具体的左右分配。"
225:      "description": "表单 control 是否为 inline 模式。"
229:      "description": "配置 input className"
233:      "description": "占位符"
237:      "description": "是否为必填"
336:      "description": "验证失败的提示信息"
348:              "description": "是否是字母"
352:              "description": "是否为字母数字"
356:              "description": "是否为邮箱地址"
360:              "description": "是否为浮点型"
364:              "description": "是否为整型"
368:              "description": "是否为 json"
372:              "description": "长度等于指定值"
376:              "description": "是否为数字"
380:              "description": "是否为必填"
384:              "description": "是否为 URL 地址"
388:              "description": "内容命中指定正则"
392:              "description": "内容命中指定正则"
396:              "description": "内容命中指定正则"
400:              "description": "内容命中指定正则"
404:              "description": "内容命中指定正则"
408:              "description": "内容命中指定正则"
412:              "description": "最大长度为指定值"
416:              "description": "最大值为指定值"
420:              "description": "最小长度为指定值"
424:              "description": "最小值为指定值"
438:              "description": "和目标日期相同，支持指定粒度，默认到毫秒"
452:              "description": "早于目标日期，支持指定粒度，默认到毫秒"
466:              "description": "晚于目标日期，支持指定粒度，默认到毫秒"
480:              "description": "早于目标日期或和目标日期相同，支持指定粒度，默认到毫秒"
494:              "description": "晚于目标日期或和目标日期相同，支持指定粒度，默认到毫秒"
508:              "description": "日期处于目标日期范围，支持指定粒度和区间的开闭形式，默认到毫秒, 左右开区间"
522:              "description": "和目标时间相同，支持指定粒度，默认到毫秒"
536:              "description": "早于目标时间，支持指定粒度，默认到毫秒"
550:              "description": "晚于目标时间，支持指定粒度，默认到毫秒"
564:              "description": "早于目标时间或和目标时间相同，支持指定粒度，默认到毫秒"
578:              "description": "晚于目标时间或和目标时间相同，支持指定粒度，默认到毫秒"
592:              "description": "时间处于目标时间范围，支持指定粒度和区间的开闭形式，默认到毫秒, 左右开区间"
599:      "description": "默认值，切记只能是静态值，不支持取变量，跟数据关联是通过设置 name 属性来实现的。"
603:      "description": "表单项隐藏时，是否在当前 Form 中删除掉该表单项值。注意同名的未隐藏的表单项值也会删掉"
614:      "description": "远端校验表单项接口"
629:              "description": "是否为参照录入模式，参照录入会展示候选值供用户选择，而不是直接填充。"
632:              "description": "参照录入时，默认选中的值"
643:              "description": "自动填充 api"
647:              "description": "是否展示数据格式错误提示，默认为不展示",
652:              "description": "填充时的数据映射"
661:              "description": "触发条件，默认为 change"
670:              "description": "弹窗方式，当为参照录入时用可以配置"
674:              "description": "当参照录入为抽屉时可以配置弹出位置"
678:              "description": "当为参照录入时可以配置弹出容器的大小"
683:              "description": "参照录入展示的项"
686:              "description": "参照录入时的过滤条件"
692:      "description": "自动填充，当选项被选择的时候，将选项中的其他值同步设置到表单内。"
711:      "description": "表单项类型"
718:  "description": "图标选择器 文档：https://aisuda.bce.baidu.com/amis/zh-CN/components/form/icon-picker",
------------------------------------
⚠️  Chinese characters found in: output/IconSchema.json
6:      "description": "组件唯一 id，主要用于页面设计器中定位 json 节点"
10:      "description": "容器 css 类名"
14:      "description": "配合 definitions 一起使用，可以实现无限循环的渲染器。"
18:      "description": "是否禁用"
22:      "description": "是否禁用表达式"
26:      "description": "是否隐藏"
30:      "description": "是否隐藏表达式"
34:      "description": "是否显示"
38:      "description": "是否显示表达式"
42:      "description": "组件唯一 id，主要用于日志采集"
70:      "description": "事件动作配置"
74:      "description": "是否静态展示"
78:      "description": "是否静态展示表达式"
82:      "description": "静态展示空值占位"
86:      "description": "静态展示表单项类名"
90:      "description": "静态展示表单项Label类名"
94:      "description": "静态展示表单项Value类名"
99:      "description": "组件样式"
106:          "description": "组件行为、用途，如 create、update、remove"
110:          "description": "组件名称，通常是业务名称方便定位"
113:          "description": "编辑器假数据，方便展示"
116:      "description": "编辑器配置，运行时可以忽略"
120:      "description": "可以组件级别用来关闭移动端样式"
141:      "description": "按钮类型"
153:      "description": "角标"
161:  "description": "Icon 图标渲染器 文档：https://aisuda.bce.baidu.com/amis/zh-CN/components/icon",
------------------------------------
⚠️  Chinese characters found in: output/ImageControlSchema.json
6:      "description": "组件唯一 id，主要用于页面设计器中定位 json 节点"
10:      "description": "容器 css 类名"
14:      "description": "配合 definitions 一起使用，可以实现无限循环的渲染器。"
18:      "description": "是否禁用"
22:      "description": "是否禁用表达式"
26:      "description": "是否隐藏"
30:      "description": "是否隐藏表达式"
34:      "description": "是否显示"
38:      "description": "是否显示表达式"
42:      "description": "组件唯一 id，主要用于日志采集"
70:      "description": "事件动作配置"
74:      "description": "是否静态展示"
78:      "description": "是否静态展示表达式"
82:      "description": "静态展示空值占位"
86:      "description": "静态展示表单项类名"
90:      "description": "静态展示表单项Label类名"
94:      "description": "静态展示表单项Value类名"
99:      "description": "组件样式"
106:          "description": "组件行为、用途，如 create、update、remove"
110:          "description": "组件名称，通常是业务名称方便定位"
113:          "description": "编辑器假数据，方便展示"
116:      "description": "编辑器配置，运行时可以忽略"
120:      "description": "可以组件级别用来关闭移动端样式"
134:      "description": "表单项大小"
146:      "description": "描述标题"
150:      "description": "描述标题"
157:      "description": "label自定义宽度，默认单位为px"
161:      "description": "配置 label className"
165:      "description": "字段名，表单提交时的 key，支持多层级，用.连接，如： a.b.c"
169:      "description": "额外的字段名，当为范围组件时可以用来将另外一个值打平出来"
173:      "description": "显示一个小图标, 鼠标放上去的时候显示提示内容"
177:      "description": "显示一个小图标, 鼠标放上去的时候显示提示内容, 这个小图标跟 label 在一起"
181:      "description": "输入提示，聚焦的时候显示"
185:      "description": "当修改完的时候是否提交表单。"
189:      "description": "是否只读"
193:      "description": "只读条件"
197:      "description": "不设置时，当表单提交过后表单项每次修改都会触发重新验证， 如果设置了，则由此配置项来决定要不要每次修改都触发验证。"
201:      "description": "描述内容，支持 Html 片段。"
208:      "description": "配置描述上的 className"
217:      "description": "配置当前表单项展示模式"
221:      "description": "当配置为水平布局的时候，用来配置具体的左右分配。"
225:      "description": "表单 control 是否为 inline 模式。"
229:      "description": "配置 input className"
233:      "description": "占位符"
237:      "description": "是否为必填"
336:      "description": "验证失败的提示信息"
348:              "description": "是否是字母"
352:              "description": "是否为字母数字"
356:              "description": "是否为邮箱地址"
360:              "description": "是否为浮点型"
364:              "description": "是否为整型"
368:              "description": "是否为 json"
372:              "description": "长度等于指定值"
376:              "description": "是否为数字"
380:              "description": "是否为必填"
384:              "description": "是否为 URL 地址"
388:              "description": "内容命中指定正则"
392:              "description": "内容命中指定正则"
396:              "description": "内容命中指定正则"
400:              "description": "内容命中指定正则"
404:              "description": "内容命中指定正则"
408:              "description": "内容命中指定正则"
412:              "description": "最大长度为指定值"
416:              "description": "最大值为指定值"
420:              "description": "最小长度为指定值"
424:              "description": "最小值为指定值"
438:              "description": "和目标日期相同，支持指定粒度，默认到毫秒"
452:              "description": "早于目标日期，支持指定粒度，默认到毫秒"
466:              "description": "晚于目标日期，支持指定粒度，默认到毫秒"
480:              "description": "早于目标日期或和目标日期相同，支持指定粒度，默认到毫秒"
494:              "description": "晚于目标日期或和目标日期相同，支持指定粒度，默认到毫秒"
508:              "description": "日期处于目标日期范围，支持指定粒度和区间的开闭形式，默认到毫秒, 左右开区间"
522:              "description": "和目标时间相同，支持指定粒度，默认到毫秒"
536:              "description": "早于目标时间，支持指定粒度，默认到毫秒"
550:              "description": "晚于目标时间，支持指定粒度，默认到毫秒"
564:              "description": "早于目标时间或和目标时间相同，支持指定粒度，默认到毫秒"
578:              "description": "晚于目标时间或和目标时间相同，支持指定粒度，默认到毫秒"
592:              "description": "时间处于目标时间范围，支持指定粒度和区间的开闭形式，默认到毫秒, 左右开区间"
599:      "description": "默认值，切记只能是静态值，不支持取变量，跟数据关联是通过设置 name 属性来实现的。"
603:      "description": "表单项隐藏时，是否在当前 Form 中删除掉该表单项值。注意同名的未隐藏的表单项值也会删掉"
614:      "description": "远端校验表单项接口"
621:      "description": "上传后把其他字段同步到表单内部。"
625:      "description": "初始化时是否把其他字段同步到表单内部。"
633:      "description": "指定为图片上传控件"
637:      "description": "默认展示图片的链接"
641:      "description": "默认展示图片的类名"
645:      "description": "配置接收的图片类型\n\n建议直接填写文件后缀 如：.txt,.csv\n\n多个类型用逗号隔开。"
649:      "description": "默认都是通过用户选择图片后上传返回图片地址，如果开启此选项，则可以允许用户图片地址。"
653:      "description": "是否自动开始上传"
664:      "description": "上传按钮文案"
668:      "description": "选择图片按钮的 CSS 类名"
672:      "description": "上传按钮的 CSS 类名"
699:              "description": "默认 `1` 即 `1:1`\n\n留空将不限制"
723:      "description": "裁剪后的图片类型"
727:      "description": "裁剪后的质量"
731:      "description": "是否允许二次裁剪。"
735:      "description": "是否隐藏上传按钮"
742:          "description": "比率不对时的提示文字"
746:          "description": "限制比率"
750:          "description": "限制图片高度"
754:          "description": "限制图片宽度"
758:          "description": "限制图片最大高度"
762:          "description": "限制图片最大宽度"
766:          "description": "限制图片最小高度"
770:          "description": "限制图片最小宽度"
774:      "description": "限制图片大小，超出不让上传。"
778:      "description": "最多的个数"
782:      "description": "默认没有限制，当设置后，文件大小大于此值将不允许上传。"
786:      "description": "默认 `/api/upload` 如果想自己存储，请设置此选项。"
790:      "description": "默认为 false, 开启后，允许用户输入压缩选项。"
794:      "description": "是否为多选"
798:      "description": "可配置移动端的拍照功能，比如配置 `camera` 移动端只能拍照，等"
802:      "description": "单选模式：当用户选中某个选项时，选项中的 value 将被作为该表单项的值提交，否则，整个选项对象都会作为该表单项的值提交。 多选模式：选中的多个选项的 `value` 会通过 `delimiter` 连接起来，否则直接将以数组的形式提交值。"
806:      "description": "分割符"
810:      "description": "开启后将选中的选项 value 的值封装为数组，作为当前表单项的值。"
813:      "description": "清除时设置的值"
823:      "description": "缩路图展示模式"
832:      "description": "缩路图展示比率。"
836:      "description": "初始化时是否打开裁剪模式"
840:      "description": "图片上传完毕是否进入裁剪模式"
844:      "description": "默认占位图图片地址"
848:      "description": "是否开启固定尺寸"
852:      "description": "固定尺寸的 CSS类名"
856:      "description": "是否可拖拽排序"
860:      "description": "可拖拽排序的提示信息。"
867:  "description": "Image 图片上传控件 文档：https://aisuda.bce.baidu.com/amis/zh-CN/components/form/image",
------------------------------------
⚠️  Chinese characters found in: output/ImageSchema.json
6:      "description": "组件唯一 id，主要用于页面设计器中定位 json 节点"
10:      "description": "外层 css 类名"
14:      "description": "配合 definitions 一起使用，可以实现无限循环的渲染器。"
18:      "description": "是否禁用"
22:      "description": "是否禁用表达式"
26:      "description": "是否隐藏"
30:      "description": "是否隐藏表达式"
34:      "description": "是否显示"
38:      "description": "是否显示表达式"
42:      "description": "组件唯一 id，主要用于日志采集"
70:      "description": "事件动作配置"
74:      "description": "是否静态展示"
78:      "description": "是否静态展示表达式"
82:      "description": "静态展示空值占位"
86:      "description": "静态展示表单项类名"
90:      "description": "静态展示表单项Label类名"
94:      "description": "静态展示表单项Value类名"
99:      "description": "组件样式"
106:          "description": "组件行为、用途，如 create、update、remove"
110:          "description": "组件名称，通常是业务名称方便定位"
113:          "description": "编辑器假数据，方便展示"
116:      "description": "编辑器配置，运行时可以忽略"
120:      "description": "可以组件级别用来关闭移动端样式"
131:      "description": "指定为图片展示类型"
138:      "description": "默认图片地址"
142:      "description": "图片标题"
146:      "description": "关联字段名，也可以直接配置 src"
150:      "description": "图片描述信息"
154:      "description": "图片地址，如果配置了 name，这个属性不用配置。"
158:      "description": "大图地址，不设置用 src"
162:      "description": "是否启动放大功能。"
166:      "description": "放大时是否显示图片集"
170:      "description": "图片无法显示时的替换文本"
174:      "description": "高度"
178:      "description": "宽度"
182:      "description": "组件内层 css 类名"
186:      "description": "图片 css 类名"
190:      "description": "图片缩略图外层 css 类名"
194:      "description": "放大详情图 CSS 类名"
198:      "description": "图片说明文字"
206:      "description": "图片展示模式，默认为缩略图模式、可以配置成原图模式"
216:      "description": "预览图模式"
225:      "description": "预览图比率"
229:      "description": "链接地址"
233:      "description": "是否新窗口打开"
237:      "description": "链接的 target"
241:      "description": "是否展示图片工具栏"
248:      "description": "工具栏配置"
255:  "description": "图片展示控件。 文档：https://aisuda.bce.baidu.com/amis/zh-CN/components/image",
------------------------------------
⚠️  Chinese characters found in: output/ImagesSchema.json
6:      "description": "组件唯一 id，主要用于页面设计器中定位 json 节点"
10:      "description": "外层 CSS 类名"
14:      "description": "配合 definitions 一起使用，可以实现无限循环的渲染器。"
18:      "description": "是否禁用"
22:      "description": "是否禁用表达式"
26:      "description": "是否隐藏"
30:      "description": "是否隐藏表达式"
34:      "description": "是否显示"
38:      "description": "是否显示表达式"
42:      "description": "组件唯一 id，主要用于日志采集"
70:      "description": "事件动作配置"
74:      "description": "是否静态展示"
78:      "description": "是否静态展示表达式"
82:      "description": "静态展示空值占位"
86:      "description": "静态展示表单项类名"
90:      "description": "静态展示表单项Label类名"
94:      "description": "静态展示表单项Value类名"
99:      "description": "组件样式"
106:          "description": "组件行为、用途，如 create、update、remove"
110:          "description": "组件名称，通常是业务名称方便定位"
113:          "description": "编辑器假数据，方便展示"
116:      "description": "编辑器配置，运行时可以忽略"
120:      "description": "可以组件级别用来关闭移动端样式"
131:      "description": "指定为图片集渲染器"
138:      "description": "默认图片地址"
142:      "description": "列表为空时显示"
146:      "description": "配置值的连接符"
156:      "description": "预览图模式"
165:      "description": "预览图比率"
169:      "description": "关联字段名，也可以直接配置 src"
181:      "description": "图片地址，默认读取数据中的 image 属性，如果不是请配置 ,如  ${imageUrl}"
185:      "description": "大图地址，不设置用 src 属性，如果不是请配置，如：${imageOriginUrl}"
189:      "description": "是否启动放大功能。"
193:      "description": "放大时是否显示图片集"
197:      "description": "是否显示尺寸。"
201:      "description": "列表 CSS 类名"
205:      "description": "放大详情图 CSS 类名"
209:      "description": "是否展示图片工具栏"
216:      "description": "工具栏配置"
223:  "description": "图片集展示控件。 文档：https://aisuda.bce.baidu.com/amis/zh-CN/components/images",
------------------------------------
⚠️  Chinese characters found in: output/InputCityControlSchema.json
18:      "description": "组件唯一 id，主要用于页面设计器中定位 json 节点"
22:      "description": "容器 css 类名"
26:      "description": "配合 definitions 一起使用，可以实现无限循环的渲染器。"
30:      "description": "是否禁用"
34:      "description": "是否禁用表达式"
38:      "description": "是否隐藏"
42:      "description": "是否隐藏表达式"
46:      "description": "是否显示"
50:      "description": "是否显示表达式"
54:      "description": "组件唯一 id，主要用于日志采集"
82:      "description": "事件动作配置"
86:      "description": "是否静态展示"
90:      "description": "是否静态展示表达式"
94:      "description": "静态展示空值占位"
98:      "description": "静态展示表单项类名"
102:      "description": "静态展示表单项Label类名"
106:      "description": "静态展示表单项Value类名"
111:      "description": "组件样式"
118:          "description": "组件行为、用途，如 create、update、remove"
122:          "description": "组件名称，通常是业务名称方便定位"
125:          "description": "编辑器假数据，方便展示"
128:      "description": "编辑器配置，运行时可以忽略"
132:      "description": "可以组件级别用来关闭移动端样式"
146:      "description": "表单项大小"
158:      "description": "描述标题"
162:      "description": "描述标题"
169:      "description": "label自定义宽度，默认单位为px"
173:      "description": "配置 label className"
177:      "description": "字段名，表单提交时的 key，支持多层级，用.连接，如： a.b.c"
181:      "description": "额外的字段名，当为范围组件时可以用来将另外一个值打平出来"
185:      "description": "显示一个小图标, 鼠标放上去的时候显示提示内容"
189:      "description": "显示一个小图标, 鼠标放上去的时候显示提示内容, 这个小图标跟 label 在一起"
193:      "description": "输入提示，聚焦的时候显示"
197:      "description": "当修改完的时候是否提交表单。"
201:      "description": "是否只读"
205:      "description": "只读条件"
209:      "description": "不设置时，当表单提交过后表单项每次修改都会触发重新验证， 如果设置了，则由此配置项来决定要不要每次修改都触发验证。"
213:      "description": "描述内容，支持 Html 片段。"
220:      "description": "配置描述上的 className"
229:      "description": "配置当前表单项展示模式"
233:      "description": "当配置为水平布局的时候，用来配置具体的左右分配。"
237:      "description": "表单 control 是否为 inline 模式。"
241:      "description": "配置 input className"
245:      "description": "占位符"
249:      "description": "是否为必填"
348:      "description": "验证失败的提示信息"
360:              "description": "是否是字母"
364:              "description": "是否为字母数字"
368:              "description": "是否为邮箱地址"
372:              "description": "是否为浮点型"
376:              "description": "是否为整型"
380:              "description": "是否为 json"
384:              "description": "长度等于指定值"
388:              "description": "是否为数字"
392:              "description": "是否为必填"
396:              "description": "是否为 URL 地址"
400:              "description": "内容命中指定正则"
404:              "description": "内容命中指定正则"
408:              "description": "内容命中指定正则"
412:              "description": "内容命中指定正则"
416:              "description": "内容命中指定正则"
420:              "description": "内容命中指定正则"
424:              "description": "最大长度为指定值"
428:              "description": "最大值为指定值"
432:              "description": "最小长度为指定值"
436:              "description": "最小值为指定值"
450:              "description": "和目标日期相同，支持指定粒度，默认到毫秒"
464:              "description": "早于目标日期，支持指定粒度，默认到毫秒"
478:              "description": "晚于目标日期，支持指定粒度，默认到毫秒"
492:              "description": "早于目标日期或和目标日期相同，支持指定粒度，默认到毫秒"
506:              "description": "晚于目标日期或和目标日期相同，支持指定粒度，默认到毫秒"
520:              "description": "日期处于目标日期范围，支持指定粒度和区间的开闭形式，默认到毫秒, 左右开区间"
534:              "description": "和目标时间相同，支持指定粒度，默认到毫秒"
548:              "description": "早于目标时间，支持指定粒度，默认到毫秒"
562:              "description": "晚于目标时间，支持指定粒度，默认到毫秒"
576:              "description": "早于目标时间或和目标时间相同，支持指定粒度，默认到毫秒"
590:              "description": "晚于目标时间或和目标时间相同，支持指定粒度，默认到毫秒"
604:              "description": "时间处于目标时间范围，支持指定粒度和区间的开闭形式，默认到毫秒, 左右开区间"
611:      "description": "默认值，切记只能是静态值，不支持取变量，跟数据关联是通过设置 name 属性来实现的。"
615:      "description": "表单项隐藏时，是否在当前 Form 中删除掉该表单项值。注意同名的未隐藏的表单项值也会删掉"
626:      "description": "远端校验表单项接口"
641:              "description": "是否为参照录入模式，参照录入会展示候选值供用户选择，而不是直接填充。"
644:              "description": "参照录入时，默认选中的值"
655:              "description": "自动填充 api"
659:              "description": "是否展示数据格式错误提示，默认为不展示",
664:              "description": "填充时的数据映射"
673:              "description": "触发条件，默认为 change"
682:              "description": "弹窗方式，当为参照录入时用可以配置"
686:              "description": "当参照录入为抽屉时可以配置弹出位置"
690:              "description": "当为参照录入时可以配置弹出容器的大小"
695:              "description": "参照录入展示的项"
698:              "description": "参照录入时的过滤条件"
704:      "description": "自动填充，当选项被选择的时候，将选项中的其他值同步设置到表单内。"
723:      "description": "指定为城市选择框。"
727:      "description": "开启后只会存城市的 code 信息"
731:      "description": "是否将各个信息拼接成字符串。"
735:      "description": "拼接的符号是啥？"
739:      "description": "允许选择城市？"
743:      "description": "允许选择地区？"
747:      "description": "允许选择街道？"
751:      "description": "是否显示搜索框"
755:      "description": "下拉框className"
762:  "description": "City 城市选择框。 文档：https://aisuda.bce.baidu.com/amis/zh-CN/components/form/city",
------------------------------------
⚠️  Chinese characters found in: output/InputColorControlSchema.json
6:      "description": "组件唯一 id，主要用于页面设计器中定位 json 节点"
10:      "description": "容器 css 类名"
14:      "description": "配合 definitions 一起使用，可以实现无限循环的渲染器。"
18:      "description": "是否禁用"
22:      "description": "是否禁用表达式"
26:      "description": "是否隐藏"
30:      "description": "是否隐藏表达式"
34:      "description": "是否显示"
38:      "description": "是否显示表达式"
42:      "description": "组件唯一 id，主要用于日志采集"
70:      "description": "事件动作配置"
74:      "description": "是否静态展示"
78:      "description": "是否静态展示表达式"
82:      "description": "静态展示空值占位"
86:      "description": "静态展示表单项类名"
90:      "description": "静态展示表单项Label类名"
94:      "description": "静态展示表单项Value类名"
99:      "description": "组件样式"
106:          "description": "组件行为、用途，如 create、update、remove"
110:          "description": "组件名称，通常是业务名称方便定位"
113:          "description": "编辑器假数据，方便展示"
116:      "description": "编辑器配置，运行时可以忽略"
120:      "description": "可以组件级别用来关闭移动端样式"
134:      "description": "表单项大小"
146:      "description": "描述标题"
150:      "description": "描述标题"
157:      "description": "label自定义宽度，默认单位为px"
161:      "description": "配置 label className"
165:      "description": "字段名，表单提交时的 key，支持多层级，用.连接，如： a.b.c"
169:      "description": "额外的字段名，当为范围组件时可以用来将另外一个值打平出来"
173:      "description": "显示一个小图标, 鼠标放上去的时候显示提示内容"
177:      "description": "显示一个小图标, 鼠标放上去的时候显示提示内容, 这个小图标跟 label 在一起"
181:      "description": "输入提示，聚焦的时候显示"
185:      "description": "当修改完的时候是否提交表单。"
189:      "description": "是否只读"
193:      "description": "只读条件"
197:      "description": "不设置时，当表单提交过后表单项每次修改都会触发重新验证， 如果设置了，则由此配置项来决定要不要每次修改都触发验证。"
201:      "description": "描述内容，支持 Html 片段。"
208:      "description": "配置描述上的 className"
217:      "description": "配置当前表单项展示模式"
221:      "description": "当配置为水平布局的时候，用来配置具体的左右分配。"
225:      "description": "表单 control 是否为 inline 模式。"
229:      "description": "配置 input className"
233:      "description": "占位符"
237:      "description": "是否为必填"
336:      "description": "验证失败的提示信息"
348:              "description": "是否是字母"
352:              "description": "是否为字母数字"
356:              "description": "是否为邮箱地址"
360:              "description": "是否为浮点型"
364:              "description": "是否为整型"
368:              "description": "是否为 json"
372:              "description": "长度等于指定值"
376:              "description": "是否为数字"
380:              "description": "是否为必填"
384:              "description": "是否为 URL 地址"
388:              "description": "内容命中指定正则"
392:              "description": "内容命中指定正则"
396:              "description": "内容命中指定正则"
400:              "description": "内容命中指定正则"
404:              "description": "内容命中指定正则"
408:              "description": "内容命中指定正则"
412:              "description": "最大长度为指定值"
416:              "description": "最大值为指定值"
420:              "description": "最小长度为指定值"
424:              "description": "最小值为指定值"
438:              "description": "和目标日期相同，支持指定粒度，默认到毫秒"
452:              "description": "早于目标日期，支持指定粒度，默认到毫秒"
466:              "description": "晚于目标日期，支持指定粒度，默认到毫秒"
480:              "description": "早于目标日期或和目标日期相同，支持指定粒度，默认到毫秒"
494:              "description": "晚于目标日期或和目标日期相同，支持指定粒度，默认到毫秒"
508:              "description": "日期处于目标日期范围，支持指定粒度和区间的开闭形式，默认到毫秒, 左右开区间"
522:              "description": "和目标时间相同，支持指定粒度，默认到毫秒"
536:              "description": "早于目标时间，支持指定粒度，默认到毫秒"
550:              "description": "晚于目标时间，支持指定粒度，默认到毫秒"
564:              "description": "早于目标时间或和目标时间相同，支持指定粒度，默认到毫秒"
578:              "description": "晚于目标时间或和目标时间相同，支持指定粒度，默认到毫秒"
592:              "description": "时间处于目标时间范围，支持指定粒度和区间的开闭形式，默认到毫秒, 左右开区间"
599:      "description": "默认值，切记只能是静态值，不支持取变量，跟数据关联是通过设置 name 属性来实现的。"
603:      "description": "表单项隐藏时，是否在当前 Form 中删除掉该表单项值。注意同名的未隐藏的表单项值也会删掉"
614:      "description": "远端校验表单项接口"
629:              "description": "是否为参照录入模式，参照录入会展示候选值供用户选择，而不是直接填充。"
632:              "description": "参照录入时，默认选中的值"
643:              "description": "自动填充 api"
647:              "description": "是否展示数据格式错误提示，默认为不展示",
652:              "description": "填充时的数据映射"
661:              "description": "触发条件，默认为 change"
670:              "description": "弹窗方式，当为参照录入时用可以配置"
674:              "description": "当参照录入为抽屉时可以配置弹出位置"
678:              "description": "当为参照录入时可以配置弹出容器的大小"
683:              "description": "参照录入展示的项"
686:              "description": "参照录入时的过滤条件"
692:      "description": "自动填充，当选项被选择的时候，将选项中的其他值同步设置到表单内。"
711:      "description": "指定为颜色选择框"
715:      "description": "是否显示清除按钮"
726:      "description": "颜色格式"
730:      "description": "选中颜色后是否关闭弹出层。"
737:      "description": "预设颜色，用户可以直接从预设中选。"
741:      "description": "是否允许用户输入颜色。"
745:      "description": "弹窗容器选择器"
752:  "description": "Color 颜色选择框 文档：https://aisuda.bce.baidu.com/amis/zh-CN/components/form/color",
------------------------------------
⚠️  Chinese characters found in: output/InputGroupControlSchema.json
6:      "description": "组件唯一 id，主要用于页面设计器中定位 json 节点"
10:      "description": "容器 css 类名"
14:      "description": "配合 definitions 一起使用，可以实现无限循环的渲染器。"
18:      "description": "是否禁用"
22:      "description": "是否禁用表达式"
26:      "description": "是否隐藏"
30:      "description": "是否隐藏表达式"
34:      "description": "是否显示"
38:      "description": "是否显示表达式"
42:      "description": "组件唯一 id，主要用于日志采集"
70:      "description": "事件动作配置"
74:      "description": "是否静态展示"
78:      "description": "是否静态展示表达式"
82:      "description": "静态展示空值占位"
86:      "description": "静态展示表单项类名"
90:      "description": "静态展示表单项Label类名"
94:      "description": "静态展示表单项Value类名"
99:      "description": "组件样式"
106:          "description": "组件行为、用途，如 create、update、remove"
110:          "description": "组件名称，通常是业务名称方便定位"
113:          "description": "编辑器假数据，方便展示"
116:      "description": "编辑器配置，运行时可以忽略"
120:      "description": "可以组件级别用来关闭移动端样式"
134:      "description": "表单项大小"
146:      "description": "描述标题"
150:      "description": "描述标题"
157:      "description": "label自定义宽度，默认单位为px"
161:      "description": "配置 label className"
165:      "description": "字段名，表单提交时的 key，支持多层级，用.连接，如： a.b.c"
169:      "description": "额外的字段名，当为范围组件时可以用来将另外一个值打平出来"
173:      "description": "显示一个小图标, 鼠标放上去的时候显示提示内容"
177:      "description": "显示一个小图标, 鼠标放上去的时候显示提示内容, 这个小图标跟 label 在一起"
181:      "description": "输入提示，聚焦的时候显示"
185:      "description": "当修改完的时候是否提交表单。"
189:      "description": "是否只读"
193:      "description": "只读条件"
197:      "description": "不设置时，当表单提交过后表单项每次修改都会触发重新验证， 如果设置了，则由此配置项来决定要不要每次修改都触发验证。"
201:      "description": "描述内容，支持 Html 片段。"
208:      "description": "配置描述上的 className"
217:      "description": "配置当前表单项展示模式"
221:      "description": "当配置为水平布局的时候，用来配置具体的左右分配。"
225:      "description": "表单 control 是否为 inline 模式。"
229:      "description": "配置 input className"
233:      "description": "占位符"
237:      "description": "是否为必填"
336:      "description": "验证失败的提示信息"
348:              "description": "是否是字母"
352:              "description": "是否为字母数字"
356:              "description": "是否为邮箱地址"
360:              "description": "是否为浮点型"
364:              "description": "是否为整型"
368:              "description": "是否为 json"
372:              "description": "长度等于指定值"
376:              "description": "是否为数字"
380:              "description": "是否为必填"
384:              "description": "是否为 URL 地址"
388:              "description": "内容命中指定正则"
392:              "description": "内容命中指定正则"
396:              "description": "内容命中指定正则"
400:              "description": "内容命中指定正则"
404:              "description": "内容命中指定正则"
408:              "description": "内容命中指定正则"
412:              "description": "最大长度为指定值"
416:              "description": "最大值为指定值"
420:              "description": "最小长度为指定值"
424:              "description": "最小值为指定值"
438:              "description": "和目标日期相同，支持指定粒度，默认到毫秒"
452:              "description": "早于目标日期，支持指定粒度，默认到毫秒"
466:              "description": "晚于目标日期，支持指定粒度，默认到毫秒"
480:              "description": "早于目标日期或和目标日期相同，支持指定粒度，默认到毫秒"
494:              "description": "晚于目标日期或和目标日期相同，支持指定粒度，默认到毫秒"
508:              "description": "日期处于目标日期范围，支持指定粒度和区间的开闭形式，默认到毫秒, 左右开区间"
522:              "description": "和目标时间相同，支持指定粒度，默认到毫秒"
536:              "description": "早于目标时间，支持指定粒度，默认到毫秒"
550:              "description": "晚于目标时间，支持指定粒度，默认到毫秒"
564:              "description": "早于目标时间或和目标时间相同，支持指定粒度，默认到毫秒"
578:              "description": "晚于目标时间或和目标时间相同，支持指定粒度，默认到毫秒"
592:              "description": "时间处于目标时间范围，支持指定粒度和区间的开闭形式，默认到毫秒, 左右开区间"
599:      "description": "默认值，切记只能是静态值，不支持取变量，跟数据关联是通过设置 name 属性来实现的。"
603:      "description": "表单项隐藏时，是否在当前 Form 中删除掉该表单项值。注意同名的未隐藏的表单项值也会删掉"
614:      "description": "远端校验表单项接口"
629:              "description": "是否为参照录入模式，参照录入会展示候选值供用户选择，而不是直接填充。"
632:              "description": "参照录入时，默认选中的值"
643:              "description": "自动填充 api"
647:              "description": "是否展示数据格式错误提示，默认为不展示",
652:              "description": "填充时的数据映射"
661:              "description": "触发条件，默认为 change"
670:              "description": "弹窗方式，当为参照录入时用可以配置"
674:              "description": "当参照录入为抽屉时可以配置弹出位置"
678:              "description": "当为参照录入时可以配置弹出容器的大小"
683:              "description": "参照录入展示的项"
686:              "description": "参照录入时的过滤条件"
692:      "description": "自动填充，当选项被选择的时候，将选项中的其他值同步设置到表单内。"
711:      "description": "表单项类型"
715:      "description": "FormItem 集合"
726:          "description": "错误提示的展示模式, full为整体飘红, highlight为仅错误项飘红, 默认为full"
730:          "description": "单个子元素多条校验信息的分隔符"
734:      "description": "校验提示信息配置"
742:  "description": "InputGroup 文档：https://aisuda.bce.baidu.com/amis/zh-CN/components/form/input-group",
------------------------------------
⚠️  Chinese characters found in: output/InputSignatureSchema.json
6:      "description": "组件唯一 id，主要用于页面设计器中定位 json 节点"
10:      "description": "容器 css 类名"
14:      "description": "配合 definitions 一起使用，可以实现无限循环的渲染器。"
18:      "description": "是否禁用"
22:      "description": "是否禁用表达式"
26:      "description": "是否隐藏"
30:      "description": "是否隐藏表达式"
34:      "description": "是否显示"
38:      "description": "是否显示表达式"
42:      "description": "组件唯一 id，主要用于日志采集"
70:      "description": "事件动作配置"
74:      "description": "是否静态展示"
78:      "description": "是否静态展示表达式"
82:      "description": "静态展示空值占位"
86:      "description": "静态展示表单项类名"
90:      "description": "静态展示表单项Label类名"
94:      "description": "静态展示表单项Value类名"
99:      "description": "组件样式"
106:          "description": "组件行为、用途，如 create、update、remove"
110:          "description": "组件名称，通常是业务名称方便定位"
113:          "description": "编辑器假数据，方便展示"
116:      "description": "编辑器配置，运行时可以忽略"
120:      "description": "可以组件级别用来关闭移动端样式"
134:      "description": "表单项大小"
146:      "description": "描述标题"
150:      "description": "描述标题"
157:      "description": "label自定义宽度，默认单位为px"
161:      "description": "配置 label className"
165:      "description": "字段名，表单提交时的 key，支持多层级，用.连接，如： a.b.c"
169:      "description": "额外的字段名，当为范围组件时可以用来将另外一个值打平出来"
173:      "description": "显示一个小图标, 鼠标放上去的时候显示提示内容"
177:      "description": "显示一个小图标, 鼠标放上去的时候显示提示内容, 这个小图标跟 label 在一起"
181:      "description": "输入提示，聚焦的时候显示"
185:      "description": "当修改完的时候是否提交表单。"
189:      "description": "是否只读"
193:      "description": "只读条件"
197:      "description": "不设置时，当表单提交过后表单项每次修改都会触发重新验证， 如果设置了，则由此配置项来决定要不要每次修改都触发验证。"
201:      "description": "描述内容，支持 Html 片段。"
208:      "description": "配置描述上的 className"
217:      "description": "配置当前表单项展示模式"
221:      "description": "当配置为水平布局的时候，用来配置具体的左右分配。"
225:      "description": "表单 control 是否为 inline 模式。"
229:      "description": "配置 input className"
233:      "description": "占位符"
237:      "description": "是否为必填"
336:      "description": "验证失败的提示信息"
348:              "description": "是否是字母"
352:              "description": "是否为字母数字"
356:              "description": "是否为邮箱地址"
360:              "description": "是否为浮点型"
364:              "description": "是否为整型"
368:              "description": "是否为 json"
372:              "description": "长度等于指定值"
376:              "description": "是否为数字"
380:              "description": "是否为必填"
384:              "description": "是否为 URL 地址"
388:              "description": "内容命中指定正则"
392:              "description": "内容命中指定正则"
396:              "description": "内容命中指定正则"
400:              "description": "内容命中指定正则"
404:              "description": "内容命中指定正则"
408:              "description": "内容命中指定正则"
412:              "description": "最大长度为指定值"
416:              "description": "最大值为指定值"
420:              "description": "最小长度为指定值"
424:              "description": "最小值为指定值"
438:              "description": "和目标日期相同，支持指定粒度，默认到毫秒"
452:              "description": "早于目标日期，支持指定粒度，默认到毫秒"
466:              "description": "晚于目标日期，支持指定粒度，默认到毫秒"
480:              "description": "早于目标日期或和目标日期相同，支持指定粒度，默认到毫秒"
494:              "description": "晚于目标日期或和目标日期相同，支持指定粒度，默认到毫秒"
508:              "description": "日期处于目标日期范围，支持指定粒度和区间的开闭形式，默认到毫秒, 左右开区间"
522:              "description": "和目标时间相同，支持指定粒度，默认到毫秒"
536:              "description": "早于目标时间，支持指定粒度，默认到毫秒"
550:              "description": "晚于目标时间，支持指定粒度，默认到毫秒"
564:              "description": "早于目标时间或和目标时间相同，支持指定粒度，默认到毫秒"
578:              "description": "晚于目标时间或和目标时间相同，支持指定粒度，默认到毫秒"
592:              "description": "时间处于目标时间范围，支持指定粒度和区间的开闭形式，默认到毫秒, 左右开区间"
599:      "description": "默认值，切记只能是静态值，不支持取变量，跟数据关联是通过设置 name 属性来实现的。"
603:      "description": "表单项隐藏时，是否在当前 Form 中删除掉该表单项值。注意同名的未隐藏的表单项值也会删掉"
614:      "description": "远端校验表单项接口"
629:              "description": "是否为参照录入模式，参照录入会展示候选值供用户选择，而不是直接填充。"
632:              "description": "参照录入时，默认选中的值"
643:              "description": "自动填充 api"
647:              "description": "是否展示数据格式错误提示，默认为不展示",
652:              "description": "填充时的数据映射"
661:              "description": "触发条件，默认为 change"
670:              "description": "弹窗方式，当为参照录入时用可以配置"
674:              "description": "当参照录入为抽屉时可以配置弹出位置"
678:              "description": "当为参照录入时可以配置弹出容器的大小"
683:              "description": "参照录入展示的项"
686:              "description": "参照录入时的过滤条件"
692:      "description": "自动填充，当选项被选择的时候，将选项中的其他值同步设置到表单内。"
711:      "description": "表单项类型"
715:      "description": "组件宽度，默认占满父容器"
719:      "description": "组件高度，默认占满父容器"
723:      "description": "组件字段颜色"
727:      "description": "组件背景颜色"
731:      "description": "清空按钮名称"
735:      "description": "清空按钮图标"
739:      "description": "撤销按钮名称"
743:      "description": "清空按钮图标"
747:      "description": "确认按钮名称"
751:      "description": "确认按钮图标"
755:      "description": "是否内嵌"
759:      "description": "弹窗确认按钮名称"
763:      "description": "弹窗确认按钮图标"
767:      "description": "弹窗取消按钮名称"
771:      "description": "弹窗取消按钮图标"
775:      "description": "弹窗按钮图标"
779:      "description": "弹窗按钮文案"
------------------------------------
⚠️  Chinese characters found in: output/JSONSchemaEditorControlSchema.json
7:      "description": "指定为 JSON Schema Editor"
11:      "description": "显示一个小图标, 鼠标放上去的时候显示提示内容"
15:      "description": "显示一个小图标, 鼠标放上去的时候显示提示内容, 这个小图标跟 label 在一起"
26:      "description": "表单项大小"
38:      "description": "描述标题"
42:      "description": "描述标题"
49:      "description": "label自定义宽度，默认单位为px"
53:      "description": "配置 label className"
57:      "description": "字段名，表单提交时的 key，支持多层级，用.连接，如： a.b.c"
61:      "description": "额外的字段名，当为范围组件时可以用来将另外一个值打平出来"
65:      "description": "输入提示，聚焦的时候显示"
69:      "description": "当修改完的时候是否提交表单。"
73:      "description": "是否只读"
77:      "description": "只读条件"
81:      "description": "不设置时，当表单提交过后表单项每次修改都会触发重新验证， 如果设置了，则由此配置项来决定要不要每次修改都触发验证。"
85:      "description": "描述内容，支持 Html 片段。"
92:      "description": "配置描述上的 className"
101:      "description": "配置当前表单项展示模式"
105:      "description": "当配置为水平布局的时候，用来配置具体的左右分配。"
109:      "description": "表单 control 是否为 inline 模式。"
113:      "description": "配置 input className"
117:      "description": "是否为必填"
216:      "description": "验证失败的提示信息"
228:              "description": "是否是字母"
232:              "description": "是否为字母数字"
236:              "description": "是否为邮箱地址"
240:              "description": "是否为浮点型"
244:              "description": "是否为整型"
248:              "description": "是否为 json"
252:              "description": "长度等于指定值"
256:              "description": "是否为数字"
260:              "description": "是否为必填"
264:              "description": "是否为 URL 地址"
268:              "description": "内容命中指定正则"
272:              "description": "内容命中指定正则"
276:              "description": "内容命中指定正则"
280:              "description": "内容命中指定正则"
284:              "description": "内容命中指定正则"
288:              "description": "内容命中指定正则"
292:              "description": "最大长度为指定值"
296:              "description": "最大值为指定值"
300:              "description": "最小长度为指定值"
304:              "description": "最小值为指定值"
318:              "description": "和目标日期相同，支持指定粒度，默认到毫秒"
332:              "description": "早于目标日期，支持指定粒度，默认到毫秒"
346:              "description": "晚于目标日期，支持指定粒度，默认到毫秒"
360:              "description": "早于目标日期或和目标日期相同，支持指定粒度，默认到毫秒"
374:              "description": "晚于目标日期或和目标日期相同，支持指定粒度，默认到毫秒"
388:              "description": "日期处于目标日期范围，支持指定粒度和区间的开闭形式，默认到毫秒, 左右开区间"
402:              "description": "和目标时间相同，支持指定粒度，默认到毫秒"
416:              "description": "早于目标时间，支持指定粒度，默认到毫秒"
430:              "description": "晚于目标时间，支持指定粒度，默认到毫秒"
444:              "description": "早于目标时间或和目标时间相同，支持指定粒度，默认到毫秒"
458:              "description": "晚于目标时间或和目标时间相同，支持指定粒度，默认到毫秒"
472:              "description": "时间处于目标时间范围，支持指定粒度和区间的开闭形式，默认到毫秒, 左右开区间"
479:      "description": "默认值，切记只能是静态值，不支持取变量，跟数据关联是通过设置 name 属性来实现的。"
483:      "description": "表单项隐藏时，是否在当前 Form 中删除掉该表单项值。注意同名的未隐藏的表单项值也会删掉"
494:      "description": "远端校验表单项接口"
509:              "description": "是否为参照录入模式，参照录入会展示候选值供用户选择，而不是直接填充。"
512:              "description": "参照录入时，默认选中的值"
523:              "description": "自动填充 api"
527:              "description": "是否展示数据格式错误提示，默认为不展示",
532:              "description": "填充时的数据映射"
541:              "description": "触发条件，默认为 change"
550:              "description": "弹窗方式，当为参照录入时用可以配置"
554:              "description": "当参照录入为抽屉时可以配置弹出位置"
558:              "description": "当为参照录入时可以配置弹出容器的大小"
563:              "description": "参照录入展示的项"
566:              "description": "参照录入时的过滤条件"
572:      "description": "自动填充，当选项被选择的时候，将选项中的其他值同步设置到表单内。"
590:      "description": "组件唯一 id，主要用于页面设计器中定位 json 节点"
594:      "description": "容器 css 类名"
598:      "description": "配合 definitions 一起使用，可以实现无限循环的渲染器。"
602:      "description": "是否禁用"
606:      "description": "是否禁用表达式"
610:      "description": "是否隐藏"
614:      "description": "是否隐藏表达式"
618:      "description": "是否显示"
622:      "description": "是否显示表达式"
626:      "description": "组件唯一 id，主要用于日志采集"
654:      "description": "事件动作配置"
658:      "description": "是否静态展示"
662:      "description": "是否静态展示表达式"
666:      "description": "静态展示空值占位"
670:      "description": "静态展示表单项类名"
674:      "description": "静态展示表单项Label类名"
678:      "description": "静态展示表单项Value类名"
683:      "description": "组件样式"
690:          "description": "组件行为、用途，如 create、update、remove"
694:          "description": "组件名称，通常是业务名称方便定位"
697:          "description": "编辑器假数据，方便展示"
700:      "description": "编辑器配置，运行时可以忽略"
704:      "description": "可以组件级别用来关闭移动端样式"
735:      "description": "可以理解为类型模板，方便快速定义复杂类型"
739:      "description": "顶层是否允许修改类型"
743:      "description": "顶层类型信息是否隐藏"
750:      "description": "禁用类型，默认禁用了 null 类型"
754:      "description": "开启详情配置"
758:      "description": "自定义详情配置面板如：\n\n{   boolean: [      {type: \"input-text\", name: \"aa\", label: \"AA\" }   ] }\n\n当配置布尔字段详情时，就会出现以上配置"
762:      "description": "各属性输入控件的占位提示文本\n\n{   key: \"key placeholder\",   title: \"title placeholder\",   description: \"description placeholder\",   default: \"default placeholder\" }"
766:      "description": "是否为迷你模式，会隐藏一些不必要的元素"
773:  "description": "JSON Schema Editor 文档：https://aisuda.bce.baidu.com/amis/zh-CN/components/form/json-schema-editor",
------------------------------------
⚠️  Chinese characters found in: output/JsonSchema.json
6:      "description": "组件唯一 id，主要用于页面设计器中定位 json 节点"
10:      "description": "容器 css 类名"
14:      "description": "配合 definitions 一起使用，可以实现无限循环的渲染器。"
18:      "description": "是否禁用"
22:      "description": "是否禁用表达式"
26:      "description": "是否隐藏"
30:      "description": "是否隐藏表达式"
34:      "description": "是否显示"
38:      "description": "是否显示表达式"
42:      "description": "组件唯一 id，主要用于日志采集"
70:      "description": "事件动作配置"
74:      "description": "是否静态展示"
78:      "description": "是否静态展示表达式"
82:      "description": "静态展示空值占位"
86:      "description": "静态展示表单项类名"
90:      "description": "静态展示表单项Label类名"
94:      "description": "静态展示表单项Value类名"
99:      "description": "组件样式"
106:          "description": "组件行为、用途，如 create、update、remove"
110:          "description": "组件名称，通常是业务名称方便定位"
113:          "description": "编辑器假数据，方便展示"
116:      "description": "编辑器配置，运行时可以忽略"
120:      "description": "可以组件级别用来关闭移动端样式"
131:      "description": "指定为Json展示类型"
146:      "description": "要展示的 JSON 数据"
150:      "description": "默认展开的级别"
154:      "description": "支持从数据链取值"
158:      "description": "是否可修改"
162:      "description": "是否显示数据类型"
166:      "description": "是否可复制"
175:      "description": "图标风格"
179:      "description": "是否显示键的引号"
183:      "description": "是否为键排序"
195:      "description": "设置字符串的最大展示长度，超出长度阈值的字符串将被截断，点击value可切换字符串展示方式，默认为false"
202:  "description": "JSON 数据展示控件。 文档：https://aisuda.bce.baidu.com/amis/zh-CN/components/json",
------------------------------------
⚠️  Chinese characters found in: output/LinkActionSchema.json
6:      "description": "组件唯一 id，主要用于页面设计器中定位 json 节点"
10:      "description": "容器 css 类名"
14:      "description": "配合 definitions 一起使用，可以实现无限循环的渲染器。"
18:      "description": "是否禁用"
22:      "description": "是否禁用表达式"
26:      "description": "是否隐藏"
30:      "description": "是否隐藏表达式"
34:      "description": "是否显示"
38:      "description": "是否显示表达式"
42:      "description": "主要用于用户行为跟踪里区分是哪个按钮"
70:      "description": "事件动作配置"
74:      "description": "是否静态展示"
78:      "description": "是否静态展示表达式"
82:      "description": "静态展示空值占位"
86:      "description": "静态展示表单项类名"
90:      "description": "静态展示表单项Label类名"
94:      "description": "静态展示表单项Value类名"
99:      "description": "组件样式"
106:          "description": "组件行为、用途，如 create、update、remove"
110:          "description": "组件名称，通常是业务名称方便定位"
113:          "description": "编辑器假数据，方便展示"
116:      "description": "编辑器配置，运行时可以忽略"
120:      "description": "可以组件级别用来关闭移动端样式"
132:      "description": "指定按钮类型，支持 button、submit或者reset三种类型。"
139:      "description": "是否为块状展示，默认为内联。"
143:      "description": "禁用时的文案提示。"
147:      "description": "按钮图标， iconfont 的类名"
151:      "description": "icon 上的css 类名"
155:      "description": "右侧按钮图标， iconfont 的类名"
159:      "description": "右侧 icon 上的 css 类名"
163:      "description": "loading 上的css 类名"
167:      "description": "按钮文字"
182:      "description": "按钮样式"
195:      "description": "按钮大小"
211:      "description": "提示文字，配置了操作前会要求用户确认。"
218:      "description": "如果按钮在form中，配置此属性会要求用户把指定的字段通过验证后才会触发行为。"
222:      "description": "激活状态时的样式"
226:      "description": "激活状态时的类名"
233:      "description": "如果按钮在弹框中，可以配置这个动作完成后是否关闭弹窗，或者指定关闭目标弹框。"
237:      "description": "当按钮时批量操作按钮时，默认必须有勾选元素才能可点击，如果此属性配置成 false，则没有点选成员也能点击。"
241:      "description": "是否将弹框中数据 merge 到父级作用域。"
245:      "description": "可以指定让谁来触发这个动作。"
249:      "description": "点击后的禁止倒计时（秒）"
253:      "description": "倒计时文字自定义"
257:      "description": "角标"
261:      "description": "键盘快捷键"
265:      "description": "是否显示loading效果"
274:      "description": "自定义事件处理函数"
278:      "description": "子内容"
283:      "description": "指定为打开链接行为，跟 url 不同的时这个行为为单页模式。"
287:      "description": "跳转到哪？支持配置相对路径。"
------------------------------------
⚠️  Chinese characters found in: output/LinkSchema.json
6:      "description": "组件唯一 id，主要用于页面设计器中定位 json 节点"
10:      "description": "容器 css 类名"
14:      "description": "配合 definitions 一起使用，可以实现无限循环的渲染器。"
18:      "description": "是否禁用"
22:      "description": "是否禁用表达式"
26:      "description": "是否隐藏"
30:      "description": "是否隐藏表达式"
34:      "description": "是否显示"
38:      "description": "是否显示表达式"
42:      "description": "组件唯一 id，主要用于日志采集"
70:      "description": "事件动作配置"
74:      "description": "是否静态展示"
78:      "description": "是否静态展示表达式"
82:      "description": "静态展示空值占位"
86:      "description": "静态展示表单项类名"
90:      "description": "静态展示表单项Label类名"
94:      "description": "静态展示表单项Value类名"
99:      "description": "组件样式"
106:          "description": "组件行为、用途，如 create、update、remove"
110:          "description": "组件名称，通常是业务名称方便定位"
113:          "description": "编辑器假数据，方便展示"
116:      "description": "编辑器配置，运行时可以忽略"
120:      "description": "可以组件级别用来关闭移动端样式"
128:      "description": "指定为 link 链接展示控件"
135:      "description": "是否新窗口打开。"
139:      "description": "链接地址"
143:      "description": "链接内容，如果不配置将显示链接地址。"
147:      "description": "角标"
151:      "description": "a标签原生target属性"
155:      "description": "图标"
159:      "description": "右侧图标"
166:  "description": "Link 链接展示控件。 文档：https://aisuda.bce.baidu.com/amis/zh-CN/components/link",
------------------------------------
⚠️  Chinese characters found in: output/ListBodyField.json
15:          "description": "列标题"
19:          "description": "label 类名"
23:          "description": "内层组件的CSS类名"
27:          "description": "绑定字段名"
31:          "description": "配置查看详情功能"
35:          "description": "配置快速编辑功能"
39:          "description": "配置点击复制功能"
------------------------------------
⚠️  Chinese characters found in: output/ListBodyFieldObject.json
6:      "description": "列标题"
10:      "description": "label 类名"
14:      "description": "内层组件的CSS类名"
18:      "description": "绑定字段名"
22:      "description": "配置查看详情功能"
26:      "description": "配置快速编辑功能"
30:      "description": "配置点击复制功能"
34:  "description": "不指定类型默认就是文本",
------------------------------------
⚠️  Chinese characters found in: output/ListControlSchema.json
22:      "description": "选项集合"
33:      "description": "可用来通过 API 拉取 options。"
37:      "description": "默认选择选项第一个值。"
41:      "description": "用表达式来配置 source 接口初始要不要拉取"
45:      "description": "配置 source 接口初始拉不拉取。"
49:      "description": "是否为多选模式"
53:      "description": "单选模式：当用户选中某个选项时，选项中的 value 将被作为该表单项的值提交，否则，整个选项对象都会作为该表单项的值提交。 多选模式：选中的多个选项的 `value` 会通过 `delimiter` 连接起来，否则直接将以数组的形式提交值。"
57:      "description": "分割符"
61:      "description": "多选模式，值太多时是否避免折行"
65:      "description": "开启后将选中的选项 value 的值封装为数组，作为当前表单项的值。"
69:      "description": "是否可清除。"
73:      "description": "点清除按钮时，将表单项设置成当前配置的值。",
78:      "description": "懒加载字段"
89:      "description": "延时加载的 API，当选项中有 defer: true 的选项时，点开会通过此接口扩充。"
100:      "description": "添加时调用的接口"
107:      "description": "新增时的表单项。"
111:      "description": "控制新增弹框设置项"
115:      "description": "是否可以新增"
119:      "description": "新增文字"
123:      "description": "是否可以编辑"
134:      "description": "编辑时调用的 API"
141:      "description": "选项修改的表单项"
145:      "description": "控制编辑弹框设置项"
149:      "description": "是否可删除"
160:      "description": "选项删除 API"
164:      "description": "选项删除提示文字。"
175:      "description": "表单项大小"
187:      "description": "描述标题"
191:      "description": "描述标题"
198:      "description": "label自定义宽度，默认单位为px"
202:      "description": "配置 label className"
206:      "description": "字段名，表单提交时的 key，支持多层级，用.连接，如： a.b.c"
210:      "description": "额外的字段名，当为范围组件时可以用来将另外一个值打平出来"
214:      "description": "输入提示，聚焦的时候显示"
218:      "description": "当修改完的时候是否提交表单。"
222:      "description": "是否只读"
226:      "description": "只读条件"
230:      "description": "不设置时，当表单提交过后表单项每次修改都会触发重新验证， 如果设置了，则由此配置项来决定要不要每次修改都触发验证。"
234:      "description": "描述内容，支持 Html 片段。"
241:      "description": "配置描述上的 className"
250:      "description": "配置当前表单项展示模式"
254:      "description": "当配置为水平布局的时候，用来配置具体的左右分配。"
258:      "description": "表单 control 是否为 inline 模式。"
262:      "description": "配置 input className"
266:      "description": "占位符"
270:      "description": "是否为必填"
369:      "description": "验证失败的提示信息"
381:              "description": "是否是字母"
385:              "description": "是否为字母数字"
389:              "description": "是否为邮箱地址"
393:              "description": "是否为浮点型"
397:              "description": "是否为整型"
401:              "description": "是否为 json"
405:              "description": "长度等于指定值"
409:              "description": "是否为数字"
413:              "description": "是否为必填"
417:              "description": "是否为 URL 地址"
421:              "description": "内容命中指定正则"
425:              "description": "内容命中指定正则"
429:              "description": "内容命中指定正则"
433:              "description": "内容命中指定正则"
437:              "description": "内容命中指定正则"
441:              "description": "内容命中指定正则"
445:              "description": "最大长度为指定值"
449:              "description": "最大值为指定值"
453:              "description": "最小长度为指定值"
457:              "description": "最小值为指定值"
471:              "description": "和目标日期相同，支持指定粒度，默认到毫秒"
485:              "description": "早于目标日期，支持指定粒度，默认到毫秒"
499:              "description": "晚于目标日期，支持指定粒度，默认到毫秒"
513:              "description": "早于目标日期或和目标日期相同，支持指定粒度，默认到毫秒"
527:              "description": "晚于目标日期或和目标日期相同，支持指定粒度，默认到毫秒"
541:              "description": "日期处于目标日期范围，支持指定粒度和区间的开闭形式，默认到毫秒, 左右开区间"
555:              "description": "和目标时间相同，支持指定粒度，默认到毫秒"
569:              "description": "早于目标时间，支持指定粒度，默认到毫秒"
583:              "description": "晚于目标时间，支持指定粒度，默认到毫秒"
597:              "description": "早于目标时间或和目标时间相同，支持指定粒度，默认到毫秒"
611:              "description": "晚于目标时间或和目标时间相同，支持指定粒度，默认到毫秒"
625:              "description": "时间处于目标时间范围，支持指定粒度和区间的开闭形式，默认到毫秒, 左右开区间"
632:      "description": "默认值，切记只能是静态值，不支持取变量，跟数据关联是通过设置 name 属性来实现的。"
636:      "description": "表单项隐藏时，是否在当前 Form 中删除掉该表单项值。注意同名的未隐藏的表单项值也会删掉"
647:      "description": "远端校验表单项接口"
662:              "description": "是否为参照录入模式，参照录入会展示候选值供用户选择，而不是直接填充。"
665:              "description": "参照录入时，默认选中的值"
676:              "description": "自动填充 api"
680:              "description": "是否展示数据格式错误提示，默认为不展示",
685:              "description": "填充时的数据映射"
694:              "description": "触发条件，默认为 change"
703:              "description": "弹窗方式，当为参照录入时用可以配置"
707:              "description": "当参照录入为抽屉时可以配置弹出位置"
711:              "description": "当为参照录入时可以配置弹出容器的大小"
716:              "description": "参照录入展示的项"
719:              "description": "参照录入时的过滤条件"
725:      "description": "自动填充，当选项被选择的时候，将选项中的其他值同步设置到表单内。"
743:      "description": "组件唯一 id，主要用于页面设计器中定位 json 节点"
747:      "description": "容器 css 类名"
751:      "description": "配合 definitions 一起使用，可以实现无限循环的渲染器。"
755:      "description": "是否禁用"
759:      "description": "是否禁用表达式"
763:      "description": "是否隐藏"
767:      "description": "是否隐藏表达式"
771:      "description": "是否显示"
775:      "description": "是否显示表达式"
779:      "description": "组件唯一 id，主要用于日志采集"
807:      "description": "事件动作配置"
811:      "description": "是否静态展示"
815:      "description": "是否静态展示表达式"
819:      "description": "静态展示空值占位"
823:      "description": "静态展示表单项类名"
827:      "description": "静态展示表单项Label类名"
831:      "description": "静态展示表单项Value类名"
836:      "description": "组件样式"
843:          "description": "组件行为、用途，如 create、update、remove"
847:          "description": "组件名称，通常是业务名称方便定位"
850:          "description": "编辑器假数据，方便展示"
853:      "description": "编辑器配置，运行时可以忽略"
857:      "description": "可以组件级别用来关闭移动端样式"
864:      "description": "显示一个小图标, 鼠标放上去的时候显示提示内容"
868:      "description": "显示一个小图标, 鼠标放上去的时候显示提示内容, 这个小图标跟 label 在一起"
873:      "description": "表单项类型"
877:      "description": "开启双击点选并提交。"
881:      "description": "图片div类名"
885:      "description": "可以自定义展示模板。"
889:      "description": "激活态自定义展示模板。"
893:      "description": "支持配置 list div 的 css 类名。 比如：flex justify-between"
900:  "description": "List 复选框 文档：https://aisuda.bce.baidu.com/amis/zh-CN/components/form/list",
------------------------------------
⚠️  Chinese characters found in: output/ListItemSchema.json
9:      "description": "组件唯一 id，主要用于页面设计器中定位 json 节点"
13:      "description": "容器 css 类名"
17:      "description": "配合 definitions 一起使用，可以实现无限循环的渲染器。"
21:      "description": "是否禁用"
25:      "description": "是否禁用表达式"
29:      "description": "是否隐藏"
33:      "description": "是否隐藏表达式"
37:      "description": "是否显示"
41:      "description": "是否显示表达式"
45:      "description": "组件唯一 id，主要用于日志采集"
73:      "description": "事件动作配置"
77:      "description": "是否静态展示"
81:      "description": "是否静态展示表达式"
85:      "description": "静态展示空值占位"
89:      "description": "静态展示表单项类名"
93:      "description": "静态展示表单项Label类名"
97:      "description": "静态展示表单项Value类名"
102:      "description": "组件样式"
109:          "description": "组件行为、用途，如 create、update、remove"
113:          "description": "组件名称，通常是业务名称方便定位"
116:          "description": "编辑器假数据，方便展示"
119:      "description": "编辑器配置，运行时可以忽略"
123:      "description": "可以组件级别用来关闭移动端样式"
140:      "description": "操作位置，默认在右侧，可以设置成左侧。"
144:      "description": "图片地址"
158:      "description": "内容区域"
162:      "description": "描述"
166:      "description": "tooltip 说明"
170:      "description": "标题"
174:      "description": "副标题"
------------------------------------
⚠️  Chinese characters found in: output/ListSchema.json
6:      "description": "组件唯一 id，主要用于页面设计器中定位 json 节点"
10:      "description": "容器 css 类名"
14:      "description": "配合 definitions 一起使用，可以实现无限循环的渲染器。"
18:      "description": "是否禁用"
22:      "description": "是否禁用表达式"
26:      "description": "是否隐藏"
30:      "description": "是否隐藏表达式"
34:      "description": "是否显示"
38:      "description": "是否显示表达式"
42:      "description": "组件唯一 id，主要用于日志采集"
70:      "description": "事件动作配置"
74:      "description": "是否静态展示"
78:      "description": "是否静态展示表达式"
82:      "description": "静态展示空值占位"
86:      "description": "静态展示表单项类名"
90:      "description": "静态展示表单项Label类名"
94:      "description": "静态展示表单项Value类名"
99:      "description": "组件样式"
106:          "description": "组件行为、用途，如 create、update、remove"
110:          "description": "组件名称，通常是业务名称方便定位"
113:          "description": "编辑器假数据，方便展示"
116:      "description": "编辑器配置，运行时可以忽略"
120:      "description": "可以组件级别用来关闭移动端样式"
131:      "description": "指定为 List 列表展示控件。"
138:      "description": "标题"
142:      "description": "底部区域"
146:      "description": "底部区域类名"
150:      "description": "顶部区域"
154:      "description": "顶部区域类名"
158:      "description": "单条数据展示内容配置"
162:      "description": "数据源: 绑定当前环境变量"
166:      "description": "是否显示底部"
170:      "description": "是否显示头部"
174:      "description": "无数据提示"
178:      "description": "是否隐藏勾选框"
182:      "description": "是否固顶"
186:      "description": "是否固底"
190:      "description": "配置某项是否可以点选"
194:      "description": "配置某项是否可拖拽排序，前提是要开启拖拽功能"
198:      "description": "点击列表单行时，是否选择"
202:      "description": "可以用来作为值的字段"
210:      "description": "大小"
214:      "description": "点击列表项的行为"
221:  "description": "List 列表展示控件。 文档：https://aisuda.bce.baidu.com/amis/zh-CN/components/card",
------------------------------------
⚠️  Chinese characters found in: output/LocationControlSchema.json
6:      "description": "组件唯一 id，主要用于页面设计器中定位 json 节点"
10:      "description": "容器 css 类名"
14:      "description": "配合 definitions 一起使用，可以实现无限循环的渲染器。"
18:      "description": "是否禁用"
22:      "description": "是否禁用表达式"
26:      "description": "是否隐藏"
30:      "description": "是否隐藏表达式"
34:      "description": "是否显示"
38:      "description": "是否显示表达式"
42:      "description": "组件唯一 id，主要用于日志采集"
70:      "description": "事件动作配置"
74:      "description": "是否静态展示"
78:      "description": "是否静态展示表达式"
82:      "description": "静态展示空值占位"
86:      "description": "静态展示表单项类名"
90:      "description": "静态展示表单项Label类名"
94:      "description": "静态展示表单项Value类名"
99:      "description": "组件样式"
106:          "description": "组件行为、用途，如 create、update、remove"
110:          "description": "组件名称，通常是业务名称方便定位"
113:          "description": "编辑器假数据，方便展示"
116:      "description": "编辑器配置，运行时可以忽略"
120:      "description": "可以组件级别用来关闭移动端样式"
134:      "description": "表单项大小"
146:      "description": "描述标题"
150:      "description": "描述标题"
157:      "description": "label自定义宽度，默认单位为px"
161:      "description": "配置 label className"
165:      "description": "字段名，表单提交时的 key，支持多层级，用.连接，如： a.b.c"
169:      "description": "额外的字段名，当为范围组件时可以用来将另外一个值打平出来"
173:      "description": "显示一个小图标, 鼠标放上去的时候显示提示内容"
177:      "description": "显示一个小图标, 鼠标放上去的时候显示提示内容, 这个小图标跟 label 在一起"
181:      "description": "输入提示，聚焦的时候显示"
185:      "description": "当修改完的时候是否提交表单。"
189:      "description": "是否只读"
193:      "description": "只读条件"
197:      "description": "不设置时，当表单提交过后表单项每次修改都会触发重新验证， 如果设置了，则由此配置项来决定要不要每次修改都触发验证。"
201:      "description": "描述内容，支持 Html 片段。"
208:      "description": "配置描述上的 className"
217:      "description": "配置当前表单项展示模式"
221:      "description": "当配置为水平布局的时候，用来配置具体的左右分配。"
225:      "description": "表单 control 是否为 inline 模式。"
229:      "description": "配置 input className"
233:      "description": "占位符"
237:      "description": "是否为必填"
336:      "description": "验证失败的提示信息"
348:              "description": "是否是字母"
352:              "description": "是否为字母数字"
356:              "description": "是否为邮箱地址"
360:              "description": "是否为浮点型"
364:              "description": "是否为整型"
368:              "description": "是否为 json"
372:              "description": "长度等于指定值"
376:              "description": "是否为数字"
380:              "description": "是否为必填"
384:              "description": "是否为 URL 地址"
388:              "description": "内容命中指定正则"
392:              "description": "内容命中指定正则"
396:              "description": "内容命中指定正则"
400:              "description": "内容命中指定正则"
404:              "description": "内容命中指定正则"
408:              "description": "内容命中指定正则"
412:              "description": "最大长度为指定值"
416:              "description": "最大值为指定值"
420:              "description": "最小长度为指定值"
424:              "description": "最小值为指定值"
438:              "description": "和目标日期相同，支持指定粒度，默认到毫秒"
452:              "description": "早于目标日期，支持指定粒度，默认到毫秒"
466:              "description": "晚于目标日期，支持指定粒度，默认到毫秒"
480:              "description": "早于目标日期或和目标日期相同，支持指定粒度，默认到毫秒"
494:              "description": "晚于目标日期或和目标日期相同，支持指定粒度，默认到毫秒"
508:              "description": "日期处于目标日期范围，支持指定粒度和区间的开闭形式，默认到毫秒, 左右开区间"
522:              "description": "和目标时间相同，支持指定粒度，默认到毫秒"
536:              "description": "早于目标时间，支持指定粒度，默认到毫秒"
550:              "description": "晚于目标时间，支持指定粒度，默认到毫秒"
564:              "description": "早于目标时间或和目标时间相同，支持指定粒度，默认到毫秒"
578:              "description": "晚于目标时间或和目标时间相同，支持指定粒度，默认到毫秒"
592:              "description": "时间处于目标时间范围，支持指定粒度和区间的开闭形式，默认到毫秒, 左右开区间"
599:      "description": "默认值，切记只能是静态值，不支持取变量，跟数据关联是通过设置 name 属性来实现的。"
603:      "description": "表单项隐藏时，是否在当前 Form 中删除掉该表单项值。注意同名的未隐藏的表单项值也会删掉"
614:      "description": "远端校验表单项接口"
629:              "description": "是否为参照录入模式，参照录入会展示候选值供用户选择，而不是直接填充。"
632:              "description": "参照录入时，默认选中的值"
643:              "description": "自动填充 api"
647:              "description": "是否展示数据格式错误提示，默认为不展示",
652:              "description": "填充时的数据映射"
661:              "description": "触发条件，默认为 change"
670:              "description": "弹窗方式，当为参照录入时用可以配置"
674:              "description": "当参照录入为抽屉时可以配置弹出位置"
678:              "description": "当为参照录入时可以配置弹出容器的大小"
683:              "description": "参照录入展示的项"
686:              "description": "参照录入时的过滤条件"
692:      "description": "自动填充，当选项被选择的时候，将选项中的其他值同步设置到表单内。"
711:      "description": "表单项类型"
720:      "description": "选择地图类型"
724:      "description": "有的地图需要设置 ak 信息"
728:      "description": "是否自动选中当前地理位置"
732:      "description": "是否限制只能选中当前地理位置 备注：可用于充当定位组件，只允许选择当前位置"
736:      "description": "开启只读模式后的占位提示，默认为“点击获取位置信息” 备注：区分下现有的placeholder（“请选择位置”）"
743:  "description": "Location 选点组件 文档：https://aisuda.bce.baidu.com/amis/zh-CN/components/form/location",
------------------------------------
⚠️  Chinese characters found in: output/MappingSchema.json
6:      "description": "组件唯一 id，主要用于页面设计器中定位 json 节点"
10:      "description": "容器 css 类名"
14:      "description": "配合 definitions 一起使用，可以实现无限循环的渲染器。"
18:      "description": "是否禁用"
22:      "description": "是否禁用表达式"
26:      "description": "是否隐藏"
30:      "description": "是否隐藏表达式"
34:      "description": "是否显示"
38:      "description": "是否显示表达式"
42:      "description": "组件唯一 id，主要用于日志采集"
70:      "description": "事件动作配置"
74:      "description": "是否静态展示"
78:      "description": "是否静态展示表达式"
82:      "description": "静态展示空值占位"
86:      "description": "静态展示表单项类名"
90:      "description": "静态展示表单项Label类名"
94:      "description": "静态展示表单项Value类名"
99:      "description": "组件样式"
106:          "description": "组件行为、用途，如 create、update、remove"
110:          "description": "组件名称，通常是业务名称方便定位"
113:          "description": "编辑器假数据，方便展示"
116:      "description": "编辑器配置，运行时可以忽略"
120:      "description": "可以组件级别用来关闭移动端样式"
131:      "description": "指定为映射展示控件"
138:      "description": "关联字段名。"
145:      "description": "配置映射规则，值可以使用模板语法。当 key 为 * 时表示 else，也就是说值没有映射到任何规则时用 * 对应的值展示。"
149:      "description": "map或source为对象数组时，作为value值的字段名"
153:      "description": "map或source为对象数组时，作为label值的字段名"
157:      "description": "自定义渲染映射值，支持html或schema"
168:      "description": "如果想远程拉取字典，请配置 source 为接口。"
172:      "description": "占位符"
179:  "description": "Mapping 映射展示控件。 文档：https://aisuda.bce.baidu.com/amis/zh-CN/components/mapping",
------------------------------------
⚠️  Chinese characters found in: output/MatrixControlSchema.json
6:      "description": "组件唯一 id，主要用于页面设计器中定位 json 节点"
10:      "description": "容器 css 类名"
14:      "description": "配合 definitions 一起使用，可以实现无限循环的渲染器。"
18:      "description": "是否禁用"
22:      "description": "是否禁用表达式"
26:      "description": "是否隐藏"
30:      "description": "是否隐藏表达式"
34:      "description": "是否显示"
38:      "description": "是否显示表达式"
42:      "description": "组件唯一 id，主要用于日志采集"
70:      "description": "事件动作配置"
74:      "description": "是否静态展示"
78:      "description": "是否静态展示表达式"
82:      "description": "静态展示空值占位"
86:      "description": "静态展示表单项类名"
90:      "description": "静态展示表单项Label类名"
94:      "description": "静态展示表单项Value类名"
99:      "description": "组件样式"
106:          "description": "组件行为、用途，如 create、update、remove"
110:          "description": "组件名称，通常是业务名称方便定位"
113:          "description": "编辑器假数据，方便展示"
116:      "description": "编辑器配置，运行时可以忽略"
120:      "description": "可以组件级别用来关闭移动端样式"
134:      "description": "表单项大小"
146:      "description": "描述标题"
150:      "description": "描述标题"
157:      "description": "label自定义宽度，默认单位为px"
161:      "description": "配置 label className"
165:      "description": "字段名，表单提交时的 key，支持多层级，用.连接，如： a.b.c"
169:      "description": "额外的字段名，当为范围组件时可以用来将另外一个值打平出来"
173:      "description": "显示一个小图标, 鼠标放上去的时候显示提示内容"
177:      "description": "显示一个小图标, 鼠标放上去的时候显示提示内容, 这个小图标跟 label 在一起"
181:      "description": "输入提示，聚焦的时候显示"
185:      "description": "当修改完的时候是否提交表单。"
189:      "description": "是否只读"
193:      "description": "只读条件"
197:      "description": "不设置时，当表单提交过后表单项每次修改都会触发重新验证， 如果设置了，则由此配置项来决定要不要每次修改都触发验证。"
201:      "description": "描述内容，支持 Html 片段。"
208:      "description": "配置描述上的 className"
217:      "description": "配置当前表单项展示模式"
221:      "description": "当配置为水平布局的时候，用来配置具体的左右分配。"
225:      "description": "表单 control 是否为 inline 模式。"
229:      "description": "配置 input className"
233:      "description": "占位符"
237:      "description": "是否为必填"
336:      "description": "验证失败的提示信息"
348:              "description": "是否是字母"
352:              "description": "是否为字母数字"
356:              "description": "是否为邮箱地址"
360:              "description": "是否为浮点型"
364:              "description": "是否为整型"
368:              "description": "是否为 json"
372:              "description": "长度等于指定值"
376:              "description": "是否为数字"
380:              "description": "是否为必填"
384:              "description": "是否为 URL 地址"
388:              "description": "内容命中指定正则"
392:              "description": "内容命中指定正则"
396:              "description": "内容命中指定正则"
400:              "description": "内容命中指定正则"
404:              "description": "内容命中指定正则"
408:              "description": "内容命中指定正则"
412:              "description": "最大长度为指定值"
416:              "description": "最大值为指定值"
420:              "description": "最小长度为指定值"
424:              "description": "最小值为指定值"
438:              "description": "和目标日期相同，支持指定粒度，默认到毫秒"
452:              "description": "早于目标日期，支持指定粒度，默认到毫秒"
466:              "description": "晚于目标日期，支持指定粒度，默认到毫秒"
480:              "description": "早于目标日期或和目标日期相同，支持指定粒度，默认到毫秒"
494:              "description": "晚于目标日期或和目标日期相同，支持指定粒度，默认到毫秒"
508:              "description": "日期处于目标日期范围，支持指定粒度和区间的开闭形式，默认到毫秒, 左右开区间"
522:              "description": "和目标时间相同，支持指定粒度，默认到毫秒"
536:              "description": "早于目标时间，支持指定粒度，默认到毫秒"
550:              "description": "晚于目标时间，支持指定粒度，默认到毫秒"
564:              "description": "早于目标时间或和目标时间相同，支持指定粒度，默认到毫秒"
578:              "description": "晚于目标时间或和目标时间相同，支持指定粒度，默认到毫秒"
592:              "description": "时间处于目标时间范围，支持指定粒度和区间的开闭形式，默认到毫秒, 左右开区间"
599:      "description": "默认值，切记只能是静态值，不支持取变量，跟数据关联是通过设置 name 属性来实现的。"
603:      "description": "表单项隐藏时，是否在当前 Form 中删除掉该表单项值。注意同名的未隐藏的表单项值也会删掉"
614:      "description": "远端校验表单项接口"
629:              "description": "是否为参照录入模式，参照录入会展示候选值供用户选择，而不是直接填充。"
632:              "description": "参照录入时，默认选中的值"
643:              "description": "自动填充 api"
647:              "description": "是否展示数据格式错误提示，默认为不展示",
652:              "description": "填充时的数据映射"
661:              "description": "触发条件，默认为 change"
670:              "description": "弹窗方式，当为参照录入时用可以配置"
674:              "description": "当参照录入为抽屉时可以配置弹出位置"
678:              "description": "当为参照录入时可以配置弹出容器的大小"
683:              "description": "参照录入展示的项"
686:              "description": "参照录入时的过滤条件"
692:      "description": "自动填充，当选项被选择的时候，将选项中的其他值同步设置到表单内。"
711:      "description": "表单项类型"
715:      "description": "配置singleSelectMode时设置为false"
719:      "description": "设置单选模式，multiple为false时有效"
723:      "description": "可用来通过 API 拉取 options。"
755:      "description": "行标题说明"
762:  "description": "Matrix 选择控件。适合做权限勾选。 文档：https://aisuda.bce.baidu.com/amis/zh-CN/components/form/matrix",
------------------------------------
⚠️  Chinese characters found in: output/MonthControlSchema.json
6:      "description": "组件唯一 id，主要用于页面设计器中定位 json 节点"
10:      "description": "容器 css 类名"
14:      "description": "配合 definitions 一起使用，可以实现无限循环的渲染器。"
18:      "description": "是否禁用"
22:      "description": "是否禁用表达式"
26:      "description": "是否隐藏"
30:      "description": "是否隐藏表达式"
34:      "description": "是否显示"
38:      "description": "是否显示表达式"
42:      "description": "组件唯一 id，主要用于日志采集"
70:      "description": "事件动作配置"
74:      "description": "是否静态展示"
78:      "description": "是否静态展示表达式"
82:      "description": "静态展示空值占位"
86:      "description": "静态展示表单项类名"
90:      "description": "静态展示表单项Label类名"
94:      "description": "静态展示表单项Value类名"
99:      "description": "组件样式"
106:          "description": "组件行为、用途，如 create、update、remove"
110:          "description": "组件名称，通常是业务名称方便定位"
113:          "description": "编辑器假数据，方便展示"
116:      "description": "编辑器配置，运行时可以忽略"
120:      "description": "可以组件级别用来关闭移动端样式"
134:      "description": "表单项大小"
146:      "description": "描述标题"
150:      "description": "描述标题"
157:      "description": "label自定义宽度，默认单位为px"
161:      "description": "配置 label className"
165:      "description": "字段名，表单提交时的 key，支持多层级，用.连接，如： a.b.c"
169:      "description": "额外的字段名，当为范围组件时可以用来将另外一个值打平出来"
173:      "description": "显示一个小图标, 鼠标放上去的时候显示提示内容"
177:      "description": "显示一个小图标, 鼠标放上去的时候显示提示内容, 这个小图标跟 label 在一起"
181:      "description": "输入提示，聚焦的时候显示"
185:      "description": "当修改完的时候是否提交表单。"
189:      "description": "是否只读"
193:      "description": "只读条件"
197:      "description": "不设置时，当表单提交过后表单项每次修改都会触发重新验证， 如果设置了，则由此配置项来决定要不要每次修改都触发验证。"
201:      "description": "描述内容，支持 Html 片段。"
208:      "description": "配置描述上的 className"
217:      "description": "配置当前表单项展示模式"
221:      "description": "当配置为水平布局的时候，用来配置具体的左右分配。"
225:      "description": "表单 control 是否为 inline 模式。"
229:      "description": "配置 input className"
233:      "description": "占位符"
237:      "description": "是否为必填"
336:      "description": "验证失败的提示信息"
348:              "description": "是否是字母"
352:              "description": "是否为字母数字"
356:              "description": "是否为邮箱地址"
360:              "description": "是否为浮点型"
364:              "description": "是否为整型"
368:              "description": "是否为 json"
372:              "description": "长度等于指定值"
376:              "description": "是否为数字"
380:              "description": "是否为必填"
384:              "description": "是否为 URL 地址"
388:              "description": "内容命中指定正则"
392:              "description": "内容命中指定正则"
396:              "description": "内容命中指定正则"
400:              "description": "内容命中指定正则"
404:              "description": "内容命中指定正则"
408:              "description": "内容命中指定正则"
412:              "description": "最大长度为指定值"
416:              "description": "最大值为指定值"
420:              "description": "最小长度为指定值"
424:              "description": "最小值为指定值"
438:              "description": "和目标日期相同，支持指定粒度，默认到毫秒"
452:              "description": "早于目标日期，支持指定粒度，默认到毫秒"
466:              "description": "晚于目标日期，支持指定粒度，默认到毫秒"
480:              "description": "早于目标日期或和目标日期相同，支持指定粒度，默认到毫秒"
494:              "description": "晚于目标日期或和目标日期相同，支持指定粒度，默认到毫秒"
508:              "description": "日期处于目标日期范围，支持指定粒度和区间的开闭形式，默认到毫秒, 左右开区间"
522:              "description": "和目标时间相同，支持指定粒度，默认到毫秒"
536:              "description": "早于目标时间，支持指定粒度，默认到毫秒"
550:              "description": "晚于目标时间，支持指定粒度，默认到毫秒"
564:              "description": "早于目标时间或和目标时间相同，支持指定粒度，默认到毫秒"
578:              "description": "晚于目标时间或和目标时间相同，支持指定粒度，默认到毫秒"
592:              "description": "时间处于目标时间范围，支持指定粒度和区间的开闭形式，默认到毫秒, 左右开区间"
599:      "description": "默认值，切记只能是静态值，不支持取变量，跟数据关联是通过设置 name 属性来实现的。"
603:      "description": "表单项隐藏时，是否在当前 Form 中删除掉该表单项值。注意同名的未隐藏的表单项值也会删掉"
614:      "description": "远端校验表单项接口"
629:              "description": "是否为参照录入模式，参照录入会展示候选值供用户选择，而不是直接填充。"
632:              "description": "参照录入时，默认选中的值"
643:              "description": "自动填充 api"
647:              "description": "是否展示数据格式错误提示，默认为不展示",
652:              "description": "填充时的数据映射"
661:              "description": "触发条件，默认为 change"
670:              "description": "弹窗方式，当为参照录入时用可以配置"
674:              "description": "当参照录入为抽屉时可以配置弹出位置"
678:              "description": "当为参照录入时可以配置弹出容器的大小"
683:              "description": "参照录入展示的项"
686:              "description": "参照录入时的过滤条件"
692:      "description": "自动填充，当选项被选择的时候，将选项中的其他值同步设置到表单内。"
711:      "description": "指定为月份时间选择控件"
715:      "description": "是否显示清除按钮"
719:      "description": "月份存储格式"
723:      "description": "替代format"
727:      "description": "月份展示格式"
731:      "description": "日期展示格式(新：替代inputFormat)"
735:      "description": "设定是否存储 utc 时间。"
739:      "description": "是否为内联模式？"
748:      "description": "边框模式，全边框，还是半边框，或者没边框。"
762:      "description": "日期快捷键"
766:      "description": "字符串函数，用来决定是否禁用某个日期。\n\n(currentDate: moment.Moment, props: any) => boolean;"
776:  "description": "Month 月份选择控件 文档：https://aisuda.bce.baidu.com/amis/zh-CN/components/form/Month",
------------------------------------
⚠️  Chinese characters found in: output/MonthRangeControlSchema.json
6:      "description": "分割符, 因为有两个值，开始时间和结束时间，所以要有连接符。默认为英文逗号。"
10:      "description": "默认 `X` 即时间戳格式，用来提交的时间格式。更多格式类型请参考 moment."
14:      "description": "用来提交的时间格式。更多格式类型请参考 moment.（新：同format）"
18:      "description": "默认 `YYYY-MM-DD` 用来配置显示的时间格式。"
22:      "description": "用来配置显示的时间格式（新：同inputFormat）"
26:      "description": "开启后将选中的选项 value 的值用连接符拼接起来，作为当前表单项的值。如： `value1,value2` 否则为 `[value1, value2]`"
30:      "description": "最大日期限制，支持变量 $xxx 来取值，或者用相对值如：* `-2mins` 2分钟前\\n * `+2days` 2天后\\n* `-10week` 十周前\\n可用单位： `min`、`hour`、`day`、`week`、`month`、`year`。所有单位支持复数形式。"
34:      "description": "最小日期限制，支持变量 $xxx 来取值，或者用相对值如：* `-2mins` 2分钟前\\n * `+2days` 2天后\\n* `-10week` 十周前\\n可用单位： `min`、`hour`、`day`、`week`、`month`、`year`。所有单位支持复数形式。"
38:      "description": "最大跨度，比如 2days"
42:      "description": "最小跨度，比如 2days"
45:      "description": "这里面 value 需要特殊说明一下，因为支持相对值。* `-2mins` 2分钟前\\n * `+2days` 2天后\\n* `-10week` 十周前\\n可用单位： `min`、`hour`、`day`、`week`、`month`、`year`。所有单位支持复数形式。"
54:      "description": "边框模式，全边框，还是半边框，或者没边框。"
58:      "description": "开启后变成非弹出模式，即内联模式。"
72:      "description": "日期范围快捷键"
86:      "description": "日期范围快捷键"
90:      "description": "日期范围开始时间-占位符"
94:      "description": "日期范围结束时间-占位符"
98:      "description": "是否启用游标动画，默认开启"
102:      "description": "日期数据处理函数，用来处理选择日期之后的的值\n\n(value: moment.Moment, config: {type: 'start' | 'end'; originValue: moment.Moment, timeFormat: string}, props: any, data: any, moment: moment) => moment.Moment;"
106:      "description": "弹窗容器选择器"
110:      "description": "显示一个小图标, 鼠标放上去的时候显示提示内容"
114:      "description": "显示一个小图标, 鼠标放上去的时候显示提示内容, 这个小图标跟 label 在一起"
125:      "description": "表单项大小"
137:      "description": "描述标题"
141:      "description": "描述标题"
148:      "description": "label自定义宽度，默认单位为px"
152:      "description": "配置 label className"
156:      "description": "字段名，表单提交时的 key，支持多层级，用.连接，如： a.b.c"
160:      "description": "额外的字段名，当为范围组件时可以用来将另外一个值打平出来"
164:      "description": "输入提示，聚焦的时候显示"
168:      "description": "当修改完的时候是否提交表单。"
172:      "description": "是否只读"
176:      "description": "只读条件"
180:      "description": "不设置时，当表单提交过后表单项每次修改都会触发重新验证， 如果设置了，则由此配置项来决定要不要每次修改都触发验证。"
184:      "description": "描述内容，支持 Html 片段。"
191:      "description": "配置描述上的 className"
200:      "description": "配置当前表单项展示模式"
204:      "description": "当配置为水平布局的时候，用来配置具体的左右分配。"
208:      "description": "表单 control 是否为 inline 模式。"
212:      "description": "配置 input className"
216:      "description": "占位符"
220:      "description": "是否为必填"
319:      "description": "验证失败的提示信息"
331:              "description": "是否是字母"
335:              "description": "是否为字母数字"
339:              "description": "是否为邮箱地址"
343:              "description": "是否为浮点型"
347:              "description": "是否为整型"
351:              "description": "是否为 json"
355:              "description": "长度等于指定值"
359:              "description": "是否为数字"
363:              "description": "是否为必填"
367:              "description": "是否为 URL 地址"
371:              "description": "内容命中指定正则"
375:              "description": "内容命中指定正则"
379:              "description": "内容命中指定正则"
383:              "description": "内容命中指定正则"
387:              "description": "内容命中指定正则"
391:              "description": "内容命中指定正则"
395:              "description": "最大长度为指定值"
399:              "description": "最大值为指定值"
403:              "description": "最小长度为指定值"
407:              "description": "最小值为指定值"
421:              "description": "和目标日期相同，支持指定粒度，默认到毫秒"
435:              "description": "早于目标日期，支持指定粒度，默认到毫秒"
449:              "description": "晚于目标日期，支持指定粒度，默认到毫秒"
463:              "description": "早于目标日期或和目标日期相同，支持指定粒度，默认到毫秒"
477:              "description": "晚于目标日期或和目标日期相同，支持指定粒度，默认到毫秒"
491:              "description": "日期处于目标日期范围，支持指定粒度和区间的开闭形式，默认到毫秒, 左右开区间"
505:              "description": "和目标时间相同，支持指定粒度，默认到毫秒"
519:              "description": "早于目标时间，支持指定粒度，默认到毫秒"
533:              "description": "晚于目标时间，支持指定粒度，默认到毫秒"
547:              "description": "早于目标时间或和目标时间相同，支持指定粒度，默认到毫秒"
561:              "description": "晚于目标时间或和目标时间相同，支持指定粒度，默认到毫秒"
575:              "description": "时间处于目标时间范围，支持指定粒度和区间的开闭形式，默认到毫秒, 左右开区间"
583:      "description": "表单项隐藏时，是否在当前 Form 中删除掉该表单项值。注意同名的未隐藏的表单项值也会删掉"
594:      "description": "远端校验表单项接口"
609:              "description": "是否为参照录入模式，参照录入会展示候选值供用户选择，而不是直接填充。"
612:              "description": "参照录入时，默认选中的值"
623:              "description": "自动填充 api"
627:              "description": "是否展示数据格式错误提示，默认为不展示",
632:              "description": "填充时的数据映射"
641:              "description": "触发条件，默认为 change"
650:              "description": "弹窗方式，当为参照录入时用可以配置"
654:              "description": "当参照录入为抽屉时可以配置弹出位置"
658:              "description": "当为参照录入时可以配置弹出容器的大小"
663:              "description": "参照录入展示的项"
666:              "description": "参照录入时的过滤条件"
672:      "description": "自动填充，当选项被选择的时候，将选项中的其他值同步设置到表单内。"
690:      "description": "组件唯一 id，主要用于页面设计器中定位 json 节点"
694:      "description": "容器 css 类名"
698:      "description": "配合 definitions 一起使用，可以实现无限循环的渲染器。"
702:      "description": "是否禁用"
706:      "description": "是否禁用表达式"
710:      "description": "是否隐藏"
714:      "description": "是否隐藏表达式"
718:      "description": "是否显示"
722:      "description": "是否显示表达式"
726:      "description": "组件唯一 id，主要用于日志采集"
754:      "description": "事件动作配置"
758:      "description": "是否静态展示"
762:      "description": "是否静态展示表达式"
766:      "description": "静态展示空值占位"
770:      "description": "静态展示表单项类名"
774:      "description": "静态展示表单项Label类名"
778:      "description": "静态展示表单项Value类名"
783:      "description": "组件样式"
790:          "description": "组件行为、用途，如 create、update、remove"
794:          "description": "组件名称，通常是业务名称方便定位"
797:          "description": "编辑器假数据，方便展示"
800:      "description": "编辑器配置，运行时可以忽略"
804:      "description": "可以组件级别用来关闭移动端样式"
818:  "description": "MonthRange 月范围控件 文档：https://aisuda.bce.baidu.com/amis/zh-CN/components/form/month-range",
------------------------------------
⚠️  Chinese characters found in: output/MultilineTextSchema.json
6:      "description": "组件唯一 id，主要用于页面设计器中定位 json 节点"
10:      "description": "容器 css 类名"
14:      "description": "配合 definitions 一起使用，可以实现无限循环的渲染器。"
18:      "description": "是否禁用"
22:      "description": "是否禁用表达式"
26:      "description": "是否隐藏"
30:      "description": "是否隐藏表达式"
34:      "description": "是否显示"
38:      "description": "是否显示表达式"
42:      "description": "组件唯一 id，主要用于日志采集"
70:      "description": "事件动作配置"
74:      "description": "是否静态展示"
78:      "description": "是否静态展示表达式"
82:      "description": "静态展示空值占位"
86:      "description": "静态展示表单项类名"
90:      "description": "静态展示表单项Label类名"
94:      "description": "静态展示表单项Value类名"
99:      "description": "组件样式"
106:          "description": "组件行为、用途，如 create、update、remove"
110:          "description": "组件名称，通常是业务名称方便定位"
113:          "description": "编辑器假数据，方便展示"
116:      "description": "编辑器配置，运行时可以忽略"
120:      "description": "可以组件级别用来关闭移动端样式"
134:      "description": "文本"
138:      "description": "最大行数"
142:      "description": "展开按钮文本"
146:      "description": "收起按钮文本"
------------------------------------
⚠️  Chinese characters found in: output/NavItemSchema.json
10:      "description": "组件唯一 id，主要用于页面设计器中定位 json 节点"
17:      "description": "配合 definitions 一起使用，可以实现无限循环的渲染器。"
24:      "description": "是否禁用表达式"
28:      "description": "是否隐藏"
32:      "description": "是否隐藏表达式"
36:      "description": "是否显示"
40:      "description": "是否显示表达式"
44:      "description": "组件唯一 id，主要用于日志采集"
72:      "description": "事件动作配置"
76:      "description": "是否静态展示"
80:      "description": "是否静态展示表达式"
84:      "description": "静态展示空值占位"
88:      "description": "静态展示表单项类名"
92:      "description": "静态展示表单项Label类名"
96:      "description": "静态展示表单项Value类名"
101:      "description": "组件样式"
108:          "description": "组件行为、用途，如 create、update、remove"
112:          "description": "组件名称，通常是业务名称方便定位"
115:          "description": "编辑器假数据，方便展示"
118:      "description": "编辑器配置，运行时可以忽略"
122:      "description": "可以组件级别用来关闭移动端样式"
136:      "description": "文字说明"
150:      "description": "图标类名，参考 fontawesome 4。"
------------------------------------
⚠️  Chinese characters found in: output/NavOverflow.json
6:      "description": "是否开启响应式收纳"
17:      "description": "菜单触发按钮的文字"
21:      "description": "菜单触发按钮的图标",
26:      "description": "菜单触发按钮CSS类名"
30:      "description": "Popover浮层CSS类名"
34:      "description": "菜单外层CSS类名"
38:      "description": "导航横向布局时，开启开启响应式收纳后最大可显示数量，超出此数量的导航将被收纳到下拉菜单中"
42:      "description": "包裹导航的外层标签名，可以使用其他标签渲染",
47:      "description": "导航项目宽度",
52:      "description": "导航列表后缀节点"
56:      "description": "自定义样式"
------------------------------------
⚠️  Chinese characters found in: output/NavSchema.json
6:      "description": "组件唯一 id，主要用于页面设计器中定位 json 节点"
10:      "description": "容器 css 类名"
14:      "description": "配合 definitions 一起使用，可以实现无限循环的渲染器。"
18:      "description": "是否禁用"
22:      "description": "是否禁用表达式"
26:      "description": "是否隐藏"
30:      "description": "是否隐藏表达式"
34:      "description": "是否显示"
38:      "description": "是否显示表达式"
42:      "description": "组件唯一 id，主要用于日志采集"
70:      "description": "事件动作配置"
74:      "description": "是否静态展示"
78:      "description": "是否静态展示表达式"
82:      "description": "静态展示空值占位"
86:      "description": "静态展示表单项类名"
90:      "description": "静态展示表单项Label类名"
94:      "description": "静态展示表单项Value类名"
99:      "description": "组件样式"
106:          "description": "组件行为、用途，如 create、update、remove"
110:          "description": "组件名称，通常是业务名称方便定位"
113:          "description": "编辑器假数据，方便展示"
116:      "description": "编辑器配置，运行时可以忽略"
120:      "description": "可以组件级别用来关闭移动端样式"
128:      "description": "指定为 Nav 导航渲染器"
138:      "description": "链接地址集合"
146:      "description": "可以通过 API 拉取。"
150:      "description": "懒加载 api，如果不配置复用 source 接口。"
158:      "description": "true 为垂直排列，false 为水平排列类似如 tabs。"
162:      "description": "更多操作菜单列表"
166:      "description": "可拖拽"
170:      "description": "保存排序的 api"
174:      "description": "角标"
178:      "description": "角标"
182:      "description": "仅允许同层级拖拽"
186:      "description": "横向导航时自动收纳配置"
190:      "description": "最多展示多少层级"
194:      "description": "默认展开层级 小于等于该层数的节点默认全部打开"
198:      "description": "控制仅展示指定key菜单下的子菜单项"
202:      "description": "控制菜单缩起"
210:      "description": "垂直模式 非折叠状态下 控制菜单打开方式"
221:      "description": "自定义展开图标"
225:      "description": "自定义展开图标位置 默认在前面 before after"
233:      "description": "主题配色 默认light"
237:      "description": "手风琴展开 仅垂直inline模式支持"
241:      "description": "子菜单项展开浮层样式"
245:      "description": "是否开启搜索"
252:          "description": "搜索框外层CSS样式类"
261:          "description": "搜索匹配函数"
265:          "description": "占位符"
269:          "description": "是否为 Mini 样式。"
273:          "description": "是否为加强样式"
277:          "description": "是否可清除"
281:          "description": "是否立马搜索。"
285:          "description": "指定唯一标识字段"
289:      "description": "搜索框相关配置"
297:  "description": "Nav 导航渲染器 文档：https://aisuda.bce.baidu.com/amis/zh-CN/components/nav",
------------------------------------
⚠️  Chinese characters found in: output/NestedSelectControlSchema.json
22:      "description": "选项集合"
33:      "description": "可用来通过 API 拉取 options。"
37:      "description": "默认选择选项第一个值。"
41:      "description": "用表达式来配置 source 接口初始要不要拉取"
45:      "description": "配置 source 接口初始拉不拉取。"
49:      "description": "是否为多选模式"
53:      "description": "单选模式：当用户选中某个选项时，选项中的 value 将被作为该表单项的值提交，否则，整个选项对象都会作为该表单项的值提交。 多选模式：选中的多个选项的 `value` 会通过 `delimiter` 连接起来，否则直接将以数组的形式提交值。"
57:      "description": "分割符"
61:      "description": "多选模式，值太多时是否避免折行"
65:      "description": "开启后将选中的选项 value 的值封装为数组，作为当前表单项的值。"
69:      "description": "是否可清除。"
73:      "description": "点清除按钮时，将表单项设置成当前配置的值。",
78:      "description": "懒加载字段"
89:      "description": "延时加载的 API，当选项中有 defer: true 的选项时，点开会通过此接口扩充。"
100:      "description": "添加时调用的接口"
107:      "description": "新增时的表单项。"
111:      "description": "控制新增弹框设置项"
115:      "description": "是否可以新增"
119:      "description": "新增文字"
123:      "description": "是否可以编辑"
134:      "description": "编辑时调用的 API"
141:      "description": "选项修改的表单项"
145:      "description": "控制编辑弹框设置项"
149:      "description": "是否可删除"
160:      "description": "选项删除 API"
164:      "description": "选项删除提示文字。"
175:      "description": "表单项大小"
187:      "description": "描述标题"
191:      "description": "描述标题"
198:      "description": "label自定义宽度，默认单位为px"
202:      "description": "配置 label className"
206:      "description": "字段名，表单提交时的 key，支持多层级，用.连接，如： a.b.c"
210:      "description": "额外的字段名，当为范围组件时可以用来将另外一个值打平出来"
214:      "description": "输入提示，聚焦的时候显示"
218:      "description": "当修改完的时候是否提交表单。"
222:      "description": "是否只读"
226:      "description": "只读条件"
230:      "description": "不设置时，当表单提交过后表单项每次修改都会触发重新验证， 如果设置了，则由此配置项来决定要不要每次修改都触发验证。"
234:      "description": "描述内容，支持 Html 片段。"
241:      "description": "配置描述上的 className"
250:      "description": "配置当前表单项展示模式"
254:      "description": "当配置为水平布局的时候，用来配置具体的左右分配。"
258:      "description": "表单 control 是否为 inline 模式。"
262:      "description": "配置 input className"
266:      "description": "占位符"
270:      "description": "是否为必填"
369:      "description": "验证失败的提示信息"
381:              "description": "是否是字母"
385:              "description": "是否为字母数字"
389:              "description": "是否为邮箱地址"
393:              "description": "是否为浮点型"
397:              "description": "是否为整型"
401:              "description": "是否为 json"
405:              "description": "长度等于指定值"
409:              "description": "是否为数字"
413:              "description": "是否为必填"
417:              "description": "是否为 URL 地址"
421:              "description": "内容命中指定正则"
425:              "description": "内容命中指定正则"
429:              "description": "内容命中指定正则"
433:              "description": "内容命中指定正则"
437:              "description": "内容命中指定正则"
441:              "description": "内容命中指定正则"
445:              "description": "最大长度为指定值"
449:              "description": "最大值为指定值"
453:              "description": "最小长度为指定值"
457:              "description": "最小值为指定值"
471:              "description": "和目标日期相同，支持指定粒度，默认到毫秒"
485:              "description": "早于目标日期，支持指定粒度，默认到毫秒"
499:              "description": "晚于目标日期，支持指定粒度，默认到毫秒"
513:              "description": "早于目标日期或和目标日期相同，支持指定粒度，默认到毫秒"
527:              "description": "晚于目标日期或和目标日期相同，支持指定粒度，默认到毫秒"
541:              "description": "日期处于目标日期范围，支持指定粒度和区间的开闭形式，默认到毫秒, 左右开区间"
555:              "description": "和目标时间相同，支持指定粒度，默认到毫秒"
569:              "description": "早于目标时间，支持指定粒度，默认到毫秒"
583:              "description": "晚于目标时间，支持指定粒度，默认到毫秒"
597:              "description": "早于目标时间或和目标时间相同，支持指定粒度，默认到毫秒"
611:              "description": "晚于目标时间或和目标时间相同，支持指定粒度，默认到毫秒"
625:              "description": "时间处于目标时间范围，支持指定粒度和区间的开闭形式，默认到毫秒, 左右开区间"
632:      "description": "默认值，切记只能是静态值，不支持取变量，跟数据关联是通过设置 name 属性来实现的。"
636:      "description": "表单项隐藏时，是否在当前 Form 中删除掉该表单项值。注意同名的未隐藏的表单项值也会删掉"
647:      "description": "远端校验表单项接口"
662:              "description": "是否为参照录入模式，参照录入会展示候选值供用户选择，而不是直接填充。"
665:              "description": "参照录入时，默认选中的值"
676:              "description": "自动填充 api"
680:              "description": "是否展示数据格式错误提示，默认为不展示",
685:              "description": "填充时的数据映射"
694:              "description": "触发条件，默认为 change"
703:              "description": "弹窗方式，当为参照录入时用可以配置"
707:              "description": "当参照录入为抽屉时可以配置弹出位置"
711:              "description": "当为参照录入时可以配置弹出容器的大小"
716:              "description": "参照录入展示的项"
719:              "description": "参照录入时的过滤条件"
725:      "description": "自动填充，当选项被选择的时候，将选项中的其他值同步设置到表单内。"
743:      "description": "组件唯一 id，主要用于页面设计器中定位 json 节点"
747:      "description": "容器 css 类名"
751:      "description": "配合 definitions 一起使用，可以实现无限循环的渲染器。"
755:      "description": "是否禁用"
759:      "description": "是否禁用表达式"
763:      "description": "是否隐藏"
767:      "description": "是否隐藏表达式"
771:      "description": "是否显示"
775:      "description": "是否显示表达式"
779:      "description": "组件唯一 id，主要用于日志采集"
807:      "description": "事件动作配置"
811:      "description": "是否静态展示"
815:      "description": "是否静态展示表达式"
819:      "description": "静态展示空值占位"
823:      "description": "静态展示表单项类名"
827:      "description": "静态展示表单项Label类名"
831:      "description": "静态展示表单项Value类名"
836:      "description": "组件样式"
843:          "description": "组件行为、用途，如 create、update、remove"
847:          "description": "组件名称，通常是业务名称方便定位"
850:          "description": "编辑器假数据，方便展示"
853:      "description": "编辑器配置，运行时可以忽略"
857:      "description": "可以组件级别用来关闭移动端样式"
864:      "description": "显示一个小图标, 鼠标放上去的时候显示提示内容"
868:      "description": "显示一个小图标, 鼠标放上去的时候显示提示内容, 这个小图标跟 label 在一起"
873:      "description": "表单项类型"
882:      "description": "边框模式，全边框，还是半边框，或者没边框。"
886:      "description": "弹框的 css 类"
890:      "description": "父子之间是否完全独立。"
894:      "description": "选父级的时候是否把子节点的值也包含在内。"
898:      "description": "选父级的时候，是否只把子节点的值包含在内"
902:      "description": "只允许选择叶子节点"
906:      "description": "是否隐藏选择框中已选中节点的祖先节点的文本信息"
910:      "description": "标签的最大展示数量，超出数量后以收纳浮层的方式展示，仅在多选模式开启后生效"
914:      "description": "收纳标签的Popover配置"
921:  "description": "Nested Select 文档：https://aisuda.bce.baidu.com/amis/zh-CN/components/form/nested-select",
------------------------------------
⚠️  Chinese characters found in: output/NumberControlSchema.json
6:      "description": "组件唯一 id，主要用于页面设计器中定位 json 节点"
10:      "description": "容器 css 类名"
14:      "description": "配合 definitions 一起使用，可以实现无限循环的渲染器。"
18:      "description": "是否禁用"
22:      "description": "是否禁用表达式"
26:      "description": "是否隐藏"
30:      "description": "是否隐藏表达式"
34:      "description": "是否显示"
38:      "description": "是否显示表达式"
42:      "description": "组件唯一 id，主要用于日志采集"
70:      "description": "事件动作配置"
74:      "description": "是否静态展示"
78:      "description": "是否静态展示表达式"
82:      "description": "静态展示空值占位"
86:      "description": "静态展示表单项类名"
90:      "description": "静态展示表单项Label类名"
94:      "description": "静态展示表单项Value类名"
99:      "description": "组件样式"
106:          "description": "组件行为、用途，如 create、update、remove"
110:          "description": "组件名称，通常是业务名称方便定位"
113:          "description": "编辑器假数据，方便展示"
116:      "description": "编辑器配置，运行时可以忽略"
120:      "description": "可以组件级别用来关闭移动端样式"
134:      "description": "表单项大小"
146:      "description": "描述标题"
150:      "description": "描述标题"
157:      "description": "label自定义宽度，默认单位为px"
161:      "description": "配置 label className"
165:      "description": "字段名，表单提交时的 key，支持多层级，用.连接，如： a.b.c"
169:      "description": "额外的字段名，当为范围组件时可以用来将另外一个值打平出来"
173:      "description": "显示一个小图标, 鼠标放上去的时候显示提示内容"
177:      "description": "显示一个小图标, 鼠标放上去的时候显示提示内容, 这个小图标跟 label 在一起"
181:      "description": "输入提示，聚焦的时候显示"
185:      "description": "当修改完的时候是否提交表单。"
189:      "description": "只读"
193:      "description": "只读条件"
197:      "description": "不设置时，当表单提交过后表单项每次修改都会触发重新验证， 如果设置了，则由此配置项来决定要不要每次修改都触发验证。"
201:      "description": "描述内容，支持 Html 片段。"
208:      "description": "配置描述上的 className"
217:      "description": "配置当前表单项展示模式"
221:      "description": "当配置为水平布局的时候，用来配置具体的左右分配。"
225:      "description": "表单 control 是否为 inline 模式。"
229:      "description": "配置 input className"
233:      "description": "占位符"
237:      "description": "是否为必填"
336:      "description": "验证失败的提示信息"
348:              "description": "是否是字母"
352:              "description": "是否为字母数字"
356:              "description": "是否为邮箱地址"
360:              "description": "是否为浮点型"
364:              "description": "是否为整型"
368:              "description": "是否为 json"
372:              "description": "长度等于指定值"
376:              "description": "是否为数字"
380:              "description": "是否为必填"
384:              "description": "是否为 URL 地址"
388:              "description": "内容命中指定正则"
392:              "description": "内容命中指定正则"
396:              "description": "内容命中指定正则"
400:              "description": "内容命中指定正则"
404:              "description": "内容命中指定正则"
408:              "description": "内容命中指定正则"
412:              "description": "最大长度为指定值"
416:              "description": "最大值为指定值"
420:              "description": "最小长度为指定值"
424:              "description": "最小值为指定值"
438:              "description": "和目标日期相同，支持指定粒度，默认到毫秒"
452:              "description": "早于目标日期，支持指定粒度，默认到毫秒"
466:              "description": "晚于目标日期，支持指定粒度，默认到毫秒"
480:              "description": "早于目标日期或和目标日期相同，支持指定粒度，默认到毫秒"
494:              "description": "晚于目标日期或和目标日期相同，支持指定粒度，默认到毫秒"
508:              "description": "日期处于目标日期范围，支持指定粒度和区间的开闭形式，默认到毫秒, 左右开区间"
522:              "description": "和目标时间相同，支持指定粒度，默认到毫秒"
536:              "description": "早于目标时间，支持指定粒度，默认到毫秒"
550:              "description": "晚于目标时间，支持指定粒度，默认到毫秒"
564:              "description": "早于目标时间或和目标时间相同，支持指定粒度，默认到毫秒"
578:              "description": "晚于目标时间或和目标时间相同，支持指定粒度，默认到毫秒"
592:              "description": "时间处于目标时间范围，支持指定粒度和区间的开闭形式，默认到毫秒, 左右开区间"
599:      "description": "默认值，切记只能是静态值，不支持取变量，跟数据关联是通过设置 name 属性来实现的。"
603:      "description": "表单项隐藏时，是否在当前 Form 中删除掉该表单项值。注意同名的未隐藏的表单项值也会删掉"
614:      "description": "远端校验表单项接口"
629:              "description": "是否为参照录入模式，参照录入会展示候选值供用户选择，而不是直接填充。"
632:              "description": "参照录入时，默认选中的值"
643:              "description": "自动填充 api"
647:              "description": "是否展示数据格式错误提示，默认为不展示",
652:              "description": "填充时的数据映射"
661:              "description": "触发条件，默认为 change"
670:              "description": "弹窗方式，当为参照录入时用可以配置"
674:              "description": "当参照录入为抽屉时可以配置弹出位置"
678:              "description": "当为参照录入时可以配置弹出容器的大小"
683:              "description": "参照录入展示的项"
686:              "description": "参照录入时的过滤条件"
692:      "description": "自动填充，当选项被选择的时候，将选项中的其他值同步设置到表单内。"
711:      "description": "表单项类型"
715:      "description": "最大值"
719:      "description": "最小值"
723:      "description": "步长"
727:      "description": "精度"
731:      "description": "是否显示上下点击按钮"
740:      "description": "边框模式，全边框，还是半边框，或者没边框。"
744:      "description": "前缀"
748:      "description": "后缀"
771:      "description": "单位列表"
775:      "description": "是否是大数，如果是的话输入输出都将是字符串"
779:      "description": "是否千分分隔"
783:      "description": "是否启用键盘行为"
791:      "description": "输入框为基础输入框还是加强输入框"
795:      "description": "用来开启百分号的展示形式"
802:  "description": "数字输入框 文档：https://aisuda.bce.baidu.com/amis/zh-CN/components/form/input-number",
------------------------------------
⚠️  Chinese characters found in: output/OperationSchema.json
6:      "description": "组件唯一 id，主要用于页面设计器中定位 json 节点"
10:      "description": "容器 css 类名"
14:      "description": "配合 definitions 一起使用，可以实现无限循环的渲染器。"
18:      "description": "是否禁用"
22:      "description": "是否禁用表达式"
26:      "description": "是否隐藏"
30:      "description": "是否隐藏表达式"
34:      "description": "是否显示"
38:      "description": "是否显示表达式"
42:      "description": "组件唯一 id，主要用于日志采集"
70:      "description": "事件动作配置"
74:      "description": "是否静态展示"
78:      "description": "是否静态展示表达式"
82:      "description": "静态展示空值占位"
86:      "description": "静态展示表单项类名"
90:      "description": "静态展示表单项Label类名"
94:      "description": "静态展示表单项Value类名"
99:      "description": "组件样式"
106:          "description": "组件行为、用途，如 create、update、remove"
110:          "description": "组件名称，通常是业务名称方便定位"
113:          "description": "编辑器假数据，方便展示"
116:      "description": "编辑器配置，运行时可以忽略"
120:      "description": "可以组件级别用来关闭移动端样式"
128:      "description": "指定为操作栏"
135:      "description": "占位符"
149:  "description": "操作栏渲染器。 文档：https://aisuda.bce.baidu.com/amis/zh-CN/components/operation",
------------------------------------
⚠️  Chinese characters found in: output/Option.json
6:      "description": "用来显示的文字"
10:      "description": "可以用来给 Option 标记个范围，让数据展示更清晰。\n\n这个只有在数值展示的时候显示。"
13:      "description": "请保证数值唯一，多个选项值一致会认为是同一个选项。"
17:      "description": "是否禁用"
21:      "description": "支持嵌套"
25:      "description": "是否可见"
29:      "description": "最好不要用！因为有 visible 就够了。"
33:      "description": "描述，部分控件支持"
37:      "description": "标记后数据延时加载"
48:      "description": "如果设置了，优先级更高，不设置走 source 接口加载。"
52:      "description": "标记正在加载。只有 defer 为 true 时有意义。内部字段不可以外部设置"
56:      "description": "只有设置了 defer 才有意义，内部字段不可以外部设置"
------------------------------------
⚠️  Chinese characters found in: output/OtherActionSchema.json
6:      "description": "组件唯一 id，主要用于页面设计器中定位 json 节点"
10:      "description": "容器 css 类名"
14:      "description": "配合 definitions 一起使用，可以实现无限循环的渲染器。"
18:      "description": "是否禁用"
22:      "description": "是否禁用表达式"
26:      "description": "是否隐藏"
30:      "description": "是否隐藏表达式"
34:      "description": "是否显示"
38:      "description": "是否显示表达式"
42:      "description": "主要用于用户行为跟踪里区分是哪个按钮"
70:      "description": "事件动作配置"
74:      "description": "是否静态展示"
78:      "description": "是否静态展示表达式"
82:      "description": "静态展示空值占位"
86:      "description": "静态展示表单项类名"
90:      "description": "静态展示表单项Label类名"
94:      "description": "静态展示表单项Value类名"
99:      "description": "组件样式"
106:          "description": "组件行为、用途，如 create、update、remove"
110:          "description": "组件名称，通常是业务名称方便定位"
113:          "description": "编辑器假数据，方便展示"
116:      "description": "编辑器配置，运行时可以忽略"
120:      "description": "可以组件级别用来关闭移动端样式"
132:      "description": "指定按钮类型，支持 button、submit或者reset三种类型。"
139:      "description": "是否为块状展示，默认为内联。"
143:      "description": "禁用时的文案提示。"
147:      "description": "按钮图标， iconfont 的类名"
151:      "description": "icon 上的css 类名"
155:      "description": "右侧按钮图标， iconfont 的类名"
159:      "description": "右侧 icon 上的 css 类名"
163:      "description": "loading 上的css 类名"
167:      "description": "按钮文字"
182:      "description": "按钮样式"
195:      "description": "按钮大小"
211:      "description": "提示文字，配置了操作前会要求用户确认。"
218:      "description": "如果按钮在form中，配置此属性会要求用户把指定的字段通过验证后才会触发行为。"
222:      "description": "激活状态时的样式"
226:      "description": "激活状态时的类名"
233:      "description": "如果按钮在弹框中，可以配置这个动作完成后是否关闭弹窗，或者指定关闭目标弹框。"
237:      "description": "当按钮时批量操作按钮时，默认必须有勾选元素才能可点击，如果此属性配置成 false，则没有点选成员也能点击。"
241:      "description": "是否将弹框中数据 merge 到父级作用域。"
245:      "description": "可以指定让谁来触发这个动作。"
249:      "description": "点击后的禁止倒计时（秒）"
253:      "description": "倒计时文字自定义"
257:      "description": "角标"
261:      "description": "键盘快捷键"
265:      "description": "是否显示loading效果"
274:      "description": "自定义事件处理函数"
278:      "description": "子内容"
------------------------------------
⚠️  Chinese characters found in: output/PageSchema.json
18:      "description": "组件唯一 id，主要用于页面设计器中定位 json 节点"
22:      "description": "配置容器 className"
26:      "description": "配合 definitions 一起使用，可以实现无限循环的渲染器。"
30:      "description": "是否禁用"
34:      "description": "是否禁用表达式"
38:      "description": "是否隐藏"
42:      "description": "是否隐藏表达式"
46:      "description": "是否显示"
50:      "description": "是否显示表达式"
54:      "description": "组件唯一 id，主要用于日志采集"
82:      "description": "事件动作配置"
86:      "description": "是否静态展示"
90:      "description": "是否静态展示表达式"
94:      "description": "静态展示空值占位"
98:      "description": "静态展示表单项类名"
102:      "description": "静态展示表单项Label类名"
106:      "description": "静态展示表单项Value类名"
111:      "description": "自定义样式"
118:          "description": "组件行为、用途，如 create、update、remove"
122:          "description": "组件名称，通常是业务名称方便定位"
125:          "description": "编辑器假数据，方便展示"
128:      "description": "编辑器配置，运行时可以忽略"
132:      "description": "可以组件级别用来关闭移动端样式"
140:      "description": "指定为 page 渲染器。"
147:      "description": "页面标题"
151:      "description": "页面副标题"
155:      "description": "页面描述, 标题旁边会出现个小图标，放上去会显示这个属性配置的内容。"
159:      "description": "内容区域"
163:      "description": "内容区 css 类名"
167:      "description": "边栏区域"
171:      "description": "边栏是否允许拖动"
175:      "description": "边栏内容是否粘住，即不跟随滚动。",
184:      "description": "边栏位置",
189:      "description": "边栏最小宽度"
193:      "description": "边栏最小宽度"
197:      "description": "边栏区 css 类名"
220:      "description": "自定义页面级别样式表"
243:      "description": "移动端下的样式表"
247:      "description": "页面级别的初始数据"
251:      "description": "配置 header 容器 className"
255:      "description": "页面初始化的时候，可以设置一个 API 让其取拉取，发送数据会携带当前 data 数据（包含地址栏参数），获取得数据会合并到 data 中，供组件内使用。"
259:      "description": "是否默认就拉取？"
263:      "description": "是否默认就拉取表达式"
273:      "description": "页面顶部区域，当存在 title 时在右上角显示。"
277:      "description": "配置 toolbar 容器 className"
282:      "description": "配置轮询间隔，配置后 initApi 将轮询加载。"
286:      "description": "是否要静默加载，也就是说不显示进度"
290:      "description": "配置停止轮询的条件。"
294:      "description": "是否显示错误信息，默认是显示的。"
297:      "description": "css 变量"
310:      "description": "默认不设置自动感觉内容来决定要不要展示这些区域 如果配置了，以配置为主。"
326:      "description": "下拉刷新配置"
333:  "description": "amis Page 渲染器。详情请见：https://aisuda.bce.baidu.com/amis/zh-CN/components/page",
------------------------------------
⚠️  Chinese characters found in: output/PaginationSchema.json
6:      "description": "组件唯一 id，主要用于页面设计器中定位 json 节点"
10:      "description": "容器 css 类名"
14:      "description": "配合 definitions 一起使用，可以实现无限循环的渲染器。"
18:      "description": "是否禁用",
23:      "description": "是否禁用表达式"
27:      "description": "是否隐藏"
31:      "description": "是否隐藏表达式"
35:      "description": "是否显示"
39:      "description": "是否显示表达式"
43:      "description": "组件唯一 id，主要用于日志采集"
71:      "description": "事件动作配置"
75:      "description": "是否静态展示"
79:      "description": "是否静态展示表达式"
83:      "description": "静态展示空值占位"
87:      "description": "静态展示表单项类名"
91:      "description": "静态展示表单项Label类名"
95:      "description": "静态展示表单项Value类名"
100:      "description": "组件样式"
107:          "description": "组件行为、用途，如 create、update、remove"
111:          "description": "组件名称，通常是业务名称方便定位"
114:          "description": "编辑器假数据，方便展示"
117:      "description": "编辑器配置，运行时可以忽略"
121:      "description": "可以组件级别用来关闭移动端样式"
145:      "description": "通过控制layout属性的顺序，调整分页结构 total,perPage,pager,go",
150:      "description": "最多显示多少个分页按钮。",
155:      "description": "模式，默认normal，如果只想简单显示可以配置成 `simple`。",
160:      "description": "当前页数"
164:      "description": "总条数"
168:      "description": "每页显示条数",
173:      "description": "是否展示分页切换，也同时受layout控制",
181:      "description": "指定每页可以显示多少条",
191:      "description": "是否显示快速跳转输入框",
199:      "description": "弹层挂载节点",
------------------------------------
⚠️  Chinese characters found in: output/PaginationWrapperSchema.json
6:      "description": "组件唯一 id，主要用于页面设计器中定位 json 节点"
10:      "description": "容器 css 类名"
14:      "description": "配合 definitions 一起使用，可以实现无限循环的渲染器。"
18:      "description": "是否禁用"
22:      "description": "是否禁用表达式"
26:      "description": "是否隐藏"
30:      "description": "是否隐藏表达式"
34:      "description": "是否显示"
38:      "description": "是否显示表达式"
42:      "description": "组件唯一 id，主要用于日志采集"
70:      "description": "事件动作配置"
74:      "description": "是否静态展示"
78:      "description": "是否静态展示表达式"
82:      "description": "静态展示空值占位"
86:      "description": "静态展示表单项类名"
90:      "description": "静态展示表单项Label类名"
94:      "description": "静态展示表单项Value类名"
99:      "description": "组件样式"
106:          "description": "组件行为、用途，如 create、update、remove"
110:          "description": "组件名称，通常是业务名称方便定位"
113:          "description": "编辑器假数据，方便展示"
116:      "description": "编辑器配置，运行时可以忽略"
120:      "description": "可以组件级别用来关闭移动端样式"
128:      "description": "指定为分页容器功能性渲染器"
135:      "description": "是否显示快速跳转输入框"
139:      "description": "最多显示多少个分页按钮。",
144:      "description": "输入字段名"
148:      "description": "输出字段名"
152:      "description": "每页显示多条数据。",
162:      "description": "分页显示位置，如果配置为 none 则需要自己在内容区域配置 pagination 组件，否则不显示。"
166:      "description": "内容区域"
173:  "description": "分页容器功能性渲染器。详情请见：https://aisuda.bce.baidu.com/amis/zh-CN/components/pagination-wrapper",
------------------------------------
⚠️  Chinese characters found in: output/PanelSchema.json
6:      "description": "组件唯一 id，主要用于页面设计器中定位 json 节点"
10:      "description": "容器 css 类名"
14:      "description": "配合 definitions 一起使用，可以实现无限循环的渲染器。"
18:      "description": "是否禁用"
22:      "description": "是否禁用表达式"
26:      "description": "是否隐藏"
30:      "description": "是否隐藏表达式"
34:      "description": "是否显示"
38:      "description": "是否显示表达式"
42:      "description": "组件唯一 id，主要用于日志采集"
70:      "description": "事件动作配置"
74:      "description": "是否静态展示"
78:      "description": "是否静态展示表达式"
82:      "description": "静态展示空值占位"
86:      "description": "静态展示表单项类名"
90:      "description": "静态展示表单项Label类名"
94:      "description": "静态展示表单项Value类名"
99:      "description": "组件样式"
106:          "description": "组件行为、用途，如 create、update、remove"
110:          "description": "组件名称，通常是业务名称方便定位"
113:          "description": "编辑器假数据，方便展示"
116:      "description": "编辑器配置，运行时可以忽略"
120:      "description": "可以组件级别用来关闭移动端样式"
128:      "description": "指定为Panel渲染器。"
138:      "description": "按钮集合"
142:      "description": "按钮集合外层类名"
146:      "description": "内容区域"
150:      "description": "配置 Body 容器 className"
154:      "description": "底部内容区域"
158:      "description": "配置 footer 容器 className"
162:      "description": "footer 和 actions 外层 div 类名。"
166:      "description": "头部内容, 和 title 二选一。"
170:      "description": "配置 header 容器 className"
174:      "description": "Panel 标题"
186:      "description": "固定底部, 想要把按钮固定在底部的时候配置。"
190:      "description": "\\ 可折叠。先简单实现一下"
199:      "description": "配置子表单项默认的展示方式。"
203:      "description": "如果是水平排版，这个属性可以细化水平排版的左右宽度占比。"
207:      "description": "外观配置的classname"
223:  "description": "Panel渲染器。 文档：https://aisuda.bce.baidu.com/amis/zh-CN/components/panel",
------------------------------------
⚠️  Chinese characters found in: output/PasswordSchema.json
6:      "description": "组件唯一 id，主要用于页面设计器中定位 json 节点"
10:      "description": "容器 css 类名"
14:      "description": "配合 definitions 一起使用，可以实现无限循环的渲染器。"
18:      "description": "是否禁用"
22:      "description": "是否禁用表达式"
26:      "description": "是否隐藏"
30:      "description": "是否隐藏表达式"
34:      "description": "是否显示"
38:      "description": "是否显示表达式"
42:      "description": "组件唯一 id，主要用于日志采集"
70:      "description": "事件动作配置"
74:      "description": "是否静态展示"
78:      "description": "是否静态展示表达式"
82:      "description": "静态展示空值占位"
86:      "description": "静态展示表单项类名"
90:      "description": "静态展示表单项Label类名"
94:      "description": "静态展示表单项Value类名"
99:      "description": "组件样式"
106:          "description": "组件行为、用途，如 create、update、remove"
110:          "description": "组件名称，通常是业务名称方便定位"
113:          "description": "编辑器假数据，方便展示"
116:      "description": "编辑器配置，运行时可以忽略"
120:      "description": "可以组件级别用来关闭移动端样式"
134:      "description": "打码模式的文本"
------------------------------------
⚠️  Chinese characters found in: output/PickerControlSchema.json
22:      "description": "选项集合"
33:      "description": "可用来通过 API 拉取 options。"
37:      "description": "默认选择选项第一个值。"
41:      "description": "用表达式来配置 source 接口初始要不要拉取"
45:      "description": "配置 source 接口初始拉不拉取。"
49:      "description": "是否为多选模式"
53:      "description": "单选模式：当用户选中某个选项时，选项中的 value 将被作为该表单项的值提交，否则，整个选项对象都会作为该表单项的值提交。 多选模式：选中的多个选项的 `value` 会通过 `delimiter` 连接起来，否则直接将以数组的形式提交值。"
57:      "description": "分割符"
61:      "description": "多选模式，值太多时是否避免折行"
65:      "description": "开启后将选中的选项 value 的值封装为数组，作为当前表单项的值。"
69:      "description": "是否可清除。"
73:      "description": "点清除按钮时，将表单项设置成当前配置的值。",
78:      "description": "懒加载字段"
89:      "description": "延时加载的 API，当选项中有 defer: true 的选项时，点开会通过此接口扩充。"
100:      "description": "添加时调用的接口"
107:      "description": "新增时的表单项。"
111:      "description": "控制新增弹框设置项"
115:      "description": "是否可以新增"
119:      "description": "新增文字"
123:      "description": "是否可以编辑"
134:      "description": "编辑时调用的 API"
141:      "description": "选项修改的表单项"
145:      "description": "控制编辑弹框设置项"
149:      "description": "是否可删除"
160:      "description": "选项删除 API"
164:      "description": "选项删除提示文字。"
175:      "description": "表单项大小"
187:      "description": "描述标题"
191:      "description": "描述标题"
198:      "description": "label自定义宽度，默认单位为px"
202:      "description": "配置 label className"
206:      "description": "字段名，表单提交时的 key，支持多层级，用.连接，如： a.b.c"
210:      "description": "额外的字段名，当为范围组件时可以用来将另外一个值打平出来"
214:      "description": "输入提示，聚焦的时候显示"
218:      "description": "当修改完的时候是否提交表单。"
222:      "description": "是否只读"
226:      "description": "只读条件"
230:      "description": "不设置时，当表单提交过后表单项每次修改都会触发重新验证， 如果设置了，则由此配置项来决定要不要每次修改都触发验证。"
234:      "description": "描述内容，支持 Html 片段。"
241:      "description": "配置描述上的 className"
250:      "description": "配置当前表单项展示模式"
254:      "description": "当配置为水平布局的时候，用来配置具体的左右分配。"
258:      "description": "表单 control 是否为 inline 模式。"
262:      "description": "配置 input className"
266:      "description": "占位符"
270:      "description": "是否为必填"
369:      "description": "验证失败的提示信息"
381:              "description": "是否是字母"
385:              "description": "是否为字母数字"
389:              "description": "是否为邮箱地址"
393:              "description": "是否为浮点型"
397:              "description": "是否为整型"
401:              "description": "是否为 json"
405:              "description": "长度等于指定值"
409:              "description": "是否为数字"
413:              "description": "是否为必填"
417:              "description": "是否为 URL 地址"
421:              "description": "内容命中指定正则"
425:              "description": "内容命中指定正则"
429:              "description": "内容命中指定正则"
433:              "description": "内容命中指定正则"
437:              "description": "内容命中指定正则"
441:              "description": "内容命中指定正则"
445:              "description": "最大长度为指定值"
449:              "description": "最大值为指定值"
453:              "description": "最小长度为指定值"
457:              "description": "最小值为指定值"
471:              "description": "和目标日期相同，支持指定粒度，默认到毫秒"
485:              "description": "早于目标日期，支持指定粒度，默认到毫秒"
499:              "description": "晚于目标日期，支持指定粒度，默认到毫秒"
513:              "description": "早于目标日期或和目标日期相同，支持指定粒度，默认到毫秒"
527:              "description": "晚于目标日期或和目标日期相同，支持指定粒度，默认到毫秒"
541:              "description": "日期处于目标日期范围，支持指定粒度和区间的开闭形式，默认到毫秒, 左右开区间"
555:              "description": "和目标时间相同，支持指定粒度，默认到毫秒"
569:              "description": "早于目标时间，支持指定粒度，默认到毫秒"
583:              "description": "晚于目标时间，支持指定粒度，默认到毫秒"
597:              "description": "早于目标时间或和目标时间相同，支持指定粒度，默认到毫秒"
611:              "description": "晚于目标时间或和目标时间相同，支持指定粒度，默认到毫秒"
625:              "description": "时间处于目标时间范围，支持指定粒度和区间的开闭形式，默认到毫秒, 左右开区间"
632:      "description": "默认值，切记只能是静态值，不支持取变量，跟数据关联是通过设置 name 属性来实现的。"
636:      "description": "表单项隐藏时，是否在当前 Form 中删除掉该表单项值。注意同名的未隐藏的表单项值也会删掉"
647:      "description": "远端校验表单项接口"
662:              "description": "是否为参照录入模式，参照录入会展示候选值供用户选择，而不是直接填充。"
665:              "description": "参照录入时，默认选中的值"
676:              "description": "自动填充 api"
680:              "description": "是否展示数据格式错误提示，默认为不展示",
685:              "description": "填充时的数据映射"
694:              "description": "触发条件，默认为 change"
703:              "description": "弹窗方式，当为参照录入时用可以配置"
707:              "description": "当参照录入为抽屉时可以配置弹出位置"
711:              "description": "当为参照录入时可以配置弹出容器的大小"
716:              "description": "参照录入展示的项"
719:              "description": "参照录入时的过滤条件"
725:      "description": "自动填充，当选项被选择的时候，将选项中的其他值同步设置到表单内。"
743:      "description": "组件唯一 id，主要用于页面设计器中定位 json 节点"
747:      "description": "容器 css 类名"
751:      "description": "配合 definitions 一起使用，可以实现无限循环的渲染器。"
755:      "description": "是否禁用"
759:      "description": "是否禁用表达式"
763:      "description": "是否隐藏"
767:      "description": "是否隐藏表达式"
771:      "description": "是否显示"
775:      "description": "是否显示表达式"
779:      "description": "组件唯一 id，主要用于日志采集"
807:      "description": "事件动作配置"
811:      "description": "是否静态展示"
815:      "description": "是否静态展示表达式"
819:      "description": "静态展示空值占位"
823:      "description": "静态展示表单项类名"
827:      "description": "静态展示表单项Label类名"
831:      "description": "静态展示表单项Value类名"
836:      "description": "组件样式"
843:          "description": "组件行为、用途，如 create、update、remove"
847:          "description": "组件名称，通常是业务名称方便定位"
850:          "description": "编辑器假数据，方便展示"
853:      "description": "编辑器配置，运行时可以忽略"
857:      "description": "可以组件级别用来关闭移动端样式"
864:      "description": "显示一个小图标, 鼠标放上去的时候显示提示内容"
868:      "description": "显示一个小图标, 鼠标放上去的时候显示提示内容, 这个小图标跟 label 在一起"
873:      "description": "表单项类型"
877:      "description": "可用来生成选中的值的描述文字"
881:      "description": "建议用 labelTpl 选中一个字段名用来作为值的描述文字"
885:      "description": "选一个可以用来作为值的字段。"
888:      "description": "弹窗选择框详情。"
896:      "description": "弹窗模式，dialog 或者 drawer"
900:      "description": "弹窗的标题，默认为情选择"
904:      "description": "内嵌模式，也就是说不弹框了。"
911:          "description": "标签的最大展示数量，超出数量后以收纳浮层的方式展示，仅在多选模式开启后生效"
922:          "description": "开启最大标签展示数量后，收纳标签生效的位置，未开启内嵌模式默认为选择器, 开启后默认为选择器 + 模态框，可选值为'select'(选择器)、'crud'(增删改查)"
926:          "description": "开启最大标签展示数量后，选择器内收纳标签的Popover配置"
930:          "description": "开启最大标签展示数量后，CRUD顶部内收纳标签的Popover配置"
934:      "description": "开启最大标签展示数量的相关配置"
942:  "description": "Picker 文档：https://aisuda.bce.baidu.com/amis/zh-CN/components/form/picker",
------------------------------------
⚠️  Chinese characters found in: output/PlainSchema.json
6:      "description": "组件唯一 id，主要用于页面设计器中定位 json 节点"
10:      "description": "容器 css 类名"
14:      "description": "配合 definitions 一起使用，可以实现无限循环的渲染器。"
18:      "description": "是否禁用"
22:      "description": "是否禁用表达式"
26:      "description": "是否隐藏"
30:      "description": "是否隐藏表达式"
34:      "description": "是否显示"
38:      "description": "是否显示表达式"
42:      "description": "组件唯一 id，主要用于日志采集"
70:      "description": "事件动作配置"
74:      "description": "是否静态展示"
78:      "description": "是否静态展示表达式"
82:      "description": "静态展示空值占位"
86:      "description": "静态展示表单项类名"
90:      "description": "静态展示表单项Label类名"
94:      "description": "静态展示表单项Value类名"
99:      "description": "组件样式"
106:          "description": "组件行为、用途，如 create、update、remove"
110:          "description": "组件名称，通常是业务名称方便定位"
113:          "description": "编辑器假数据，方便展示"
116:      "description": "编辑器配置，运行时可以忽略"
120:      "description": "可以组件级别用来关闭移动端样式"
131:      "description": "指定为模板渲染器。\n\n文档：https://aisuda.bce.baidu.com/amis/zh-CN/docs/concepts/template"
144:      "description": "是否内联显示？"
148:      "description": "占位符"
155:  "description": "Plain 纯文本渲染器 文档：https://aisuda.bce.baidu.com/amis/zh-CN/components/plain",
------------------------------------
⚠️  Chinese characters found in: output/PortletSchema.json
9:      "description": "组件唯一 id，主要用于页面设计器中定位 json 节点"
13:      "description": "容器 css 类名"
17:      "description": "配合 definitions 一起使用，可以实现无限循环的渲染器。"
21:      "description": "是否禁用"
25:      "description": "是否禁用表达式"
29:      "description": "是否隐藏"
33:      "description": "是否隐藏表达式"
37:      "description": "是否显示"
41:      "description": "是否显示表达式"
45:      "description": "组件唯一 id，主要用于日志采集"
73:      "description": "事件动作配置"
77:      "description": "是否静态展示"
81:      "description": "是否静态展示表达式"
85:      "description": "静态展示空值占位"
89:      "description": "静态展示表单项类名"
93:      "description": "静态展示表单项Label类名"
97:      "description": "静态展示表单项Value类名"
102:      "description": "自定义样式"
109:          "description": "组件行为、用途，如 create、update、remove"
113:          "description": "组件名称，通常是业务名称方便定位"
116:          "description": "编辑器假数据，方便展示"
119:      "description": "编辑器配置，运行时可以忽略"
123:      "description": "可以组件级别用来关闭移动端样式"
131:      "description": "指定为 portlet 类型"
141:      "description": "关联已有数据，选项卡直接根据目标数据重复。"
145:      "description": "类名"
157:      "description": "展示形式"
161:      "description": "内容类名"
165:      "description": "链接外层类名"
169:      "description": "卡片是否只有在点开的时候加载？"
173:      "description": "卡片隐藏的时候是否销毁卡片内容"
180:      "description": "可以在右侧配置点其他功能按钮。不会随着tab切换"
184:      "description": "是否支持溢出滚动"
188:      "description": "header和内容是否展示分割线"
192:      "description": "标题右侧的描述"
196:      "description": "隐藏头部"
------------------------------------
⚠️  Chinese characters found in: output/PortletTabSchema.json
9:      "description": "组件唯一 id，主要用于页面设计器中定位 json 节点"
13:      "description": "容器 css 类名"
17:      "description": "配合 definitions 一起使用，可以实现无限循环的渲染器。"
21:      "description": "是否禁用"
25:      "description": "是否禁用表达式"
29:      "description": "是否隐藏"
33:      "description": "是否隐藏表达式"
37:      "description": "是否显示"
41:      "description": "是否显示表达式"
45:      "description": "组件唯一 id，主要用于日志采集"
73:      "description": "事件动作配置"
77:      "description": "是否静态展示"
81:      "description": "是否静态展示表达式"
85:      "description": "静态展示空值占位"
89:      "description": "静态展示表单项类名"
93:      "description": "静态展示表单项Label类名"
97:      "description": "静态展示表单项Value类名"
102:      "description": "组件样式"
109:          "description": "组件行为、用途，如 create、update、remove"
113:          "description": "组件名称，通常是业务名称方便定位"
116:          "description": "编辑器假数据，方便展示"
119:      "description": "编辑器配置，运行时可以忽略"
123:      "description": "可以组件级别用来关闭移动端样式"
130:      "description": "Tab 标题"
134:      "description": "内容"
141:      "description": "可以在右侧配置点其他功能按钮，随着tab切换而切换"
145:      "description": "内容"
149:      "description": "按钮图标"
160:      "description": "设置以后内容每次都会重新渲染"
164:      "description": "点开时才加载卡片内容"
168:      "description": "卡片隐藏就销毁卡片节点。"
172:  "description": "栏目容器渲染器。 文档：https://aisuda.bce.baidu.com/amis/zh-CN/components/portlet",
------------------------------------
⚠️  Chinese characters found in: output/ProgressSchema.json
6:      "description": "组件唯一 id，主要用于页面设计器中定位 json 节点"
10:      "description": "容器 css 类名"
14:      "description": "配合 definitions 一起使用，可以实现无限循环的渲染器。"
18:      "description": "是否禁用"
22:      "description": "是否禁用表达式"
26:      "description": "是否隐藏"
30:      "description": "是否隐藏表达式"
34:      "description": "是否显示"
38:      "description": "是否显示表达式"
42:      "description": "组件唯一 id，主要用于日志采集"
70:      "description": "事件动作配置"
74:      "description": "是否静态展示"
78:      "description": "是否静态展示表达式"
82:      "description": "静态展示空值占位"
86:      "description": "静态展示表单项类名"
90:      "description": "静态展示表单项Label类名"
94:      "description": "静态展示表单项Value类名"
99:      "description": "组件样式"
106:          "description": "组件行为、用途，如 create、update、remove"
110:          "description": "组件名称，通常是业务名称方便定位"
113:          "description": "编辑器假数据，方便展示"
116:      "description": "编辑器配置，运行时可以忽略"
120:      "description": "可以组件级别用来关闭移动端样式"
134:      "description": "关联字段名"
138:      "description": "进度值"
147:      "description": "进度条类型"
151:      "description": "进度条 CSS 类名"
155:      "description": "配置不同的值段，用不同的样式提示用户"
159:      "description": "是否显示值"
163:      "description": "占位符"
167:      "description": "是否显示背景间隔"
171:      "description": "是否显示动画（只有在开启的时候才能看出来）"
175:      "description": "进度条线的宽度"
179:      "description": "仪表盘进度条缺口角度，可取值 0 ~ 295"
189:      "description": "仪表盘进度条缺口位置"
193:      "description": "内容的模板函数"
231:      "description": "阈值"
235:      "description": "是否显示阈值数值"
244:  "description": "进度展示控件。 文档：https://aisuda.bce.baidu.com/amis/zh-CN/components/progress",
------------------------------------
⚠️  Chinese characters found in: output/QRCodeSchema.json
6:      "description": "组件唯一 id，主要用于页面设计器中定位 json 节点"
10:      "description": "容器 css 类名"
14:      "description": "配合 definitions 一起使用，可以实现无限循环的渲染器。"
18:      "description": "是否禁用"
22:      "description": "是否禁用表达式"
26:      "description": "是否隐藏"
30:      "description": "是否隐藏表达式"
34:      "description": "是否显示"
38:      "description": "是否显示表达式"
42:      "description": "组件唯一 id，主要用于日志采集"
70:      "description": "事件动作配置"
74:      "description": "是否静态展示"
78:      "description": "是否静态展示表达式"
82:      "description": "静态展示空值占位"
86:      "description": "静态展示表单项类名"
90:      "description": "静态展示表单项Label类名"
94:      "description": "静态展示表单项Value类名"
99:      "description": "组件样式"
106:          "description": "组件行为、用途，如 create、update、remove"
110:          "description": "组件名称，通常是业务名称方便定位"
113:          "description": "编辑器假数据，方便展示"
116:      "description": "编辑器配置，运行时可以忽略"
120:      "description": "可以组件级别用来关闭移动端样式"
137:      "description": "关联字段名。"
141:      "description": "css 类名"
145:      "description": "二维码的宽高大小，默认 128",
150:      "description": "背景色"
154:      "description": "前景色"
164:      "description": "二维码复杂级别"
168:      "description": "占位符"
172:      "description": "图片配置"
180:      "description": "渲染模式"
187:  "description": "二维码展示控件。 文档：https://aisuda.bce.baidu.com/amis/zh-CN/components/qrcode",
------------------------------------
⚠️  Chinese characters found in: output/QuarterControlSchema.json
6:      "description": "组件唯一 id，主要用于页面设计器中定位 json 节点"
10:      "description": "容器 css 类名"
14:      "description": "配合 definitions 一起使用，可以实现无限循环的渲染器。"
18:      "description": "是否禁用"
22:      "description": "是否禁用表达式"
26:      "description": "是否隐藏"
30:      "description": "是否隐藏表达式"
34:      "description": "是否显示"
38:      "description": "是否显示表达式"
42:      "description": "组件唯一 id，主要用于日志采集"
70:      "description": "事件动作配置"
74:      "description": "是否静态展示"
78:      "description": "是否静态展示表达式"
82:      "description": "静态展示空值占位"
86:      "description": "静态展示表单项类名"
90:      "description": "静态展示表单项Label类名"
94:      "description": "静态展示表单项Value类名"
99:      "description": "组件样式"
106:          "description": "组件行为、用途，如 create、update、remove"
110:          "description": "组件名称，通常是业务名称方便定位"
113:          "description": "编辑器假数据，方便展示"
116:      "description": "编辑器配置，运行时可以忽略"
120:      "description": "可以组件级别用来关闭移动端样式"
134:      "description": "表单项大小"
146:      "description": "描述标题"
150:      "description": "描述标题"
157:      "description": "label自定义宽度，默认单位为px"
161:      "description": "配置 label className"
165:      "description": "字段名，表单提交时的 key，支持多层级，用.连接，如： a.b.c"
169:      "description": "额外的字段名，当为范围组件时可以用来将另外一个值打平出来"
173:      "description": "显示一个小图标, 鼠标放上去的时候显示提示内容"
177:      "description": "显示一个小图标, 鼠标放上去的时候显示提示内容, 这个小图标跟 label 在一起"
181:      "description": "输入提示，聚焦的时候显示"
185:      "description": "当修改完的时候是否提交表单。"
189:      "description": "是否只读"
193:      "description": "只读条件"
197:      "description": "不设置时，当表单提交过后表单项每次修改都会触发重新验证， 如果设置了，则由此配置项来决定要不要每次修改都触发验证。"
201:      "description": "描述内容，支持 Html 片段。"
208:      "description": "配置描述上的 className"
217:      "description": "配置当前表单项展示模式"
221:      "description": "当配置为水平布局的时候，用来配置具体的左右分配。"
225:      "description": "表单 control 是否为 inline 模式。"
229:      "description": "配置 input className"
233:      "description": "占位符"
237:      "description": "是否为必填"
336:      "description": "验证失败的提示信息"
348:              "description": "是否是字母"
352:              "description": "是否为字母数字"
356:              "description": "是否为邮箱地址"
360:              "description": "是否为浮点型"
364:              "description": "是否为整型"
368:              "description": "是否为 json"
372:              "description": "长度等于指定值"
376:              "description": "是否为数字"
380:              "description": "是否为必填"
384:              "description": "是否为 URL 地址"
388:              "description": "内容命中指定正则"
392:              "description": "内容命中指定正则"
396:              "description": "内容命中指定正则"
400:              "description": "内容命中指定正则"
404:              "description": "内容命中指定正则"
408:              "description": "内容命中指定正则"
412:              "description": "最大长度为指定值"
416:              "description": "最大值为指定值"
420:              "description": "最小长度为指定值"
424:              "description": "最小值为指定值"
438:              "description": "和目标日期相同，支持指定粒度，默认到毫秒"
452:              "description": "早于目标日期，支持指定粒度，默认到毫秒"
466:              "description": "晚于目标日期，支持指定粒度，默认到毫秒"
480:              "description": "早于目标日期或和目标日期相同，支持指定粒度，默认到毫秒"
494:              "description": "晚于目标日期或和目标日期相同，支持指定粒度，默认到毫秒"
508:              "description": "日期处于目标日期范围，支持指定粒度和区间的开闭形式，默认到毫秒, 左右开区间"
522:              "description": "和目标时间相同，支持指定粒度，默认到毫秒"
536:              "description": "早于目标时间，支持指定粒度，默认到毫秒"
550:              "description": "晚于目标时间，支持指定粒度，默认到毫秒"
564:              "description": "早于目标时间或和目标时间相同，支持指定粒度，默认到毫秒"
578:              "description": "晚于目标时间或和目标时间相同，支持指定粒度，默认到毫秒"
592:              "description": "时间处于目标时间范围，支持指定粒度和区间的开闭形式，默认到毫秒, 左右开区间"
599:      "description": "默认值，切记只能是静态值，不支持取变量，跟数据关联是通过设置 name 属性来实现的。"
603:      "description": "表单项隐藏时，是否在当前 Form 中删除掉该表单项值。注意同名的未隐藏的表单项值也会删掉"
614:      "description": "远端校验表单项接口"
629:              "description": "是否为参照录入模式，参照录入会展示候选值供用户选择，而不是直接填充。"
632:              "description": "参照录入时，默认选中的值"
643:              "description": "自动填充 api"
647:              "description": "是否展示数据格式错误提示，默认为不展示",
652:              "description": "填充时的数据映射"
661:              "description": "触发条件，默认为 change"
670:              "description": "弹窗方式，当为参照录入时用可以配置"
674:              "description": "当参照录入为抽屉时可以配置弹出位置"
678:              "description": "当为参照录入时可以配置弹出容器的大小"
683:              "description": "参照录入展示的项"
686:              "description": "参照录入时的过滤条件"
692:      "description": "自动填充，当选项被选择的时候，将选项中的其他值同步设置到表单内。"
711:      "description": "指定为月份时间选择控件"
715:      "description": "是否显示清除按钮"
719:      "description": "月份存储格式"
723:      "description": "替代format"
727:      "description": "月份展示格式"
731:      "description": "日期展示格式(新：替代inputFormat)"
735:      "description": "设定是否存储 utc 时间。"
739:      "description": "是否为内联模式？"
748:      "description": "边框模式，全边框，还是半边框，或者没边框。"
762:      "description": "日期快捷键"
766:      "description": "字符串函数，用来决定是否禁用某个日期。\n\n(currentDate: moment.Moment, props: any) => boolean;"
776:  "description": "季度选择控件",
------------------------------------
⚠️  Chinese characters found in: output/QuarterRangeControlSchema.json
6:      "description": "分割符, 因为有两个值，开始时间和结束时间，所以要有连接符。默认为英文逗号。"
10:      "description": "默认 `X` 即时间戳格式，用来提交的时间格式。更多格式类型请参考 moment."
14:      "description": "用来提交的时间格式。更多格式类型请参考 moment.（新：同format）"
18:      "description": "默认 `YYYY-MM-DD` 用来配置显示的时间格式。"
22:      "description": "用来配置显示的时间格式（新：同inputFormat）"
26:      "description": "开启后将选中的选项 value 的值用连接符拼接起来，作为当前表单项的值。如： `value1,value2` 否则为 `[value1, value2]`"
30:      "description": "最大日期限制，支持变量 $xxx 来取值，或者用相对值如：* `-2mins` 2分钟前\\n * `+2days` 2天后\\n* `-10week` 十周前\\n可用单位： `min`、`hour`、`day`、`week`、`month`、`year`。所有单位支持复数形式。"
34:      "description": "最小日期限制，支持变量 $xxx 来取值，或者用相对值如：* `-2mins` 2分钟前\\n * `+2days` 2天后\\n* `-10week` 十周前\\n可用单位： `min`、`hour`、`day`、`week`、`month`、`year`。所有单位支持复数形式。"
38:      "description": "最大跨度，比如 2days"
42:      "description": "最小跨度，比如 2days"
45:      "description": "这里面 value 需要特殊说明一下，因为支持相对值。* `-2mins` 2分钟前\\n * `+2days` 2天后\\n* `-10week` 十周前\\n可用单位： `min`、`hour`、`day`、`week`、`month`、`year`。所有单位支持复数形式。"
54:      "description": "边框模式，全边框，还是半边框，或者没边框。"
58:      "description": "开启后变成非弹出模式，即内联模式。"
72:      "description": "日期范围快捷键"
86:      "description": "日期范围快捷键"
90:      "description": "日期范围开始时间-占位符"
94:      "description": "日期范围结束时间-占位符"
98:      "description": "是否启用游标动画，默认开启"
102:      "description": "日期数据处理函数，用来处理选择日期之后的的值\n\n(value: moment.Moment, config: {type: 'start' | 'end'; originValue: moment.Moment, timeFormat: string}, props: any, data: any, moment: moment) => moment.Moment;"
106:      "description": "弹窗容器选择器"
110:      "description": "显示一个小图标, 鼠标放上去的时候显示提示内容"
114:      "description": "显示一个小图标, 鼠标放上去的时候显示提示内容, 这个小图标跟 label 在一起"
125:      "description": "表单项大小"
137:      "description": "描述标题"
141:      "description": "描述标题"
148:      "description": "label自定义宽度，默认单位为px"
152:      "description": "配置 label className"
156:      "description": "字段名，表单提交时的 key，支持多层级，用.连接，如： a.b.c"
160:      "description": "额外的字段名，当为范围组件时可以用来将另外一个值打平出来"
164:      "description": "输入提示，聚焦的时候显示"
168:      "description": "当修改完的时候是否提交表单。"
172:      "description": "是否只读"
176:      "description": "只读条件"
180:      "description": "不设置时，当表单提交过后表单项每次修改都会触发重新验证， 如果设置了，则由此配置项来决定要不要每次修改都触发验证。"
184:      "description": "描述内容，支持 Html 片段。"
191:      "description": "配置描述上的 className"
200:      "description": "配置当前表单项展示模式"
204:      "description": "当配置为水平布局的时候，用来配置具体的左右分配。"
208:      "description": "表单 control 是否为 inline 模式。"
212:      "description": "配置 input className"
216:      "description": "占位符"
220:      "description": "是否为必填"
319:      "description": "验证失败的提示信息"
331:              "description": "是否是字母"
335:              "description": "是否为字母数字"
339:              "description": "是否为邮箱地址"
343:              "description": "是否为浮点型"
347:              "description": "是否为整型"
351:              "description": "是否为 json"
355:              "description": "长度等于指定值"
359:              "description": "是否为数字"
363:              "description": "是否为必填"
367:              "description": "是否为 URL 地址"
371:              "description": "内容命中指定正则"
375:              "description": "内容命中指定正则"
379:              "description": "内容命中指定正则"
383:              "description": "内容命中指定正则"
387:              "description": "内容命中指定正则"
391:              "description": "内容命中指定正则"
395:              "description": "最大长度为指定值"
399:              "description": "最大值为指定值"
403:              "description": "最小长度为指定值"
407:              "description": "最小值为指定值"
421:              "description": "和目标日期相同，支持指定粒度，默认到毫秒"
435:              "description": "早于目标日期，支持指定粒度，默认到毫秒"
449:              "description": "晚于目标日期，支持指定粒度，默认到毫秒"
463:              "description": "早于目标日期或和目标日期相同，支持指定粒度，默认到毫秒"
477:              "description": "晚于目标日期或和目标日期相同，支持指定粒度，默认到毫秒"
491:              "description": "日期处于目标日期范围，支持指定粒度和区间的开闭形式，默认到毫秒, 左右开区间"
505:              "description": "和目标时间相同，支持指定粒度，默认到毫秒"
519:              "description": "早于目标时间，支持指定粒度，默认到毫秒"
533:              "description": "晚于目标时间，支持指定粒度，默认到毫秒"
547:              "description": "早于目标时间或和目标时间相同，支持指定粒度，默认到毫秒"
561:              "description": "晚于目标时间或和目标时间相同，支持指定粒度，默认到毫秒"
575:              "description": "时间处于目标时间范围，支持指定粒度和区间的开闭形式，默认到毫秒, 左右开区间"
583:      "description": "表单项隐藏时，是否在当前 Form 中删除掉该表单项值。注意同名的未隐藏的表单项值也会删掉"
594:      "description": "远端校验表单项接口"
609:              "description": "是否为参照录入模式，参照录入会展示候选值供用户选择，而不是直接填充。"
612:              "description": "参照录入时，默认选中的值"
623:              "description": "自动填充 api"
627:              "description": "是否展示数据格式错误提示，默认为不展示",
632:              "description": "填充时的数据映射"
641:              "description": "触发条件，默认为 change"
650:              "description": "弹窗方式，当为参照录入时用可以配置"
654:              "description": "当参照录入为抽屉时可以配置弹出位置"
658:              "description": "当为参照录入时可以配置弹出容器的大小"
663:              "description": "参照录入展示的项"
666:              "description": "参照录入时的过滤条件"
672:      "description": "自动填充，当选项被选择的时候，将选项中的其他值同步设置到表单内。"
690:      "description": "组件唯一 id，主要用于页面设计器中定位 json 节点"
694:      "description": "容器 css 类名"
698:      "description": "配合 definitions 一起使用，可以实现无限循环的渲染器。"
702:      "description": "是否禁用"
706:      "description": "是否禁用表达式"
710:      "description": "是否隐藏"
714:      "description": "是否隐藏表达式"
718:      "description": "是否显示"
722:      "description": "是否显示表达式"
726:      "description": "组件唯一 id，主要用于日志采集"
754:      "description": "事件动作配置"
758:      "description": "是否静态展示"
762:      "description": "是否静态展示表达式"
766:      "description": "静态展示空值占位"
770:      "description": "静态展示表单项类名"
774:      "description": "静态展示表单项Label类名"
778:      "description": "静态展示表单项Value类名"
783:      "description": "组件样式"
790:          "description": "组件行为、用途，如 create、update、remove"
794:          "description": "组件名称，通常是业务名称方便定位"
797:          "description": "编辑器假数据，方便展示"
800:      "description": "编辑器配置，运行时可以忽略"
804:      "description": "可以组件级别用来关闭移动端样式"
818:  "description": "QuarterRange 季度范围控件 文档：https://aisuda.bce.baidu.com/amis/zh-CN/components/form/input-quarter-range",
------------------------------------
⚠️  Chinese characters found in: output/RadioControlSchema.json
6:      "description": "组件唯一 id，主要用于页面设计器中定位 json 节点"
10:      "description": "容器 css 类名"
14:      "description": "配合 definitions 一起使用，可以实现无限循环的渲染器。"
18:      "description": "是否禁用"
22:      "description": "是否禁用表达式"
26:      "description": "是否隐藏"
30:      "description": "是否隐藏表达式"
34:      "description": "是否显示"
38:      "description": "是否显示表达式"
42:      "description": "组件唯一 id，主要用于日志采集"
70:      "description": "事件动作配置"
74:      "description": "是否静态展示"
78:      "description": "是否静态展示表达式"
82:      "description": "静态展示空值占位"
86:      "description": "静态展示表单项类名"
90:      "description": "静态展示表单项Label类名"
94:      "description": "静态展示表单项Value类名"
99:      "description": "组件样式"
106:          "description": "组件行为、用途，如 create、update、remove"
110:          "description": "组件名称，通常是业务名称方便定位"
113:          "description": "编辑器假数据，方便展示"
116:      "description": "编辑器配置，运行时可以忽略"
120:      "description": "可以组件级别用来关闭移动端样式"
134:      "description": "表单项大小"
146:      "description": "描述标题"
150:      "description": "描述标题"
157:      "description": "label自定义宽度，默认单位为px"
161:      "description": "配置 label className"
165:      "description": "字段名，表单提交时的 key，支持多层级，用.连接，如： a.b.c"
169:      "description": "额外的字段名，当为范围组件时可以用来将另外一个值打平出来"
173:      "description": "显示一个小图标, 鼠标放上去的时候显示提示内容"
177:      "description": "显示一个小图标, 鼠标放上去的时候显示提示内容, 这个小图标跟 label 在一起"
181:      "description": "输入提示，聚焦的时候显示"
185:      "description": "当修改完的时候是否提交表单。"
189:      "description": "是否只读"
193:      "description": "只读条件"
197:      "description": "不设置时，当表单提交过后表单项每次修改都会触发重新验证， 如果设置了，则由此配置项来决定要不要每次修改都触发验证。"
201:      "description": "描述内容，支持 Html 片段。"
208:      "description": "配置描述上的 className"
217:      "description": "配置当前表单项展示模式"
221:      "description": "当配置为水平布局的时候，用来配置具体的左右分配。"
225:      "description": "表单 control 是否为 inline 模式。"
229:      "description": "配置 input className"
233:      "description": "占位符"
237:      "description": "是否为必填"
336:      "description": "验证失败的提示信息"
348:              "description": "是否是字母"
352:              "description": "是否为字母数字"
356:              "description": "是否为邮箱地址"
360:              "description": "是否为浮点型"
364:              "description": "是否为整型"
368:              "description": "是否为 json"
372:              "description": "长度等于指定值"
376:              "description": "是否为数字"
380:              "description": "是否为必填"
384:              "description": "是否为 URL 地址"
388:              "description": "内容命中指定正则"
392:              "description": "内容命中指定正则"
396:              "description": "内容命中指定正则"
400:              "description": "内容命中指定正则"
404:              "description": "内容命中指定正则"
408:              "description": "内容命中指定正则"
412:              "description": "最大长度为指定值"
416:              "description": "最大值为指定值"
420:              "description": "最小长度为指定值"
424:              "description": "最小值为指定值"
438:              "description": "和目标日期相同，支持指定粒度，默认到毫秒"
452:              "description": "早于目标日期，支持指定粒度，默认到毫秒"
466:              "description": "晚于目标日期，支持指定粒度，默认到毫秒"
480:              "description": "早于目标日期或和目标日期相同，支持指定粒度，默认到毫秒"
494:              "description": "晚于目标日期或和目标日期相同，支持指定粒度，默认到毫秒"
508:              "description": "日期处于目标日期范围，支持指定粒度和区间的开闭形式，默认到毫秒, 左右开区间"
522:              "description": "和目标时间相同，支持指定粒度，默认到毫秒"
536:              "description": "早于目标时间，支持指定粒度，默认到毫秒"
550:              "description": "晚于目标时间，支持指定粒度，默认到毫秒"
564:              "description": "早于目标时间或和目标时间相同，支持指定粒度，默认到毫秒"
578:              "description": "晚于目标时间或和目标时间相同，支持指定粒度，默认到毫秒"
592:              "description": "时间处于目标时间范围，支持指定粒度和区间的开闭形式，默认到毫秒, 左右开区间"
599:      "description": "默认值，切记只能是静态值，不支持取变量，跟数据关联是通过设置 name 属性来实现的。"
603:      "description": "表单项隐藏时，是否在当前 Form 中删除掉该表单项值。注意同名的未隐藏的表单项值也会删掉"
614:      "description": "远端校验表单项接口"
629:              "description": "是否为参照录入模式，参照录入会展示候选值供用户选择，而不是直接填充。"
632:              "description": "参照录入时，默认选中的值"
643:              "description": "自动填充 api"
647:              "description": "是否展示数据格式错误提示，默认为不展示",
652:              "description": "填充时的数据映射"
661:              "description": "触发条件，默认为 change"
670:              "description": "弹窗方式，当为参照录入时用可以配置"
674:              "description": "当参照录入为抽屉时可以配置弹出位置"
678:              "description": "当为参照录入时可以配置弹出容器的大小"
683:              "description": "参照录入展示的项"
686:              "description": "参照录入时的过滤条件"
692:      "description": "自动填充，当选项被选择的时候，将选项中的其他值同步设置到表单内。"
711:      "description": "指定为多行文本输入框"
719:      "description": "勾选值"
727:      "description": "未勾选值"
731:      "description": "选项说明"
735:      "description": "角标"
752:  "description": "Radio 单选框。 文档：https://aisuda.bce.baidu.com/amis/zh-CN/components/form/radios",
------------------------------------
⚠️  Chinese characters found in: output/RadiosControlSchema.json
22:      "description": "选项集合"
33:      "description": "可用来通过 API 拉取 options。"
37:      "description": "默认选择选项第一个值。"
41:      "description": "用表达式来配置 source 接口初始要不要拉取"
45:      "description": "配置 source 接口初始拉不拉取。"
49:      "description": "是否为多选模式"
53:      "description": "单选模式：当用户选中某个选项时，选项中的 value 将被作为该表单项的值提交，否则，整个选项对象都会作为该表单项的值提交。 多选模式：选中的多个选项的 `value` 会通过 `delimiter` 连接起来，否则直接将以数组的形式提交值。"
57:      "description": "分割符"
61:      "description": "多选模式，值太多时是否避免折行"
65:      "description": "开启后将选中的选项 value 的值封装为数组，作为当前表单项的值。"
69:      "description": "是否可清除。"
73:      "description": "点清除按钮时，将表单项设置成当前配置的值。",
78:      "description": "懒加载字段"
89:      "description": "延时加载的 API，当选项中有 defer: true 的选项时，点开会通过此接口扩充。"
100:      "description": "添加时调用的接口"
107:      "description": "新增时的表单项。"
111:      "description": "控制新增弹框设置项"
115:      "description": "是否可以新增"
119:      "description": "新增文字"
123:      "description": "是否可以编辑"
134:      "description": "编辑时调用的 API"
141:      "description": "选项修改的表单项"
145:      "description": "控制编辑弹框设置项"
149:      "description": "是否可删除"
160:      "description": "选项删除 API"
164:      "description": "选项删除提示文字。"
175:      "description": "表单项大小"
187:      "description": "描述标题"
191:      "description": "描述标题"
198:      "description": "label自定义宽度，默认单位为px"
202:      "description": "配置 label className"
206:      "description": "字段名，表单提交时的 key，支持多层级，用.连接，如： a.b.c"
210:      "description": "额外的字段名，当为范围组件时可以用来将另外一个值打平出来"
214:      "description": "输入提示，聚焦的时候显示"
218:      "description": "当修改完的时候是否提交表单。"
222:      "description": "是否只读"
226:      "description": "只读条件"
230:      "description": "不设置时，当表单提交过后表单项每次修改都会触发重新验证， 如果设置了，则由此配置项来决定要不要每次修改都触发验证。"
234:      "description": "描述内容，支持 Html 片段。"
241:      "description": "配置描述上的 className"
250:      "description": "配置当前表单项展示模式"
254:      "description": "当配置为水平布局的时候，用来配置具体的左右分配。"
258:      "description": "表单 control 是否为 inline 模式。"
262:      "description": "配置 input className"
266:      "description": "占位符"
270:      "description": "是否为必填"
369:      "description": "验证失败的提示信息"
381:              "description": "是否是字母"
385:              "description": "是否为字母数字"
389:              "description": "是否为邮箱地址"
393:              "description": "是否为浮点型"
397:              "description": "是否为整型"
401:              "description": "是否为 json"
405:              "description": "长度等于指定值"
409:              "description": "是否为数字"
413:              "description": "是否为必填"
417:              "description": "是否为 URL 地址"
421:              "description": "内容命中指定正则"
425:              "description": "内容命中指定正则"
429:              "description": "内容命中指定正则"
433:              "description": "内容命中指定正则"
437:              "description": "内容命中指定正则"
441:              "description": "内容命中指定正则"
445:              "description": "最大长度为指定值"
449:              "description": "最大值为指定值"
453:              "description": "最小长度为指定值"
457:              "description": "最小值为指定值"
471:              "description": "和目标日期相同，支持指定粒度，默认到毫秒"
485:              "description": "早于目标日期，支持指定粒度，默认到毫秒"
499:              "description": "晚于目标日期，支持指定粒度，默认到毫秒"
513:              "description": "早于目标日期或和目标日期相同，支持指定粒度，默认到毫秒"
527:              "description": "晚于目标日期或和目标日期相同，支持指定粒度，默认到毫秒"
541:              "description": "日期处于目标日期范围，支持指定粒度和区间的开闭形式，默认到毫秒, 左右开区间"
555:              "description": "和目标时间相同，支持指定粒度，默认到毫秒"
569:              "description": "早于目标时间，支持指定粒度，默认到毫秒"
583:              "description": "晚于目标时间，支持指定粒度，默认到毫秒"
597:              "description": "早于目标时间或和目标时间相同，支持指定粒度，默认到毫秒"
611:              "description": "晚于目标时间或和目标时间相同，支持指定粒度，默认到毫秒"
625:              "description": "时间处于目标时间范围，支持指定粒度和区间的开闭形式，默认到毫秒, 左右开区间"
632:      "description": "默认值，切记只能是静态值，不支持取变量，跟数据关联是通过设置 name 属性来实现的。"
636:      "description": "表单项隐藏时，是否在当前 Form 中删除掉该表单项值。注意同名的未隐藏的表单项值也会删掉"
647:      "description": "远端校验表单项接口"
662:              "description": "是否为参照录入模式，参照录入会展示候选值供用户选择，而不是直接填充。"
665:              "description": "参照录入时，默认选中的值"
676:              "description": "自动填充 api"
680:              "description": "是否展示数据格式错误提示，默认为不展示",
685:              "description": "填充时的数据映射"
694:              "description": "触发条件，默认为 change"
703:              "description": "弹窗方式，当为参照录入时用可以配置"
707:              "description": "当参照录入为抽屉时可以配置弹出位置"
711:              "description": "当为参照录入时可以配置弹出容器的大小"
716:              "description": "参照录入展示的项"
719:              "description": "参照录入时的过滤条件"
725:      "description": "自动填充，当选项被选择的时候，将选项中的其他值同步设置到表单内。"
743:      "description": "组件唯一 id，主要用于页面设计器中定位 json 节点"
747:      "description": "容器 css 类名"
751:      "description": "配合 definitions 一起使用，可以实现无限循环的渲染器。"
755:      "description": "是否禁用"
759:      "description": "是否禁用表达式"
763:      "description": "是否隐藏"
767:      "description": "是否隐藏表达式"
771:      "description": "是否显示"
775:      "description": "是否显示表达式"
779:      "description": "组件唯一 id，主要用于日志采集"
807:      "description": "事件动作配置"
811:      "description": "是否静态展示"
815:      "description": "是否静态展示表达式"
819:      "description": "静态展示空值占位"
823:      "description": "静态展示表单项类名"
827:      "description": "静态展示表单项Label类名"
831:      "description": "静态展示表单项Value类名"
836:      "description": "组件样式"
843:          "description": "组件行为、用途，如 create、update、remove"
847:          "description": "组件名称，通常是业务名称方便定位"
850:          "description": "编辑器假数据，方便展示"
853:      "description": "编辑器配置，运行时可以忽略"
857:      "description": "可以组件级别用来关闭移动端样式"
864:      "description": "显示一个小图标, 鼠标放上去的时候显示提示内容"
868:      "description": "显示一个小图标, 鼠标放上去的时候显示提示内容, 这个小图标跟 label 在一起"
873:      "description": "表单项类型"
877:      "description": "每行显示多少个"
884:  "description": "Radio 单选框。 文档：https://aisuda.bce.baidu.com/amis/zh-CN/components/form/radios",
------------------------------------
⚠️  Chinese characters found in: output/RangeControlSchema.json
6:      "description": "组件唯一 id，主要用于页面设计器中定位 json 节点"
10:      "description": "容器 css 类名"
14:      "description": "配合 definitions 一起使用，可以实现无限循环的渲染器。"
18:      "description": "是否禁用"
22:      "description": "是否禁用表达式"
26:      "description": "是否隐藏"
30:      "description": "是否隐藏表达式"
34:      "description": "是否显示"
38:      "description": "是否显示表达式"
42:      "description": "组件唯一 id，主要用于日志采集"
70:      "description": "事件动作配置"
74:      "description": "是否静态展示"
78:      "description": "是否静态展示表达式"
82:      "description": "静态展示空值占位"
86:      "description": "静态展示表单项类名"
90:      "description": "静态展示表单项Label类名"
94:      "description": "静态展示表单项Value类名"
99:      "description": "组件样式"
106:          "description": "组件行为、用途，如 create、update、remove"
110:          "description": "组件名称，通常是业务名称方便定位"
113:          "description": "编辑器假数据，方便展示"
116:      "description": "编辑器配置，运行时可以忽略"
120:      "description": "可以组件级别用来关闭移动端样式"
134:      "description": "表单项大小"
146:      "description": "描述标题"
150:      "description": "描述标题"
157:      "description": "label自定义宽度，默认单位为px"
161:      "description": "配置 label className"
165:      "description": "字段名，表单提交时的 key，支持多层级，用.连接，如： a.b.c"
169:      "description": "额外的字段名，当为范围组件时可以用来将另外一个值打平出来"
173:      "description": "显示一个小图标, 鼠标放上去的时候显示提示内容"
177:      "description": "显示一个小图标, 鼠标放上去的时候显示提示内容, 这个小图标跟 label 在一起"
181:      "description": "输入提示，聚焦的时候显示"
185:      "description": "当修改完的时候是否提交表单。"
189:      "description": "是否只读"
193:      "description": "只读条件"
197:      "description": "不设置时，当表单提交过后表单项每次修改都会触发重新验证， 如果设置了，则由此配置项来决定要不要每次修改都触发验证。"
201:      "description": "描述内容，支持 Html 片段。"
208:      "description": "配置描述上的 className"
217:      "description": "配置当前表单项展示模式"
221:      "description": "当配置为水平布局的时候，用来配置具体的左右分配。"
225:      "description": "表单 control 是否为 inline 模式。"
229:      "description": "配置 input className"
233:      "description": "占位符"
237:      "description": "是否为必填"
336:      "description": "验证失败的提示信息"
348:              "description": "是否是字母"
352:              "description": "是否为字母数字"
356:              "description": "是否为邮箱地址"
360:              "description": "是否为浮点型"
364:              "description": "是否为整型"
368:              "description": "是否为 json"
372:              "description": "长度等于指定值"
376:              "description": "是否为数字"
380:              "description": "是否为必填"
384:              "description": "是否为 URL 地址"
388:              "description": "内容命中指定正则"
392:              "description": "内容命中指定正则"
396:              "description": "内容命中指定正则"
400:              "description": "内容命中指定正则"
404:              "description": "内容命中指定正则"
408:              "description": "内容命中指定正则"
412:              "description": "最大长度为指定值"
416:              "description": "最大值为指定值"
420:              "description": "最小长度为指定值"
424:              "description": "最小值为指定值"
438:              "description": "和目标日期相同，支持指定粒度，默认到毫秒"
452:              "description": "早于目标日期，支持指定粒度，默认到毫秒"
466:              "description": "晚于目标日期，支持指定粒度，默认到毫秒"
480:              "description": "早于目标日期或和目标日期相同，支持指定粒度，默认到毫秒"
494:              "description": "晚于目标日期或和目标日期相同，支持指定粒度，默认到毫秒"
508:              "description": "日期处于目标日期范围，支持指定粒度和区间的开闭形式，默认到毫秒, 左右开区间"
522:              "description": "和目标时间相同，支持指定粒度，默认到毫秒"
536:              "description": "早于目标时间，支持指定粒度，默认到毫秒"
550:              "description": "晚于目标时间，支持指定粒度，默认到毫秒"
564:              "description": "早于目标时间或和目标时间相同，支持指定粒度，默认到毫秒"
578:              "description": "晚于目标时间或和目标时间相同，支持指定粒度，默认到毫秒"
592:              "description": "时间处于目标时间范围，支持指定粒度和区间的开闭形式，默认到毫秒, 左右开区间"
600:      "description": "滑块值"
604:      "description": "表单项隐藏时，是否在当前 Form 中删除掉该表单项值。注意同名的未隐藏的表单项值也会删掉"
615:      "description": "远端校验表单项接口"
630:              "description": "是否为参照录入模式，参照录入会展示候选值供用户选择，而不是直接填充。"
633:              "description": "参照录入时，默认选中的值"
644:              "description": "自动填充 api"
648:              "description": "是否展示数据格式错误提示，默认为不展示",
653:              "description": "填充时的数据映射"
662:              "description": "触发条件，默认为 change"
671:              "description": "弹窗方式，当为参照录入时用可以配置"
675:              "description": "当参照录入为抽屉时可以配置弹出位置"
679:              "description": "当为参照录入时可以配置弹出容器的大小"
684:              "description": "参照录入展示的项"
687:              "description": "参照录入时的过滤条件"
693:      "description": "自动填充，当选项被选择的时候，将选项中的其他值同步设置到表单内。"
712:      "description": "表单项类型"
723:      "description": "最大值"
734:      "description": "最小值"
745:      "description": "步长"
749:      "description": "单位"
753:      "description": "是否展示步长"
767:      "description": "分割块数"
796:      "description": "刻度"
800:      "description": "是否展示标签"
804:      "description": "标签方向"
808:      "description": "是否为双滑块"
812:      "description": "是否通过分隔符连接"
816:      "description": "分隔符"
820:      "description": "是否展示输入框"
824:      "description": "输入框是否可清除"
------------------------------------
⚠️  Chinese characters found in: output/RatingControlSchema.json
6:      "description": "组件唯一 id，主要用于页面设计器中定位 json 节点"
10:      "description": "容器 css 类名"
14:      "description": "配合 definitions 一起使用，可以实现无限循环的渲染器。"
18:      "description": "是否禁用"
22:      "description": "是否禁用表达式"
26:      "description": "是否隐藏"
30:      "description": "是否隐藏表达式"
34:      "description": "是否显示"
38:      "description": "是否显示表达式"
42:      "description": "组件唯一 id，主要用于日志采集"
70:      "description": "事件动作配置"
74:      "description": "是否静态展示"
78:      "description": "是否静态展示表达式"
82:      "description": "静态展示空值占位"
86:      "description": "静态展示表单项类名"
90:      "description": "静态展示表单项Label类名"
94:      "description": "静态展示表单项Value类名"
99:      "description": "组件样式"
106:          "description": "组件行为、用途，如 create、update、remove"
110:          "description": "组件名称，通常是业务名称方便定位"
113:          "description": "编辑器假数据，方便展示"
116:      "description": "编辑器配置，运行时可以忽略"
120:      "description": "可以组件级别用来关闭移动端样式"
134:      "description": "表单项大小"
146:      "description": "描述标题"
150:      "description": "描述标题"
157:      "description": "label自定义宽度，默认单位为px"
161:      "description": "配置 label className"
165:      "description": "字段名，表单提交时的 key，支持多层级，用.连接，如： a.b.c"
169:      "description": "额外的字段名，当为范围组件时可以用来将另外一个值打平出来"
173:      "description": "显示一个小图标, 鼠标放上去的时候显示提示内容"
177:      "description": "显示一个小图标, 鼠标放上去的时候显示提示内容, 这个小图标跟 label 在一起"
181:      "description": "输入提示，聚焦的时候显示"
185:      "description": "当修改完的时候是否提交表单。"
189:      "description": "是否只读"
193:      "description": "只读条件"
197:      "description": "不设置时，当表单提交过后表单项每次修改都会触发重新验证， 如果设置了，则由此配置项来决定要不要每次修改都触发验证。"
201:      "description": "描述内容，支持 Html 片段。"
208:      "description": "配置描述上的 className"
217:      "description": "配置当前表单项展示模式"
221:      "description": "当配置为水平布局的时候，用来配置具体的左右分配。"
225:      "description": "表单 control 是否为 inline 模式。"
229:      "description": "配置 input className"
233:      "description": "占位符"
237:      "description": "是否为必填"
336:      "description": "验证失败的提示信息"
348:              "description": "是否是字母"
352:              "description": "是否为字母数字"
356:              "description": "是否为邮箱地址"
360:              "description": "是否为浮点型"
364:              "description": "是否为整型"
368:              "description": "是否为 json"
372:              "description": "长度等于指定值"
376:              "description": "是否为数字"
380:              "description": "是否为必填"
384:              "description": "是否为 URL 地址"
388:              "description": "内容命中指定正则"
392:              "description": "内容命中指定正则"
396:              "description": "内容命中指定正则"
400:              "description": "内容命中指定正则"
404:              "description": "内容命中指定正则"
408:              "description": "内容命中指定正则"
412:              "description": "最大长度为指定值"
416:              "description": "最大值为指定值"
420:              "description": "最小长度为指定值"
424:              "description": "最小值为指定值"
438:              "description": "和目标日期相同，支持指定粒度，默认到毫秒"
452:              "description": "早于目标日期，支持指定粒度，默认到毫秒"
466:              "description": "晚于目标日期，支持指定粒度，默认到毫秒"
480:              "description": "早于目标日期或和目标日期相同，支持指定粒度，默认到毫秒"
494:              "description": "晚于目标日期或和目标日期相同，支持指定粒度，默认到毫秒"
508:              "description": "日期处于目标日期范围，支持指定粒度和区间的开闭形式，默认到毫秒, 左右开区间"
522:              "description": "和目标时间相同，支持指定粒度，默认到毫秒"
536:              "description": "早于目标时间，支持指定粒度，默认到毫秒"
550:              "description": "晚于目标时间，支持指定粒度，默认到毫秒"
564:              "description": "早于目标时间或和目标时间相同，支持指定粒度，默认到毫秒"
578:              "description": "晚于目标时间或和目标时间相同，支持指定粒度，默认到毫秒"
592:              "description": "时间处于目标时间范围，支持指定粒度和区间的开闭形式，默认到毫秒, 左右开区间"
599:      "description": "默认值，切记只能是静态值，不支持取变量，跟数据关联是通过设置 name 属性来实现的。"
603:      "description": "表单项隐藏时，是否在当前 Form 中删除掉该表单项值。注意同名的未隐藏的表单项值也会删掉"
614:      "description": "远端校验表单项接口"
629:              "description": "是否为参照录入模式，参照录入会展示候选值供用户选择，而不是直接填充。"
632:              "description": "参照录入时，默认选中的值"
643:              "description": "自动填充 api"
647:              "description": "是否展示数据格式错误提示，默认为不展示",
652:              "description": "填充时的数据映射"
661:              "description": "触发条件，默认为 change"
670:              "description": "弹窗方式，当为参照录入时用可以配置"
674:              "description": "当参照录入为抽屉时可以配置弹出位置"
678:              "description": "当为参照录入时可以配置弹出容器的大小"
683:              "description": "参照录入展示的项"
686:              "description": "参照录入时的过滤条件"
692:      "description": "自动填充，当选项被选择的时候，将选项中的其他值同步设置到表单内。"
711:      "description": "表单项类型"
715:      "description": "分数"
719:      "description": "允许半颗星"
723:      "description": "是否允许再次点击后清除"
727:      "description": "是否只读"
741:      "description": "星星被选中的颜色"
745:      "description": "未被选中的星星的颜色"
752:      "description": "星星被选中时的提示文字"
756:      "description": "文字的位置"
760:      "description": "自定义字符"
764:      "description": "自定义字符类名"
768:      "description": "自定义文字类名"
775:  "description": "Rating 文档：https://aisuda.bce.baidu.com/amis/zh-CN/components/form/rating",
------------------------------------
⚠️  Chinese characters found in: output/ReloadActionSchema.json
6:      "description": "组件唯一 id，主要用于页面设计器中定位 json 节点"
10:      "description": "容器 css 类名"
14:      "description": "配合 definitions 一起使用，可以实现无限循环的渲染器。"
18:      "description": "是否禁用"
22:      "description": "是否禁用表达式"
26:      "description": "是否隐藏"
30:      "description": "是否隐藏表达式"
34:      "description": "是否显示"
38:      "description": "是否显示表达式"
42:      "description": "主要用于用户行为跟踪里区分是哪个按钮"
70:      "description": "事件动作配置"
74:      "description": "是否静态展示"
78:      "description": "是否静态展示表达式"
82:      "description": "静态展示空值占位"
86:      "description": "静态展示表单项类名"
90:      "description": "静态展示表单项Label类名"
94:      "description": "静态展示表单项Value类名"
99:      "description": "组件样式"
106:          "description": "组件行为、用途，如 create、update、remove"
110:          "description": "组件名称，通常是业务名称方便定位"
113:          "description": "编辑器假数据，方便展示"
116:      "description": "编辑器配置，运行时可以忽略"
120:      "description": "可以组件级别用来关闭移动端样式"
132:      "description": "指定按钮类型，支持 button、submit或者reset三种类型。"
139:      "description": "是否为块状展示，默认为内联。"
143:      "description": "禁用时的文案提示。"
147:      "description": "按钮图标， iconfont 的类名"
151:      "description": "icon 上的css 类名"
155:      "description": "右侧按钮图标， iconfont 的类名"
159:      "description": "右侧 icon 上的 css 类名"
163:      "description": "loading 上的css 类名"
167:      "description": "按钮文字"
182:      "description": "按钮样式"
195:      "description": "按钮大小"
211:      "description": "提示文字，配置了操作前会要求用户确认。"
218:      "description": "如果按钮在form中，配置此属性会要求用户把指定的字段通过验证后才会触发行为。"
222:      "description": "激活状态时的样式"
226:      "description": "激活状态时的类名"
233:      "description": "如果按钮在弹框中，可以配置这个动作完成后是否关闭弹窗，或者指定关闭目标弹框。"
237:      "description": "当按钮时批量操作按钮时，默认必须有勾选元素才能可点击，如果此属性配置成 false，则没有点选成员也能点击。"
241:      "description": "是否将弹框中数据 merge 到父级作用域。"
245:      "description": "指定目标组件。"
249:      "description": "点击后的禁止倒计时（秒）"
253:      "description": "倒计时文字自定义"
257:      "description": "角标"
261:      "description": "键盘快捷键"
265:      "description": "是否显示loading效果"
274:      "description": "自定义事件处理函数"
278:      "description": "子内容"
283:      "description": "指定为刷新目标组件。"
------------------------------------
⚠️  Chinese characters found in: output/RemarkSchema.json
6:      "description": "组件唯一 id，主要用于页面设计器中定位 json 节点"
10:      "description": "容器 css 类名"
14:      "description": "配合 definitions 一起使用，可以实现无限循环的渲染器。"
18:      "description": "是否禁用"
22:      "description": "是否禁用表达式"
26:      "description": "是否隐藏"
30:      "description": "是否隐藏表达式"
34:      "description": "是否显示"
38:      "description": "是否显示表达式"
42:      "description": "组件唯一 id，主要用于日志采集"
70:      "description": "事件动作配置"
74:      "description": "是否静态展示"
78:      "description": "是否静态展示表达式"
82:      "description": "静态展示空值占位"
86:      "description": "静态展示表单项类名"
90:      "description": "静态展示表单项Label类名"
94:      "description": "静态展示表单项Value类名"
99:      "description": "组件样式"
106:          "description": "组件行为、用途，如 create、update、remove"
110:          "description": "组件名称，通常是业务名称方便定位"
113:          "description": "编辑器假数据，方便展示"
116:      "description": "编辑器配置，运行时可以忽略"
120:      "description": "可以组件级别用来关闭移动端样式"
128:      "description": "指定为提示类型"
152:      "description": "触发规则"
156:      "description": "提示标题"
160:      "description": "提示内容"
170:      "description": "显示位置"
174:      "description": "点击其他内容时是否关闭弹框信息"
182:      "description": "icon的形状"
190:  "description": "提示渲染器，默认会显示个小图标，鼠标放上来的时候显示配置的内容。",
------------------------------------
⚠️  Chinese characters found in: output/RepeatControlSchema.json
6:      "description": "组件唯一 id，主要用于页面设计器中定位 json 节点"
10:      "description": "容器 css 类名"
14:      "description": "配合 definitions 一起使用，可以实现无限循环的渲染器。"
18:      "description": "是否禁用"
22:      "description": "是否禁用表达式"
26:      "description": "是否隐藏"
30:      "description": "是否隐藏表达式"
34:      "description": "是否显示"
38:      "description": "是否显示表达式"
42:      "description": "组件唯一 id，主要用于日志采集"
70:      "description": "事件动作配置"
74:      "description": "是否静态展示"
78:      "description": "是否静态展示表达式"
82:      "description": "静态展示空值占位"
86:      "description": "静态展示表单项类名"
90:      "description": "静态展示表单项Label类名"
94:      "description": "静态展示表单项Value类名"
99:      "description": "组件样式"
106:          "description": "组件行为、用途，如 create、update、remove"
110:          "description": "组件名称，通常是业务名称方便定位"
113:          "description": "编辑器假数据，方便展示"
116:      "description": "编辑器配置，运行时可以忽略"
120:      "description": "可以组件级别用来关闭移动端样式"
134:      "description": "表单项大小"
146:      "description": "描述标题"
150:      "description": "描述标题"
157:      "description": "label自定义宽度，默认单位为px"
161:      "description": "配置 label className"
165:      "description": "字段名，表单提交时的 key，支持多层级，用.连接，如： a.b.c"
169:      "description": "额外的字段名，当为范围组件时可以用来将另外一个值打平出来"
173:      "description": "显示一个小图标, 鼠标放上去的时候显示提示内容"
177:      "description": "显示一个小图标, 鼠标放上去的时候显示提示内容, 这个小图标跟 label 在一起"
181:      "description": "输入提示，聚焦的时候显示"
185:      "description": "当修改完的时候是否提交表单。"
189:      "description": "是否只读"
193:      "description": "只读条件"
197:      "description": "不设置时，当表单提交过后表单项每次修改都会触发重新验证， 如果设置了，则由此配置项来决定要不要每次修改都触发验证。"
201:      "description": "描述内容，支持 Html 片段。"
208:      "description": "配置描述上的 className"
217:      "description": "配置当前表单项展示模式"
221:      "description": "当配置为水平布局的时候，用来配置具体的左右分配。"
225:      "description": "表单 control 是否为 inline 模式。"
229:      "description": "配置 input className"
233:      "description": "占位符"
237:      "description": "是否为必填"
336:      "description": "验证失败的提示信息"
348:              "description": "是否是字母"
352:              "description": "是否为字母数字"
356:              "description": "是否为邮箱地址"
360:              "description": "是否为浮点型"
364:              "description": "是否为整型"
368:              "description": "是否为 json"
372:              "description": "长度等于指定值"
376:              "description": "是否为数字"
380:              "description": "是否为必填"
384:              "description": "是否为 URL 地址"
388:              "description": "内容命中指定正则"
392:              "description": "内容命中指定正则"
396:              "description": "内容命中指定正则"
400:              "description": "内容命中指定正则"
404:              "description": "内容命中指定正则"
408:              "description": "内容命中指定正则"
412:              "description": "最大长度为指定值"
416:              "description": "最大值为指定值"
420:              "description": "最小长度为指定值"
424:              "description": "最小值为指定值"
438:              "description": "和目标日期相同，支持指定粒度，默认到毫秒"
452:              "description": "早于目标日期，支持指定粒度，默认到毫秒"
466:              "description": "晚于目标日期，支持指定粒度，默认到毫秒"
480:              "description": "早于目标日期或和目标日期相同，支持指定粒度，默认到毫秒"
494:              "description": "晚于目标日期或和目标日期相同，支持指定粒度，默认到毫秒"
508:              "description": "日期处于目标日期范围，支持指定粒度和区间的开闭形式，默认到毫秒, 左右开区间"
522:              "description": "和目标时间相同，支持指定粒度，默认到毫秒"
536:              "description": "早于目标时间，支持指定粒度，默认到毫秒"
550:              "description": "晚于目标时间，支持指定粒度，默认到毫秒"
564:              "description": "早于目标时间或和目标时间相同，支持指定粒度，默认到毫秒"
578:              "description": "晚于目标时间或和目标时间相同，支持指定粒度，默认到毫秒"
592:              "description": "时间处于目标时间范围，支持指定粒度和区间的开闭形式，默认到毫秒, 左右开区间"
599:      "description": "默认值，切记只能是静态值，不支持取变量，跟数据关联是通过设置 name 属性来实现的。"
603:      "description": "表单项隐藏时，是否在当前 Form 中删除掉该表单项值。注意同名的未隐藏的表单项值也会删掉"
614:      "description": "远端校验表单项接口"
629:              "description": "是否为参照录入模式，参照录入会展示候选值供用户选择，而不是直接填充。"
632:              "description": "参照录入时，默认选中的值"
643:              "description": "自动填充 api"
647:              "description": "是否展示数据格式错误提示，默认为不展示",
652:              "description": "填充时的数据映射"
661:              "description": "触发条件，默认为 change"
670:              "description": "弹窗方式，当为参照录入时用可以配置"
674:              "description": "当参照录入为抽屉时可以配置弹出位置"
678:              "description": "当为参照录入时可以配置弹出容器的大小"
683:              "description": "参照录入展示的项"
686:              "description": "参照录入时的过滤条件"
692:      "description": "自动填充，当选项被选择的时候，将选项中的其他值同步设置到表单内。"
711:      "description": "表单项类型"
721:  "description": "Repeat 文档：https://aisuda.bce.baidu.com/amis/zh-CN/components/form/repeat",
------------------------------------
⚠️  Chinese characters found in: output/RichTextControlSchema.json
6:      "description": "组件唯一 id，主要用于页面设计器中定位 json 节点"
10:      "description": "容器 css 类名"
14:      "description": "配合 definitions 一起使用，可以实现无限循环的渲染器。"
18:      "description": "是否禁用"
22:      "description": "是否禁用表达式"
26:      "description": "是否隐藏"
30:      "description": "是否隐藏表达式"
34:      "description": "是否显示"
38:      "description": "是否显示表达式"
42:      "description": "组件唯一 id，主要用于日志采集"
70:      "description": "事件动作配置"
74:      "description": "是否静态展示"
78:      "description": "是否静态展示表达式"
82:      "description": "静态展示空值占位"
86:      "description": "静态展示表单项类名"
90:      "description": "静态展示表单项Label类名"
94:      "description": "静态展示表单项Value类名"
99:      "description": "组件样式"
106:          "description": "组件行为、用途，如 create、update、remove"
110:          "description": "组件名称，通常是业务名称方便定位"
113:          "description": "编辑器假数据，方便展示"
116:      "description": "编辑器配置，运行时可以忽略"
120:      "description": "可以组件级别用来关闭移动端样式"
134:      "description": "表单项大小"
146:      "description": "描述标题"
150:      "description": "描述标题"
157:      "description": "label自定义宽度，默认单位为px"
161:      "description": "配置 label className"
165:      "description": "字段名，表单提交时的 key，支持多层级，用.连接，如： a.b.c"
169:      "description": "额外的字段名，当为范围组件时可以用来将另外一个值打平出来"
173:      "description": "显示一个小图标, 鼠标放上去的时候显示提示内容"
177:      "description": "显示一个小图标, 鼠标放上去的时候显示提示内容, 这个小图标跟 label 在一起"
181:      "description": "输入提示，聚焦的时候显示"
185:      "description": "当修改完的时候是否提交表单。"
189:      "description": "是否只读"
193:      "description": "只读条件"
197:      "description": "不设置时，当表单提交过后表单项每次修改都会触发重新验证， 如果设置了，则由此配置项来决定要不要每次修改都触发验证。"
201:      "description": "描述内容，支持 Html 片段。"
208:      "description": "配置描述上的 className"
217:      "description": "配置当前表单项展示模式"
221:      "description": "当配置为水平布局的时候，用来配置具体的左右分配。"
225:      "description": "表单 control 是否为 inline 模式。"
229:      "description": "配置 input className"
233:      "description": "占位符"
237:      "description": "是否为必填"
336:      "description": "验证失败的提示信息"
348:              "description": "是否是字母"
352:              "description": "是否为字母数字"
356:              "description": "是否为邮箱地址"
360:              "description": "是否为浮点型"
364:              "description": "是否为整型"
368:              "description": "是否为 json"
372:              "description": "长度等于指定值"
376:              "description": "是否为数字"
380:              "description": "是否为必填"
384:              "description": "是否为 URL 地址"
388:              "description": "内容命中指定正则"
392:              "description": "内容命中指定正则"
396:              "description": "内容命中指定正则"
400:              "description": "内容命中指定正则"
404:              "description": "内容命中指定正则"
408:              "description": "内容命中指定正则"
412:              "description": "最大长度为指定值"
416:              "description": "最大值为指定值"
420:              "description": "最小长度为指定值"
424:              "description": "最小值为指定值"
438:              "description": "和目标日期相同，支持指定粒度，默认到毫秒"
452:              "description": "早于目标日期，支持指定粒度，默认到毫秒"
466:              "description": "晚于目标日期，支持指定粒度，默认到毫秒"
480:              "description": "早于目标日期或和目标日期相同，支持指定粒度，默认到毫秒"
494:              "description": "晚于目标日期或和目标日期相同，支持指定粒度，默认到毫秒"
508:              "description": "日期处于目标日期范围，支持指定粒度和区间的开闭形式，默认到毫秒, 左右开区间"
522:              "description": "和目标时间相同，支持指定粒度，默认到毫秒"
536:              "description": "早于目标时间，支持指定粒度，默认到毫秒"
550:              "description": "晚于目标时间，支持指定粒度，默认到毫秒"
564:              "description": "早于目标时间或和目标时间相同，支持指定粒度，默认到毫秒"
578:              "description": "晚于目标时间或和目标时间相同，支持指定粒度，默认到毫秒"
592:              "description": "时间处于目标时间范围，支持指定粒度和区间的开闭形式，默认到毫秒, 左右开区间"
599:      "description": "默认值，切记只能是静态值，不支持取变量，跟数据关联是通过设置 name 属性来实现的。"
603:      "description": "表单项隐藏时，是否在当前 Form 中删除掉该表单项值。注意同名的未隐藏的表单项值也会删掉"
614:      "description": "远端校验表单项接口"
629:              "description": "是否为参照录入模式，参照录入会展示候选值供用户选择，而不是直接填充。"
632:              "description": "参照录入时，默认选中的值"
643:              "description": "自动填充 api"
647:              "description": "是否展示数据格式错误提示，默认为不展示",
652:              "description": "填充时的数据映射"
661:              "description": "触发条件，默认为 change"
670:              "description": "弹窗方式，当为参照录入时用可以配置"
674:              "description": "当参照录入为抽屉时可以配置弹出位置"
678:              "description": "当为参照录入时可以配置弹出容器的大小"
683:              "description": "参照录入展示的项"
686:              "description": "参照录入时的过滤条件"
692:      "description": "自动填充，当选项被选择的时候，将选项中的其他值同步设置到表单内。"
711:      "description": "表单项类型"
719:      "description": "编辑器类型"
723:      "description": "图片保存 API"
727:      "description": "视频保存 API"
731:      "description": "接收器的字段名"
740:      "description": "边框模式，全边框，还是半边框，或者没边框。"
743:      "description": "tinymce 或 froala 的配置"
750:  "description": "RichText 文档：https://aisuda.bce.baidu.com/amis/zh-CN/components/form/input-rich-text",
------------------------------------
⚠️  Chinese characters found in: output/RowSelectionOptionsSchema.json
6:      "description": "选择类型 选择全部"
10:      "description": "选项显示文本"
------------------------------------
⚠️  Chinese characters found in: output/RowSelectionSchema.json
6:      "description": "选择类型 单选/多选"
10:      "description": "对应数据源的key值"
14:      "description": "行是否禁用表达式"
21:      "description": "自定义选择菜单"
31:      "description": "已选择的key值"
35:      "description": "已选择的key值表达式"
39:      "description": "已选择的key值表达式"
43:      "description": "是否点击行触发选中或取消选中"
------------------------------------
⚠️  Chinese characters found in: output/SchemaApiObject.json
15:      "description": "API 发送类型"
19:      "description": "API 发送目标地址"
23:      "description": "用来控制携带数据. 当key 为 `&` 值为 `$$` 时, 将所有原始数据打平设置到 data 中. 当值为 $$ 将所有原始数据赋值到对应的 key 中. 当值为 $ 打头时, 将变量值设置到 key 中."
27:      "description": "默认数据映射中的key如果带点，或者带大括号，会转成对象比如：\n\n{   'a.b': '123' }\n\n经过数据映射后变成 {  a: {   b: '123  } }\n\n如果想要关闭此功能，请设置 convertKeyToPath 为 false"
31:      "description": "用来做接口返回的数据映射。"
35:      "description": "如果 method 为 get 的接口，设置了 data 信息。 默认 data 会自动附带在 query 里面发送给后端。\n\n如果想通过 body 发送给后端，那么请把这个配置成 false。\n\n但是，浏览器还不支持啊，设置了只是摆设。除非服务端支持 method-override"
44:      "description": "发送体的格式"
49:      "description": "如果是文件下载接口，请配置这个。"
59:      "description": "携带 headers，用法和 data 一样，可以用变量。"
63:      "description": "设置发送条件"
67:      "description": "默认都是追加模式，如果想完全替换把这个配置成 true"
71:      "description": "是否自动刷新，当 url 中的取值结果变化时，自动刷新数据。",
76:      "description": "当开启自动刷新的时候，默认是 api 的 url 来自动跟踪变量变化的。 如果你希望监控 url 外的变量，请配置 trackExpression。"
80:      "description": "如果设置了值，同一个接口，相同参数，指定的时间（单位：ms）内请求将直接走缓存。"
84:      "description": "强制将数据附加在 query，默认只有 api 地址中没有用变量的时候 crud 查询接口才会 自动附加数据到 query 部分，如果想强制附加请设置这个属性。 对于那种临时加了个变量但是又不想全部参数写一遍的时候配置很有用。"
106:      "description": "qs 配置项"
110:      "description": "autoFill 是否显示自动填充错误提示"
114:      "description": "文件下载时，指定文件名"
------------------------------------
⚠️  Chinese characters found in: output/SchemaClassName.json
26:  "description": "css类名，配置字符串，或者对象。\n\n    className: \"red\"\n\n用对象配置时意味着你能跟表达式一起搭配使用，如：\n\n    className: {         \"red\": \"data.progress > 80\",         \"blue\": \"data.progress > 60\"     }",
------------------------------------
⚠️  Chinese characters found in: output/SchemaCopyableObject.json
6:      "description": "可以配置图标"
10:      "description": "配置复制时的内容模板。"
14:      "description": "提示文字内容"
------------------------------------
⚠️  Chinese characters found in: output/SchemaDefaultData.json
3:  "description": "初始数据，设置得值可用于组件内部模板使用。",
------------------------------------
⚠️  Chinese characters found in: output/SchemaExpression.json
3:  "description": "表达式，语法 `data.xxx > 5`。",
------------------------------------
⚠️  Chinese characters found in: output/SchemaIcon.json
3:  "description": "iconfont 里面的类名。",
------------------------------------
⚠️  Chinese characters found in: output/SchemaMessage.json
6:      "description": "获取失败时的提示"
10:      "description": "获取成功的提示，默认为空。"
14:      "description": "保存失败时的提示。"
18:      "description": "保存成功时的提示。"
22:  "description": "消息文案配置，记住这个优先级是最低的，如果你的接口返回了 msg，接口返回的优先。",
------------------------------------
⚠️  Chinese characters found in: output/SchemaName.json
3:  "description": "组件名字，这个名字可以用来定位，用于组件通信",
------------------------------------
⚠️  Chinese characters found in: output/SchemaObject.json
9:            "description": "指定为 page 渲染器。"
23:            "description": "指定为 flex 展示类型"
40:            "description": "指定为模板渲染器。\n\n文档：https://aisuda.bce.baidu.com/amis/zh-CN/docs/concepts/template"
54:            "description": "指定为提示类型"
72:            "description": "指定按钮类型，支持 button、submit或者reset三种类型。"
77:            "description": "指定为发送 ajax 的行为。"
95:            "description": "指定按钮类型，支持 button、submit或者reset三种类型。"
100:            "description": "指定为打开链接"
118:            "description": "指定按钮类型，支持 button、submit或者reset三种类型。"
123:            "description": "指定为打开链接行为，跟 url 不同的时这个行为为单页模式。"
141:            "description": "指定按钮类型，支持 button、submit或者reset三种类型。"
146:            "description": "指定为打开弹窗"
164:            "description": "指定按钮类型，支持 button、submit或者reset三种类型。"
169:            "description": "指定为打开弹窗，抽出式弹窗"
187:            "description": "指定按钮类型，支持 button、submit或者reset三种类型。"
192:            "description": "指定为打开弹窗，抽出式弹窗"
210:            "description": "指定按钮类型，支持 button、submit或者reset三种类型。"
215:            "description": "指定为复制内容行为"
233:            "description": "指定按钮类型，支持 button、submit或者reset三种类型。"
238:            "description": "指定为刷新目标组件。"
256:            "description": "指定按钮类型，支持 button、submit或者reset三种类型。"
261:            "description": "指定为打开邮箱行为"
279:            "description": "指定按钮类型，支持 button、submit或者reset三种类型。"
311:            "description": "指定按钮类型，支持 button、submit或者reset三种类型。"
325:            "description": "指定为提示框类型"
339:            "description": "指定为音频播放器"
366:            "description": "指定为提交按钮类型"
380:            "description": "指定为按钮工具集合类型"
394:            "description": "指定为日历选择控件"
408:            "description": "指定为 card 类型"
422:            "description": "指定为 cards 类型"
436:            "description": "指定为轮播图类型"
444:            "description": "预览图模式"
458:            "description": "指定为 chart 类型"
472:            "description": "指定为折叠器类型"
486:            "description": "指定为折叠器类型"
500:            "description": "指定为颜色显示控件"
514:            "description": "指定为 container 类型"
528:            "description": "指定为 container 类型"
541:            "description": "指定内容区的展示模式。",
547:            "description": "指定为 CRUD 渲染器。"
560:            "description": "指定内容区的展示模式。",
566:            "description": "指定为 CRUD 渲染器。"
579:            "description": "指定内容区的展示模式。",
585:            "description": "指定为 CRUD 渲染器。"
598:            "description": "指定内容区的展示模式。",
604:            "description": "指定为 CRUD2 渲染器。"
612:            "description": "数据展示模式 无限加载 or 分页"
625:            "description": "指定内容区的展示模式。",
631:            "description": "指定为 CRUD2 渲染器。"
639:            "description": "数据展示模式 无限加载 or 分页"
652:            "description": "指定内容区的展示模式。",
658:            "description": "指定为 CRUD2 渲染器。"
666:            "description": "数据展示模式 无限加载 or 分页"
687:            "description": "指定为日期展示类型"
705:            "description": "弹框类型 confirm 确认弹框"
745:            "description": "指定为 DropDown Button 类型"
759:            "description": "指定为each展示类型"
773:            "description": "指定为 Grid 格子布局渲染器。"
787:            "description": "指定为 grid-2d 展示类型"
801:            "description": "指定为each展示类型"
810:            "description": "配置子表单项默认的展示方式。"
853:            "description": "指定为图片展示类型"
861:            "description": "图片展示模式，默认为缩略图模式、可以配置成原图模式"
871:            "description": "预览图模式"
888:            "description": "指定为图片集渲染器"
898:            "description": "预览图模式"
915:            "description": "指定为Json展示类型"
929:            "description": "指定为 link 链接展示控件"
946:            "description": "指定为 List 列表展示控件。"
963:            "description": "指定为映射展示控件"
977:            "description": "指定为 Nav 导航渲染器"
985:            "description": "垂直模式 非折叠状态下 控制菜单打开方式"
999:            "description": "指定为操作栏"
1026:            "description": "指定为分页容器功能性渲染器"
1040:            "description": "指定为Panel渲染器。"
1049:            "description": "配置子表单项默认的展示方式。"
1066:            "description": "指定为模板渲染器。\n\n文档：https://aisuda.bce.baidu.com/amis/zh-CN/docs/concepts/template"
1088:            "description": "进度条类型"
1112:            "description": "渲染模式"
1126:            "description": "指定为搜索框。\n\n文档：https://aisuda.bce.baidu.com/amis/zh-CN/components/search-box"
1140:            "description": "指定为 Service 数据拉取控件。"
1167:            "description": "指定为状态展示控件"
1181:            "description": "组件类型"
1198:            "description": "指定为表格渲染器。"
1212:            "description": "指定为表格类型"
1234:            "description": "配置子表单项默认的展示方式。"
1248:            "description": "指定为任务类型"
1275:            "description": "指定为视频类型"
1289:            "description": "指定为表单向导"
1297:            "description": "展示模式"
1311:            "description": "指定为 container 类型"
1325:            "description": "文字提示容器"
1339:            "description": "指定为表单渲染器。"
1349:            "description": "配置表单项默认的展示方式。"
1363:            "description": "指定为 AnchorNav 锚点导航渲染器"
1377:            "description": "指定为 Steps 步骤条渲染器"
1385:            "description": "展示模式"
1399:            "description": "指定为 portlet 类型"
1411:            "description": "展示形式"
1425:            "description": "指定为 Timeline 时间轴渲染器"
1434:            "description": "文字相对于时间轴展示方向"
1452:            "description": "配置当前表单项展示模式"
1457:            "description": "表单项类型"
1475:            "description": "子表单的模式。"
1484:            "description": "配置当前表单项展示模式"
1489:            "description": "指定为数组输入框类型"
1507:            "description": "配置当前表单项展示模式"
1529:            "description": "配置当前表单项展示模式"
1534:            "description": "表单项类型"
1552:            "description": "配置当前表单项展示模式"
1557:            "description": "指定为多行文本输入框"
1582:            "description": "配置当前表单项展示模式"
1587:            "description": "表单项类型"
1605:            "description": "配置当前表单项展示模式"
1610:            "description": "指定为城市选择框。"
1628:            "description": "配置当前表单项展示模式"
1633:            "description": "指定为颜色选择框"
1651:            "description": "配置当前表单项展示模式"
1656:            "description": "指定为组合输入框类型"
1665:            "description": "子表单的模式。"
1683:            "description": "配置当前表单项展示模式"
1688:            "description": "指定为"
1696:            "description": "展现模式"
1714:            "description": "配置当前表单项展示模式"
1719:            "description": "指定为日期选择控件"
1728:            "description": "边框模式，全边框，还是半边框，或者没边框。"
1746:            "description": "配置当前表单项展示模式"
1751:            "description": "指定为日期时间选择控件"
1760:            "description": "边框模式，全边框，还是半边框，或者没边框。"
1778:            "description": "配置当前表单项展示模式"
1783:            "description": "指定为日期时间选择控件"
1792:            "description": "边框模式，全边框，还是半边框，或者没边框。"
1810:            "description": "配置当前表单项展示模式"
1815:            "description": "指定为月份时间选择控件"
1824:            "description": "边框模式，全边框，还是半边框，或者没边框。"
1842:            "description": "配置当前表单项展示模式"
1847:            "description": "指定为月份时间选择控件"
1856:            "description": "边框模式，全边框，还是半边框，或者没边框。"
1874:            "description": "配置当前表单项展示模式"
1879:            "description": "指定为月份时间选择控件"
1888:            "description": "边框模式，全边框，还是半边框，或者没边框。"
1906:            "description": "配置当前表单项展示模式"
1915:            "description": "指定为日期范围控件"
1924:            "description": "边框模式，全边框，还是半边框，或者没边框。"
1942:            "description": "配置当前表单项展示模式"
1947:            "description": "指定为 Diff 编辑器"
1965:            "description": "配置当前表单项展示模式"
2027:            "description": "配置当前表单项展示模式"
2035:            "description": "指定为表单项集合"
2044:            "description": "配置子表单项默认的展示方式。"
2062:            "description": "配置当前表单项展示模式"
2067:            "description": "指定为文件上传"
2085:            "description": "配置当前表单项展示模式"
2090:            "description": "指定为公式功能控件。"
2108:            "description": "配置当前表单项展示模式"
2113:            "description": "表单项类型"
2122:            "description": "配置子表单项默认的展示方式。"
2140:            "description": "配置当前表单项展示模式"
2145:            "description": "表单项类型"
2163:            "description": "配置当前表单项展示模式"
2168:            "description": "表单项类型"
2186:            "description": "配置当前表单项展示模式"
2191:            "description": "指定为图片上传控件"
2201:            "description": "缩路图展示模式"
2219:            "description": "配置当前表单项展示模式"
2224:            "description": "表单项类型"
2242:            "description": "配置当前表单项展示模式"
2247:            "description": "表单项类型"
2261:            "description": "指定为 JSON Schema Editor"
2270:            "description": "配置当前表单项展示模式"
2288:            "description": "配置当前表单项展示模式"
2293:            "description": "表单项类型"
2311:            "description": "配置当前表单项展示模式"
2316:            "description": "表单项类型"
2334:            "description": "配置当前表单项展示模式"
2339:            "description": "表单项类型"
2357:            "description": "配置当前表单项展示模式"
2362:            "description": "表单项类型"
2380:            "description": "边框模式，全边框，还是半边框，或者没边框。"
2389:            "description": "配置当前表单项展示模式"
2411:            "description": "边框模式，全边框，还是半边框，或者没边框。"
2420:            "description": "配置当前表单项展示模式"
2442:            "description": "配置当前表单项展示模式"
2447:            "description": "表单项类型"
2456:            "description": "边框模式，全边框，还是半边框，或者没边框。"
2474:            "description": "配置当前表单项展示模式"
2479:            "description": "表单项类型"
2488:            "description": "边框模式，全边框，还是半边框，或者没边框。"
2496:            "description": "输入框为基础输入框还是加强输入框"
2514:            "description": "配置当前表单项展示模式"
2519:            "description": "表单项类型"
2527:            "description": "弹窗模式，dialog 或者 drawer"
2545:            "description": "配置当前表单项展示模式"
2550:            "description": "表单项类型"
2568:            "description": "配置当前表单项展示模式"
2573:            "description": "指定为多行文本输入框"
2598:            "description": "配置当前表单项展示模式"
2603:            "description": "表单项类型"
2621:            "description": "配置当前表单项展示模式"
2626:            "description": "表单项类型"
2644:            "description": "配置当前表单项展示模式"
2649:            "description": "表单项类型"
2658:            "description": "边框模式，全边框，还是半边框，或者没边框。"
2676:            "description": "配置当前表单项展示模式"
2681:            "description": "表单项类型"
2699:            "description": "配置当前表单项展示模式"
2707:            "description": "表单项类型"
2716:            "description": "边框模式，全边框，还是半边框，或者没边框。"
2727:            "description": "勾选展示模式"
2735:            "description": "当 selectMode 为 associated 时用来定义左侧的选择模式"
2745:            "description": "当 selectMode 为 associated 时用来定义右侧的选择模式"
2755:            "description": "搜索结果展示模式"
2773:            "description": "配置当前表单项展示模式"
2778:            "description": "指定为 SubForm 子表单"
2796:            "description": "配置当前表单项展示模式"
2801:            "description": "指定为多行文本输入框"
2819:            "description": "配置当前表单项展示模式"
2824:            "description": "表单项类型"
2833:            "description": "边框模式，默认是无边框的"
2851:            "description": "配置当前表单项展示模式"
2875:            "description": "勾选展示模式"
2883:            "description": "当 selectMode 为 associated 时用来定义左侧的选择模式"
2893:            "description": "当 selectMode 为 associated 时用来定义右侧的选择模式"
2903:            "description": "搜索结果展示模式"
2912:            "description": "配置当前表单项展示模式"
2934:            "description": "配置当前表单项展示模式"
2939:            "description": "表单项类型"
2957:            "description": "配置当前表单项展示模式"
2970:            "description": "表单项类型"
2979:            "description": "边框模式，全边框，还是半边框，或者没边框。"
2997:            "description": "配置当前表单项展示模式"
3002:            "description": "指定为多行文本输入框"
3011:            "description": "边框模式，全边框，还是半边框，或者没边框。"
3029:            "description": "配置当前表单项展示模式"
3034:            "description": "表单项类型"
3045:            "description": "勾选展示模式"
3053:            "description": "当 selectMode 为 associated 时用来定义左侧的选择模式"
3063:            "description": "当 selectMode 为 associated 时用来定义右侧的选择模式"
3073:            "description": "搜索结果展示模式"
3093:            "description": "勾选展示模式"
3101:            "description": "当 selectMode 为 associated 时用来定义左侧的选择模式"
3111:            "description": "当 selectMode 为 associated 时用来定义右侧的选择模式"
3121:            "description": "搜索结果展示模式"
3130:            "description": "配置当前表单项展示模式"
3143:            "description": "边框模式，全边框，还是半边框，或者没边框。"
3163:            "description": "勾选展示模式"
3171:            "description": "当 selectMode 为 associated 时用来定义左侧的选择模式"
3181:            "description": "当 selectMode 为 associated 时用来定义右侧的选择模式"
3191:            "description": "搜索结果展示模式"
3200:            "description": "配置当前表单项展示模式"
3222:            "description": "配置当前表单项展示模式"
3227:            "description": "表单项类型"
3245:            "description": "配置当前表单项展示模式"
3250:            "description": "表单项类型"
3268:            "description": "配置当前表单项展示模式"
3273:            "description": "表单项类型"
3287:            "description": "指定为日期展示类型"
------------------------------------
⚠️  Chinese characters found in: output/SchemaPopOverObject.json
6:      "description": "类名"
10:      "description": "弹框外层类名"
14:      "description": "配置当前行是否启动，要用表达式"
23:      "description": "弹出模式"
33:      "description": "是弹窗形式的时候有用。"
85:      "description": "弹出位置"
93:      "description": "触发条件，默认是 click"
97:      "description": "是否显示查看更多的 icon，通常是放大图标。"
110:      "description": "偏移量"
114:      "description": "标题"
------------------------------------
⚠️  Chinese characters found in: output/SchemaQuickEditObject.json
17:              "description": "是否立即保存"
21:              "description": "接口保存失败后，是否重置组件编辑状态"
25:              "description": "配置刷新目标，默认就会刷新所属 crud 组件， 如果不需要，请配置为 \"none\""
30:              "description": "是否直接内嵌"
34:              "description": "配置按钮图标"
45:          "description": "是否立即保存"
49:          "description": "接口保存失败后，是否重置组件编辑状态"
53:          "description": "配置刷新目标，默认就会刷新所属 crud 组件， 如果不需要，请配置为 \"none\""
58:          "description": "是否直接内嵌"
62:          "description": "配置按钮图标"
------------------------------------
⚠️  Chinese characters found in: output/SchemaReload.json
3:  "description": "配置刷新动作，这个动作通常在完成渲染器本省的固定动作后出发。\n\n一般用来配置目标组件的 name 属性。多个目标可以用逗号隔开。\n\n当目标是 windows 时表示刷新整个页面。\n\n刷新目标的同时还支持传递参数如： `foo?a=${a}&b=${b},boo?c=${c}`",
------------------------------------
⚠️  Chinese characters found in: output/SchemaRemark.json
28:          "description": "触发规则"
32:          "description": "提示标题"
36:          "description": "提示内容"
46:          "description": "显示位置"
50:          "description": "点击其他内容时是否关闭弹框信息"
58:          "description": "icon的形状"
65:          "description": "组件唯一 id，主要用于页面设计器中定位 json 节点"
69:          "description": "容器 css 类名"
73:          "description": "配合 definitions 一起使用，可以实现无限循环的渲染器。"
77:          "description": "是否禁用"
81:          "description": "是否禁用表达式"
85:          "description": "是否隐藏"
89:          "description": "是否隐藏表达式"
93:          "description": "是否显示"
97:          "description": "是否显示表达式"
101:          "description": "组件唯一 id，主要用于日志采集"
129:          "description": "事件动作配置"
133:          "description": "是否静态展示"
137:          "description": "是否静态展示表达式"
141:          "description": "静态展示空值占位"
145:          "description": "静态展示表单项类名"
149:          "description": "静态展示表单项Label类名"
153:          "description": "静态展示表单项Value类名"
158:          "description": "组件样式"
165:              "description": "组件行为、用途，如 create、update、remove"
169:              "description": "组件名称，通常是业务名称方便定位"
172:              "description": "编辑器假数据，方便展示"
175:          "description": "编辑器配置，运行时可以忽略"
179:          "description": "可以组件级别用来关闭移动端样式"
------------------------------------
⚠️  Chinese characters found in: output/SchemaTooltip.json
11:          "description": "标题"
15:          "description": "内容"
------------------------------------
⚠️  Chinese characters found in: output/SchemaTpl.json
3:  "description": "支持两种语法，但是不能混着用。分别是：\n\n1. `${xxx}` 或者 `${xxx|upperCase}` 2. `<%= data.xxx %>`\n\n\n更多文档：https://aisuda.bce.baidu.com/amis/zh-CN/docs/concepts/template",
------------------------------------
⚠️  Chinese characters found in: output/SearchBoxSchema.json
6:      "description": "组件唯一 id，主要用于页面设计器中定位 json 节点"
10:      "description": "外层 css 类名"
14:      "description": "配合 definitions 一起使用，可以实现无限循环的渲染器。"
18:      "description": "是否禁用"
22:      "description": "是否禁用表达式"
26:      "description": "是否隐藏"
30:      "description": "是否隐藏表达式"
34:      "description": "是否显示"
38:      "description": "是否显示表达式"
42:      "description": "组件唯一 id，主要用于日志采集"
70:      "description": "事件动作配置"
74:      "description": "是否静态展示"
78:      "description": "是否静态展示表达式"
82:      "description": "静态展示空值占位"
86:      "description": "静态展示表单项类名"
90:      "description": "静态展示表单项Label类名"
94:      "description": "静态展示表单项Value类名"
99:      "description": "组件样式"
106:          "description": "组件行为、用途，如 create、update、remove"
110:          "description": "组件名称，通常是业务名称方便定位"
113:          "description": "编辑器假数据，方便展示"
116:      "description": "编辑器配置，运行时可以忽略"
120:      "description": "可以组件级别用来关闭移动端样式"
128:      "description": "指定为搜索框。\n\n文档：https://aisuda.bce.baidu.com/amis/zh-CN/components/search-box"
135:      "description": "关键字名字。"
139:      "description": "占位符"
143:      "description": "是否为 Mini 样式。"
147:      "description": "是否为加强样式"
151:      "description": "是否可清除"
155:      "description": "是否立马搜索。"
159:      "description": "是否开启清空内容后立即重新搜索"
163:      "description": "是否处于加载状态"
170:  "description": "搜索框渲染器",
------------------------------------
⚠️  Chinese characters found in: output/SelectControlSchema.json
34:      "description": "选项集合"
45:      "description": "可用来通过 API 拉取 options。"
49:      "description": "默认选择选项第一个值。"
53:      "description": "用表达式来配置 source 接口初始要不要拉取"
57:      "description": "配置 source 接口初始拉不拉取。"
61:      "description": "是否为多选模式"
65:      "description": "单选模式：当用户选中某个选项时，选项中的 value 将被作为该表单项的值提交，否则，整个选项对象都会作为该表单项的值提交。 多选模式：选中的多个选项的 `value` 会通过 `delimiter` 连接起来，否则直接将以数组的形式提交值。"
69:      "description": "分割符"
73:      "description": "多选模式，值太多时是否避免折行"
77:      "description": "开启后将选中的选项 value 的值封装为数组，作为当前表单项的值。"
81:      "description": "是否可清除。"
85:      "description": "点清除按钮时，将表单项设置成当前配置的值。",
90:      "description": "懒加载字段"
101:      "description": "延时加载的 API，当选项中有 defer: true 的选项时，点开会通过此接口扩充。"
112:      "description": "添加时调用的接口"
119:      "description": "新增时的表单项。"
123:      "description": "控制新增弹框设置项"
127:      "description": "是否可以新增"
131:      "description": "新增文字"
135:      "description": "是否可以编辑"
146:      "description": "编辑时调用的 API"
153:      "description": "选项修改的表单项"
157:      "description": "控制编辑弹框设置项"
161:      "description": "是否可删除"
172:      "description": "选项删除 API"
176:      "description": "选项删除提示文字。"
187:      "description": "表单项大小"
199:      "description": "描述标题"
203:      "description": "描述标题"
210:      "description": "label自定义宽度，默认单位为px"
214:      "description": "配置 label className"
218:      "description": "字段名，表单提交时的 key，支持多层级，用.连接，如： a.b.c"
222:      "description": "额外的字段名，当为范围组件时可以用来将另外一个值打平出来"
226:      "description": "输入提示，聚焦的时候显示"
230:      "description": "当修改完的时候是否提交表单。"
234:      "description": "是否只读"
238:      "description": "只读条件"
242:      "description": "不设置时，当表单提交过后表单项每次修改都会触发重新验证， 如果设置了，则由此配置项来决定要不要每次修改都触发验证。"
246:      "description": "描述内容，支持 Html 片段。"
253:      "description": "配置描述上的 className"
262:      "description": "配置当前表单项展示模式"
266:      "description": "当配置为水平布局的时候，用来配置具体的左右分配。"
270:      "description": "表单 control 是否为 inline 模式。"
274:      "description": "配置 input className"
278:      "description": "占位符"
282:      "description": "是否为必填"
381:      "description": "验证失败的提示信息"
393:              "description": "是否是字母"
397:              "description": "是否为字母数字"
401:              "description": "是否为邮箱地址"
405:              "description": "是否为浮点型"
409:              "description": "是否为整型"
413:              "description": "是否为 json"
417:              "description": "长度等于指定值"
421:              "description": "是否为数字"
425:              "description": "是否为必填"
429:              "description": "是否为 URL 地址"
433:              "description": "内容命中指定正则"
437:              "description": "内容命中指定正则"
441:              "description": "内容命中指定正则"
445:              "description": "内容命中指定正则"
449:              "description": "内容命中指定正则"
453:              "description": "内容命中指定正则"
457:              "description": "最大长度为指定值"
461:              "description": "最大值为指定值"
465:              "description": "最小长度为指定值"
469:              "description": "最小值为指定值"
483:              "description": "和目标日期相同，支持指定粒度，默认到毫秒"
497:              "description": "早于目标日期，支持指定粒度，默认到毫秒"
511:              "description": "晚于目标日期，支持指定粒度，默认到毫秒"
525:              "description": "早于目标日期或和目标日期相同，支持指定粒度，默认到毫秒"
539:              "description": "晚于目标日期或和目标日期相同，支持指定粒度，默认到毫秒"
553:              "description": "日期处于目标日期范围，支持指定粒度和区间的开闭形式，默认到毫秒, 左右开区间"
567:              "description": "和目标时间相同，支持指定粒度，默认到毫秒"
581:              "description": "早于目标时间，支持指定粒度，默认到毫秒"
595:              "description": "晚于目标时间，支持指定粒度，默认到毫秒"
609:              "description": "早于目标时间或和目标时间相同，支持指定粒度，默认到毫秒"
623:              "description": "晚于目标时间或和目标时间相同，支持指定粒度，默认到毫秒"
637:              "description": "时间处于目标时间范围，支持指定粒度和区间的开闭形式，默认到毫秒, 左右开区间"
644:      "description": "默认值，切记只能是静态值，不支持取变量，跟数据关联是通过设置 name 属性来实现的。"
648:      "description": "表单项隐藏时，是否在当前 Form 中删除掉该表单项值。注意同名的未隐藏的表单项值也会删掉"
659:      "description": "远端校验表单项接口"
674:              "description": "是否为参照录入模式，参照录入会展示候选值供用户选择，而不是直接填充。"
677:              "description": "参照录入时，默认选中的值"
688:              "description": "自动填充 api"
692:              "description": "是否展示数据格式错误提示，默认为不展示",
697:              "description": "填充时的数据映射"
706:              "description": "触发条件，默认为 change"
715:              "description": "弹窗方式，当为参照录入时用可以配置"
719:              "description": "当参照录入为抽屉时可以配置弹出位置"
723:              "description": "当为参照录入时可以配置弹出容器的大小"
728:              "description": "参照录入展示的项"
731:              "description": "参照录入时的过滤条件"
737:      "description": "自动填充，当选项被选择的时候，将选项中的其他值同步设置到表单内。"
755:      "description": "组件唯一 id，主要用于页面设计器中定位 json 节点"
759:      "description": "容器 css 类名"
763:      "description": "配合 definitions 一起使用，可以实现无限循环的渲染器。"
767:      "description": "是否禁用"
771:      "description": "是否禁用表达式"
775:      "description": "是否隐藏"
779:      "description": "是否隐藏表达式"
783:      "description": "是否显示"
787:      "description": "是否显示表达式"
791:      "description": "组件唯一 id，主要用于日志采集"
819:      "description": "事件动作配置"
823:      "description": "是否静态展示"
827:      "description": "是否静态展示表达式"
831:      "description": "静态展示空值占位"
835:      "description": "静态展示表单项类名"
839:      "description": "静态展示表单项Label类名"
843:      "description": "静态展示表单项Value类名"
848:      "description": "组件样式"
855:          "description": "组件行为、用途，如 create、update、remove"
859:          "description": "组件名称，通常是业务名称方便定位"
862:          "description": "编辑器假数据，方便展示"
865:      "description": "编辑器配置，运行时可以忽略"
869:      "description": "可以组件级别用来关闭移动端样式"
876:      "description": "显示一个小图标, 鼠标放上去的时候显示提示内容"
880:      "description": "显示一个小图标, 鼠标放上去的时候显示提示内容, 这个小图标跟 label 在一起"
888:      "description": "表单项类型"
892:      "description": "自动完成 API，当输入部分文字的时候，会将这些文字通过 ${term} 可以取到，发送给接口。 接口可以返回匹配到的选项，帮助用户输入。"
896:      "description": "可以自定义菜单展示。"
900:      "description": "当在value值未匹配到当前options中的选项时，是否value值对应文本飘红显示"
909:      "description": "边框模式，全边框，还是半边框，或者没边框。"
920:      "description": "勾选展示模式"
927:      "description": "当 selectMode 为 associated 时用来定义左侧的选项"
935:      "description": "当 selectMode 为 associated 时用来定义左侧的选择模式"
945:      "description": "当 selectMode 为 associated 时用来定义右侧的选择模式"
955:      "description": "搜索结果展示模式"
960:      "description": "当 selectMode 为 table 时定义表格列信息。"
965:      "description": "当 searchResultMode 为 table 时定义表格列信息。"
969:      "description": "可搜索？"
973:      "description": "搜索 API"
977:      "description": "单个选项的高度，主要用于虚拟渲染"
981:      "description": "在选项数量达到多少时开启虚拟渲染"
985:      "description": "可多选条件下，是否可全选"
989:      "description": "可多选条件下，是否默认全选中所有值"
993:      "description": "可多选条件下，全选项文案，默认 ”全选“"
997:      "description": "标签的最大展示数量，超出数量后以收纳浮层的方式展示，仅在多选模式开启后生效"
1001:      "description": "收纳标签的Popover配置"
1005:      "description": "选项的自定义CSS类名"
1015:          "description": "下拉框 Popover 的宽度设置，支持单位 '%'、'px'、'rem'、'em'、'vw', 支持相对写法如 '+20px'"
1024:          "description": "下拉框 Popover 的对齐方式"
1029:          "description": "检索函数"
1033:      "description": "下拉框 Popover 设置"
1040:  "description": "Select 下拉选择框。 文档：https://aisuda.bce.baidu.com/amis/zh-CN/components/form/select",
------------------------------------
⚠️  Chinese characters found in: output/ServiceSchema.json
18:      "description": "组件唯一 id，主要用于页面设计器中定位 json 节点"
22:      "description": "容器 css 类名"
26:      "description": "配合 definitions 一起使用，可以实现无限循环的渲染器。"
30:      "description": "是否禁用"
34:      "description": "是否禁用表达式"
38:      "description": "是否隐藏"
42:      "description": "是否隐藏表达式"
46:      "description": "是否显示"
50:      "description": "是否显示表达式"
54:      "description": "组件唯一 id，主要用于日志采集"
82:      "description": "事件动作配置"
86:      "description": "是否静态展示"
90:      "description": "是否静态展示表达式"
94:      "description": "静态展示空值占位"
98:      "description": "静态展示表单项类名"
102:      "description": "静态展示表单项Label类名"
106:      "description": "静态展示表单项Value类名"
111:      "description": "组件样式"
118:          "description": "组件行为、用途，如 create、update、remove"
122:          "description": "组件名称，通常是业务名称方便定位"
125:          "description": "编辑器假数据，方便展示"
128:      "description": "编辑器配置，运行时可以忽略"
132:      "description": "可以组件级别用来关闭移动端样式"
140:      "description": "指定为 Service 数据拉取控件。"
147:      "description": "页面初始化的时候，可以设置一个 API 让其取拉取，发送数据会携带当前 data 数据（包含地址栏参数），获取得数据会合并到 data 中，供组件内使用。"
151:      "description": "WebScocket 地址，用于实时获取数据"
155:      "description": "通过调用外部函数来获取数据"
159:      "description": "内容区域"
166:      "description": "是否默认就拉取？"
170:      "description": "是否默认就拉取？通过表达式来决定."
174:      "description": "用来获取远程 Schema 的 api"
178:      "description": "是否默认加载 schemaApi"
182:      "description": "用表达式来配置。"
186:      "description": "是否轮询拉取"
190:      "description": "是否静默拉取"
194:      "description": "关闭轮询的条件。"
204:      "description": "是否以Alert的形式显示api接口响应的错误信息，默认展示"
211:  "description": "Service 服务类控件。 文档：https://aisuda.bce.baidu.com/amis/zh-CN/components/service",
------------------------------------
⚠️  Chinese characters found in: output/ShortCutDate.json
16:      "description": "支持表达式"
------------------------------------
⚠️  Chinese characters found in: output/SparkLineSchema.json
6:      "description": "组件唯一 id，主要用于页面设计器中定位 json 节点"
10:      "description": "css 类名"
14:      "description": "配合 definitions 一起使用，可以实现无限循环的渲染器。"
18:      "description": "是否禁用"
22:      "description": "是否禁用表达式"
26:      "description": "是否隐藏"
30:      "description": "是否隐藏表达式"
34:      "description": "是否显示"
38:      "description": "是否显示表达式"
42:      "description": "组件唯一 id，主要用于日志采集"
70:      "description": "事件动作配置"
74:      "description": "是否静态展示"
78:      "description": "是否静态展示表达式"
82:      "description": "静态展示空值占位"
86:      "description": "静态展示表单项类名"
90:      "description": "静态展示表单项Label类名"
94:      "description": "静态展示表单项Value类名"
99:      "description": "组件样式"
106:          "description": "组件行为、用途，如 create、update、remove"
110:          "description": "组件名称，通常是业务名称方便定位"
113:          "description": "编辑器假数据，方便展示"
116:      "description": "编辑器配置，运行时可以忽略"
120:      "description": "可以组件级别用来关闭移动端样式"
134:      "description": "关联数据变量。"
138:      "description": "宽度",
143:      "description": "高度",
148:      "description": "点击行为"
152:      "description": "空数据时显示的内容"
------------------------------------
⚠️  Chinese characters found in: output/SpinnerSchema.json
18:      "description": "组件唯一 id，主要用于页面设计器中定位 json 节点"
22:      "description": "自定义spinner的class"
26:      "description": "配合 definitions 一起使用，可以实现无限循环的渲染器。"
30:      "description": "是否禁用"
34:      "description": "是否禁用表达式"
38:      "description": "是否隐藏"
42:      "description": "是否隐藏表达式"
46:      "description": "是否显示"
50:      "description": "是否显示表达式"
54:      "description": "组件唯一 id，主要用于日志采集"
82:      "description": "事件动作配置"
86:      "description": "是否静态展示"
90:      "description": "是否静态展示表达式"
94:      "description": "静态展示空值占位"
98:      "description": "静态展示表单项类名"
102:      "description": "静态展示表单项Label类名"
106:      "description": "静态展示表单项Value类名"
111:      "description": "组件样式"
118:          "description": "组件行为、用途，如 create、update、remove"
122:          "description": "组件名称，通常是业务名称方便定位"
125:          "description": "编辑器假数据，方便展示"
128:      "description": "编辑器配置，运行时可以忽略"
132:      "description": "可以组件级别用来关闭移动端样式"
140:      "description": "组件类型"
147:      "description": "控制Spinner显示与隐藏"
151:      "description": "spin图标位置包裹元素的自定义class"
155:      "description": "作为容器使用时最外层元素的class"
167:      "description": "spinner Icon 大小"
171:      "description": "自定义icon"
175:      "description": "spinner文案"
185:      "description": "spinner文案位置"
189:      "description": "延迟显示"
193:      "description": "是否显示遮罩层"
197:      "description": "作为容器使用时内容"
------------------------------------
⚠️  Chinese characters found in: output/StateSchema.json
9:      "description": "组件唯一 id，主要用于页面设计器中定位 json 节点"
13:      "description": "容器 css 类名"
17:      "description": "配合 definitions 一起使用，可以实现无限循环的渲染器。"
21:      "description": "是否禁用"
25:      "description": "是否禁用表达式"
29:      "description": "是否隐藏"
33:      "description": "是否隐藏表达式"
37:      "description": "是否显示"
41:      "description": "显示条件"
45:      "description": "组件唯一 id，主要用于日志采集"
73:      "description": "事件动作配置"
77:      "description": "是否静态展示"
81:      "description": "是否静态展示表达式"
85:      "description": "静态展示空值占位"
89:      "description": "静态展示表单项类名"
93:      "description": "静态展示表单项Label类名"
97:      "description": "静态展示表单项Value类名"
102:      "description": "组件样式"
109:          "description": "组件行为、用途，如 create、update、remove"
113:          "description": "组件名称，通常是业务名称方便定位"
116:          "description": "编辑器假数据，方便展示"
119:      "description": "编辑器配置，运行时可以忽略"
123:      "description": "可以组件级别用来关闭移动端样式"
130:      "description": "状态标题"
134:      "description": "内容"
------------------------------------
⚠️  Chinese characters found in: output/StaticExactControlSchema.json
6:      "description": "组件唯一 id，主要用于页面设计器中定位 json 节点"
10:      "description": "容器 css 类名"
14:      "description": "配合 definitions 一起使用，可以实现无限循环的渲染器。"
18:      "description": "是否禁用"
22:      "description": "是否禁用表达式"
26:      "description": "是否隐藏"
30:      "description": "是否隐藏表达式"
34:      "description": "是否显示"
38:      "description": "是否显示表达式"
42:      "description": "组件唯一 id，主要用于日志采集"
70:      "description": "事件动作配置"
74:      "description": "是否静态展示"
78:      "description": "是否静态展示表达式"
82:      "description": "静态展示空值占位"
86:      "description": "静态展示表单项类名"
90:      "description": "静态展示表单项Label类名"
94:      "description": "静态展示表单项Value类名"
99:      "description": "组件样式"
106:          "description": "组件行为、用途，如 create、update、remove"
110:          "description": "组件名称，通常是业务名称方便定位"
113:          "description": "编辑器假数据，方便展示"
116:      "description": "编辑器配置，运行时可以忽略"
120:      "description": "可以组件级别用来关闭移动端样式"
134:      "description": "表单项大小"
146:      "description": "描述标题"
150:      "description": "描述标题"
157:      "description": "label自定义宽度，默认单位为px"
161:      "description": "配置 label className"
165:      "description": "字段名，表单提交时的 key，支持多层级，用.连接，如： a.b.c"
169:      "description": "额外的字段名，当为范围组件时可以用来将另外一个值打平出来"
173:      "description": "显示一个小图标, 鼠标放上去的时候显示提示内容"
177:      "description": "显示一个小图标, 鼠标放上去的时候显示提示内容, 这个小图标跟 label 在一起"
181:      "description": "输入提示，聚焦的时候显示"
185:      "description": "当修改完的时候是否提交表单。"
189:      "description": "是否只读"
193:      "description": "只读条件"
197:      "description": "不设置时，当表单提交过后表单项每次修改都会触发重新验证， 如果设置了，则由此配置项来决定要不要每次修改都触发验证。"
201:      "description": "描述内容，支持 Html 片段。"
208:      "description": "配置描述上的 className"
217:      "description": "配置当前表单项展示模式"
221:      "description": "当配置为水平布局的时候，用来配置具体的左右分配。"
225:      "description": "表单 control 是否为 inline 模式。"
229:      "description": "配置 input className"
233:      "description": "占位符"
237:      "description": "是否为必填"
336:      "description": "验证失败的提示信息"
348:              "description": "是否是字母"
352:              "description": "是否为字母数字"
356:              "description": "是否为邮箱地址"
360:              "description": "是否为浮点型"
364:              "description": "是否为整型"
368:              "description": "是否为 json"
372:              "description": "长度等于指定值"
376:              "description": "是否为数字"
380:              "description": "是否为必填"
384:              "description": "是否为 URL 地址"
388:              "description": "内容命中指定正则"
392:              "description": "内容命中指定正则"
396:              "description": "内容命中指定正则"
400:              "description": "内容命中指定正则"
404:              "description": "内容命中指定正则"
408:              "description": "内容命中指定正则"
412:              "description": "最大长度为指定值"
416:              "description": "最大值为指定值"
420:              "description": "最小长度为指定值"
424:              "description": "最小值为指定值"
438:              "description": "和目标日期相同，支持指定粒度，默认到毫秒"
452:              "description": "早于目标日期，支持指定粒度，默认到毫秒"
466:              "description": "晚于目标日期，支持指定粒度，默认到毫秒"
480:              "description": "早于目标日期或和目标日期相同，支持指定粒度，默认到毫秒"
494:              "description": "晚于目标日期或和目标日期相同，支持指定粒度，默认到毫秒"
508:              "description": "日期处于目标日期范围，支持指定粒度和区间的开闭形式，默认到毫秒, 左右开区间"
522:              "description": "和目标时间相同，支持指定粒度，默认到毫秒"
536:              "description": "早于目标时间，支持指定粒度，默认到毫秒"
550:              "description": "晚于目标时间，支持指定粒度，默认到毫秒"
564:              "description": "早于目标时间或和目标时间相同，支持指定粒度，默认到毫秒"
578:              "description": "晚于目标时间或和目标时间相同，支持指定粒度，默认到毫秒"
592:              "description": "时间处于目标时间范围，支持指定粒度和区间的开闭形式，默认到毫秒, 左右开区间"
599:      "description": "默认值，切记只能是静态值，不支持取变量，跟数据关联是通过设置 name 属性来实现的。"
603:      "description": "表单项隐藏时，是否在当前 Form 中删除掉该表单项值。注意同名的未隐藏的表单项值也会删掉"
614:      "description": "远端校验表单项接口"
629:              "description": "是否为参照录入模式，参照录入会展示候选值供用户选择，而不是直接填充。"
632:              "description": "参照录入时，默认选中的值"
643:              "description": "自动填充 api"
647:              "description": "是否展示数据格式错误提示，默认为不展示",
652:              "description": "填充时的数据映射"
661:              "description": "触发条件，默认为 change"
670:              "description": "弹窗方式，当为参照录入时用可以配置"
674:              "description": "当参照录入为抽屉时可以配置弹出位置"
678:              "description": "当为参照录入时可以配置弹出容器的大小"
683:              "description": "参照录入展示的项"
686:              "description": "参照录入时的过滤条件"
692:      "description": "自动填充，当选项被选择的时候，将选项中的其他值同步设置到表单内。"
711:      "description": "表单项类型"
715:      "description": "内容模板， 支持 HTML"
719:      "description": "内容模板，不支持 HTML"
723:      "description": "配置查看详情功能"
727:      "description": "配置快速编辑功能"
731:      "description": "配置点击复制功能"
740:      "description": "边框模式，默认是无边框的"
747:  "description": "Static 文档：https://aisuda.bce.baidu.com/amis/zh-CN/components/form/static",
------------------------------------
⚠️  Chinese characters found in: output/StatusSchema.json
6:      "description": "组件唯一 id，主要用于页面设计器中定位 json 节点"
10:      "description": "容器 css 类名"
14:      "description": "配合 definitions 一起使用，可以实现无限循环的渲染器。"
18:      "description": "是否禁用"
22:      "description": "是否禁用表达式"
26:      "description": "是否隐藏"
30:      "description": "是否隐藏表达式"
34:      "description": "是否显示"
38:      "description": "是否显示表达式"
42:      "description": "组件唯一 id，主要用于日志采集"
70:      "description": "事件动作配置"
74:      "description": "是否静态展示"
78:      "description": "是否静态展示表达式"
82:      "description": "静态展示空值占位"
86:      "description": "静态展示表单项类名"
90:      "description": "静态展示表单项Label类名"
94:      "description": "静态展示表单项Value类名"
99:      "description": "组件样式"
106:          "description": "组件行为、用途，如 create、update、remove"
110:          "description": "组件名称，通常是业务名称方便定位"
113:          "description": "编辑器假数据，方便展示"
116:      "description": "编辑器配置，运行时可以忽略"
120:      "description": "可以组件级别用来关闭移动端样式"
128:      "description": "指定为状态展示控件"
135:      "description": "占位符"
142:      "description": "状态图标映射关系"
149:      "description": "文字映射关系",
151:        "success": "成功",
152:        "pending": "运行中",
153:        "fail": "失败",
154:        "queue": "排队中",
155:        "schedule": "调度中"
160:      "description": "新版配置映射源的字段 可以兼容新版icon并且配置颜色 2.8.0 新增"
167:  "description": "状态展示控件。 文档：https://aisuda.bce.baidu.com/amis/zh-CN/components/status",
------------------------------------
⚠️  Chinese characters found in: output/StepSchema.json
10:      "description": "组件唯一 id，主要用于页面设计器中定位 json 节点"
14:      "description": "容器 css 类名"
18:      "description": "配合 definitions 一起使用，可以实现无限循环的渲染器。"
22:      "description": "是否禁用"
26:      "description": "是否禁用表达式"
30:      "description": "是否隐藏"
34:      "description": "是否隐藏表达式"
38:      "description": "是否显示"
42:      "description": "是否显示表达式"
46:      "description": "组件唯一 id，主要用于日志采集"
74:      "description": "事件动作配置"
78:      "description": "是否静态展示"
82:      "description": "是否静态展示表达式"
86:      "description": "静态展示空值占位"
90:      "description": "静态展示表单项类名"
94:      "description": "静态展示表单项Label类名"
98:      "description": "静态展示表单项Value类名"
103:      "description": "组件样式"
110:          "description": "组件行为、用途，如 create、update、remove"
114:          "description": "组件名称，通常是业务名称方便定位"
117:          "description": "编辑器假数据，方便展示"
120:      "description": "编辑器配置，运行时可以忽略"
124:      "description": "可以组件级别用来关闭移动端样式"
138:      "description": "标题"
149:      "description": "子标题"
153:      "description": "图标"
170:      "description": "描述"
------------------------------------
⚠️  Chinese characters found in: output/StepsSchema.json
6:      "description": "组件唯一 id，主要用于页面设计器中定位 json 节点"
10:      "description": "容器 css 类名"
14:      "description": "配合 definitions 一起使用，可以实现无限循环的渲染器。"
18:      "description": "是否禁用"
22:      "description": "是否禁用表达式"
26:      "description": "是否隐藏"
30:      "description": "是否隐藏表达式"
34:      "description": "是否显示"
38:      "description": "是否显示表达式"
42:      "description": "组件唯一 id，主要用于日志采集"
70:      "description": "事件动作配置"
74:      "description": "是否静态展示"
78:      "description": "是否静态展示表达式"
82:      "description": "静态展示空值占位"
86:      "description": "静态展示表单项类名"
90:      "description": "静态展示表单项Label类名"
94:      "description": "静态展示表单项Value类名"
99:      "description": "组件样式"
106:          "description": "组件行为、用途，如 create、update、remove"
110:          "description": "组件名称，通常是业务名称方便定位"
113:          "description": "编辑器假数据，方便展示"
116:      "description": "编辑器配置，运行时可以忽略"
120:      "description": "可以组件级别用来关闭移动端样式"
128:      "description": "指定为 Steps 步骤条渲染器"
138:      "description": "步骤"
142:      "description": "API 或 数据映射"
149:      "description": "指定当前步骤"
153:      "description": "变量映射"
177:      "description": "展示模式"
185:      "description": "标签放置位置"
189:      "description": "点状步骤条"
194:      "description": "切换图标位置"
------------------------------------
⚠️  Chinese characters found in: output/SubFormControlSchema.json
6:      "description": "组件唯一 id，主要用于页面设计器中定位 json 节点"
10:      "description": "容器 css 类名"
14:      "description": "配合 definitions 一起使用，可以实现无限循环的渲染器。"
18:      "description": "是否禁用"
22:      "description": "是否禁用表达式"
26:      "description": "是否隐藏"
30:      "description": "是否隐藏表达式"
34:      "description": "是否显示"
38:      "description": "是否显示表达式"
42:      "description": "组件唯一 id，主要用于日志采集"
70:      "description": "事件动作配置"
74:      "description": "是否静态展示"
78:      "description": "是否静态展示表达式"
82:      "description": "静态展示空值占位"
86:      "description": "静态展示表单项类名"
90:      "description": "静态展示表单项Label类名"
94:      "description": "静态展示表单项Value类名"
99:      "description": "组件样式"
106:          "description": "组件行为、用途，如 create、update、remove"
110:          "description": "组件名称，通常是业务名称方便定位"
113:          "description": "编辑器假数据，方便展示"
116:      "description": "编辑器配置，运行时可以忽略"
120:      "description": "可以组件级别用来关闭移动端样式"
134:      "description": "表单项大小"
146:      "description": "描述标题"
150:      "description": "描述标题"
157:      "description": "label自定义宽度，默认单位为px"
161:      "description": "配置 label className"
165:      "description": "字段名，表单提交时的 key，支持多层级，用.连接，如： a.b.c"
169:      "description": "额外的字段名，当为范围组件时可以用来将另外一个值打平出来"
173:      "description": "显示一个小图标, 鼠标放上去的时候显示提示内容"
177:      "description": "显示一个小图标, 鼠标放上去的时候显示提示内容, 这个小图标跟 label 在一起"
181:      "description": "输入提示，聚焦的时候显示"
185:      "description": "当修改完的时候是否提交表单。"
189:      "description": "是否只读"
193:      "description": "只读条件"
197:      "description": "不设置时，当表单提交过后表单项每次修改都会触发重新验证， 如果设置了，则由此配置项来决定要不要每次修改都触发验证。"
201:      "description": "描述内容，支持 Html 片段。"
208:      "description": "配置描述上的 className"
217:      "description": "配置当前表单项展示模式"
221:      "description": "当配置为水平布局的时候，用来配置具体的左右分配。"
225:      "description": "表单 control 是否为 inline 模式。"
229:      "description": "配置 input className"
233:      "description": "占位符"
237:      "description": "是否为必填"
336:      "description": "验证失败的提示信息"
348:              "description": "是否是字母"
352:              "description": "是否为字母数字"
356:              "description": "是否为邮箱地址"
360:              "description": "是否为浮点型"
364:              "description": "是否为整型"
368:              "description": "是否为 json"
372:              "description": "长度等于指定值"
376:              "description": "是否为数字"
380:              "description": "是否为必填"
384:              "description": "是否为 URL 地址"
388:              "description": "内容命中指定正则"
392:              "description": "内容命中指定正则"
396:              "description": "内容命中指定正则"
400:              "description": "内容命中指定正则"
404:              "description": "内容命中指定正则"
408:              "description": "内容命中指定正则"
412:              "description": "最大长度为指定值"
416:              "description": "最大值为指定值"
420:              "description": "最小长度为指定值"
424:              "description": "最小值为指定值"
438:              "description": "和目标日期相同，支持指定粒度，默认到毫秒"
452:              "description": "早于目标日期，支持指定粒度，默认到毫秒"
466:              "description": "晚于目标日期，支持指定粒度，默认到毫秒"
480:              "description": "早于目标日期或和目标日期相同，支持指定粒度，默认到毫秒"
494:              "description": "晚于目标日期或和目标日期相同，支持指定粒度，默认到毫秒"
508:              "description": "日期处于目标日期范围，支持指定粒度和区间的开闭形式，默认到毫秒, 左右开区间"
522:              "description": "和目标时间相同，支持指定粒度，默认到毫秒"
536:              "description": "早于目标时间，支持指定粒度，默认到毫秒"
550:              "description": "晚于目标时间，支持指定粒度，默认到毫秒"
564:              "description": "早于目标时间或和目标时间相同，支持指定粒度，默认到毫秒"
578:              "description": "晚于目标时间或和目标时间相同，支持指定粒度，默认到毫秒"
592:              "description": "时间处于目标时间范围，支持指定粒度和区间的开闭形式，默认到毫秒, 左右开区间"
599:      "description": "默认值，切记只能是静态值，不支持取变量，跟数据关联是通过设置 name 属性来实现的。"
603:      "description": "表单项隐藏时，是否在当前 Form 中删除掉该表单项值。注意同名的未隐藏的表单项值也会删掉"
614:      "description": "远端校验表单项接口"
629:              "description": "是否为参照录入模式，参照录入会展示候选值供用户选择，而不是直接填充。"
632:              "description": "参照录入时，默认选中的值"
643:              "description": "自动填充 api"
647:              "description": "是否展示数据格式错误提示，默认为不展示",
652:              "description": "填充时的数据映射"
661:              "description": "触发条件，默认为 change"
670:              "description": "弹窗方式，当为参照录入时用可以配置"
674:              "description": "当参照录入为抽屉时可以配置弹出位置"
678:              "description": "当为参照录入时可以配置弹出容器的大小"
683:              "description": "参照录入展示的项"
686:              "description": "参照录入时的过滤条件"
692:      "description": "自动填充，当选项被选择的时候，将选项中的其他值同步设置到表单内。"
711:      "description": "指定为 SubForm 子表单"
715:      "description": "是否多选"
719:      "description": "是否可拖拽排序"
723:      "description": "拖拽提示信息"
727:      "description": "是否可新增"
731:      "description": "是否可删除"
735:      "description": "最少个数"
739:      "description": "最多个数"
743:      "description": "当值中存在这个字段，则按钮名称将使用此字段的值来展示。"
747:      "description": "按钮默认名称"
751:      "description": "新增按钮文字"
755:      "description": "新增按钮 CSS 类名"
759:      "description": "值元素的类名"
763:      "description": "值列表元素的类名"
767:      "description": "是否在左下角显示报错信息"
777:          "description": "按钮集合，会固定在底部显示。"
781:          "description": "表单项集合"
785:          "description": "表单标题"
792:          "description": "是否开启调试，开启后会在顶部实时显示表单项数据。"
799:              "description": "默认展开的级别"
803:              "description": "是否可复制"
812:              "description": "图标风格"
816:              "description": "是否显示键的引号"
820:              "description": "是否为键排序"
832:              "description": "设置字符串的最大展示长度，超出长度阈值的字符串将被截断，点击value可切换字符串展示方式，默认为120"
836:          "description": "Debug面板配置"
847:          "description": "用来初始化表单数据"
858:          "description": "Form 用来获取初始数据的 api,与initApi不同的是，会一直轮询请求该接口，直到返回 finished 属性为 true 才 结束。"
862:          "description": "设置了initAsyncApi后，默认会从返回数据的data.finished来判断是否完成，也可以设置成其他的xxx，就会从data.xxx中获取"
866:          "description": "设置了initAsyncApi以后，默认拉取的时间间隔"
870:          "description": "是否初始加载"
874:          "description": "建议改成 api 的 sendOn 属性。"
878:          "description": "设置后将轮询调用 initApi"
882:          "description": "是否静默拉取"
886:          "description": "配置停止轮询的条件"
890:          "description": "是否开启本地缓存"
897:          "description": "开启本地缓存后限制保存哪些 key"
901:          "description": "提交成功后清空本地缓存"
912:          "description": "Form 用来保存数据的 api。\n\n详情：https://aisuda.bce.baidu.com/amis/zh-CN/components/form/index#%E8%A1%A8%E5%8D%95%E6%8F%90%E4%BA%A4"
915:          "description": "Form 也可以配置 feedback。"
926:          "description": "设置此属性后，表单提交发送保存接口后，还会继续轮询请求该接口，直到返回 finished 属性为 true 才 结束。"
930:          "description": "轮询请求的时间间隔，默认为 3秒。设置 asyncApi 才有效"
934:          "description": "如果决定结束的字段名不是 `finished` 请设置此属性，比如 `is_success`"
938:          "description": "提交完后重置表单"
942:          "description": "提交后清空表单"
952:          "description": "配置表单项默认的展示方式。"
956:          "description": "表单项显示为几列"
960:          "description": "如果是水平排版，这个属性可以细化水平排版的左右宽度占比。"
964:          "description": "是否自动将第一个表单元素聚焦。"
971:              "description": "表单验证失败时的提示"
975:          "description": "消息文案配置，记住这个优先级是最低的，如果你的接口返回了 msg，接口返回的优先。"
982:          "description": "配置容器 panel className"
986:          "description": "设置主键 id, 当设置后，检测表单是否完成时（asyncApi），只会携带此数据。"
996:          "description": "修改的时候是否直接提交表单。"
1000:          "description": "表单初始先提交一次，联动的时候有用"
1004:          "description": "默认的提交按钮名称，如果设置成空，则可以把默认按钮去掉。"
1008:          "description": "默认表单提交自己会通过发送 api 保存数据，但是也可以设定另外一个 form 的 name 值，或者另外一个 `CRUD` 模型的 name 值。 如果 target 目标是一个 `Form` ，则目标 `Form` 会重新触发 `initApi` 和 `schemaApi`，api 可以拿到当前 form 数据。如果目标是一个 `CRUD` 模型，则目标模型会重新触发搜索，参数为当前 Form 数据。"
1012:          "description": "是否用 panel 包裹起来"
1016:          "description": "是否固定底下的按钮在底部。"
1020:          "description": "页面离开提示，为了防止页面不小心跳转而导致表单没有保存。"
1024:          "description": "具体的提示信息，选填。"
1057:          "description": "组合校验规则，选填"
1061:          "description": "禁用回车提交"
1065:          "description": "表单label的对齐方式"
1072:          "description": "label自定义宽度，默认单位为px"
1076:          "description": "展示态时的className"
1089:          "description": "组件唯一 id，主要用于页面设计器中定位 json 节点"
1093:          "description": "容器 css 类名"
1097:          "description": "配合 definitions 一起使用，可以实现无限循环的渲染器。"
1101:          "description": "是否禁用"
1105:          "description": "是否禁用表达式"
1109:          "description": "是否隐藏"
1113:          "description": "是否隐藏表达式"
1117:          "description": "是否显示"
1121:          "description": "是否显示表达式"
1125:          "description": "组件唯一 id，主要用于日志采集"
1153:          "description": "事件动作配置"
1157:          "description": "静态展示空值占位"
1161:          "description": "静态展示表单项Label类名"
1165:          "description": "静态展示表单项Value类名"
1170:          "description": "组件样式"
1177:              "description": "组件行为、用途，如 create、update、remove"
1181:              "description": "组件名称，通常是业务名称方便定位"
1184:              "description": "编辑器假数据，方便展示"
1187:          "description": "编辑器配置，运行时可以忽略"
1191:          "description": "可以组件级别用来关闭移动端样式"
1198:      "description": "子表单详情"
1206:  "description": "SubForm 子表单 文档：https://aisuda.bce.baidu.com/amis/zh-CN/components/form/subform",
------------------------------------
⚠️  Chinese characters found in: output/SwitchContainerSchema.json
6:      "description": "组件唯一 id，主要用于页面设计器中定位 json 节点"
10:      "description": "容器 css 类名"
14:      "description": "配合 definitions 一起使用，可以实现无限循环的渲染器。"
18:      "description": "是否禁用"
22:      "description": "是否禁用表达式"
26:      "description": "是否隐藏"
30:      "description": "是否隐藏表达式"
34:      "description": "是否显示"
38:      "description": "是否显示表达式"
42:      "description": "组件唯一 id，主要用于日志采集"
70:      "description": "事件动作配置"
74:      "description": "是否静态展示"
78:      "description": "是否静态展示表达式"
82:      "description": "静态展示空值占位"
86:      "description": "静态展示表单项类名"
90:      "description": "静态展示表单项Label类名"
94:      "description": "静态展示表单项Value类名"
99:      "description": "自定义样式"
106:          "description": "组件行为、用途，如 create、update、remove"
110:          "description": "组件名称，通常是业务名称方便定位"
113:          "description": "编辑器假数据，方便展示"
116:      "description": "编辑器配置，运行时可以忽略"
120:      "description": "可以组件级别用来关闭移动端样式"
128:      "description": "指定为 container 类型"
138:      "description": "状态项列表"
146:  "description": "SwitchContainer 状态容器渲染器。 文档：https://aisuda.bce.baidu.com/amis/zh-CN/components/state-container",
------------------------------------
⚠️  Chinese characters found in: output/SwitchControlSchema.json
6:      "description": "组件唯一 id，主要用于页面设计器中定位 json 节点"
10:      "description": "容器 css 类名"
14:      "description": "配合 definitions 一起使用，可以实现无限循环的渲染器。"
18:      "description": "是否禁用"
22:      "description": "是否禁用表达式"
26:      "description": "是否隐藏"
30:      "description": "是否隐藏表达式"
34:      "description": "是否显示"
38:      "description": "是否显示表达式"
42:      "description": "组件唯一 id，主要用于日志采集"
70:      "description": "事件动作配置"
74:      "description": "是否静态展示"
78:      "description": "是否静态展示表达式"
82:      "description": "静态展示空值占位"
86:      "description": "静态展示表单项类名"
90:      "description": "静态展示表单项Label类名"
94:      "description": "静态展示表单项Value类名"
99:      "description": "组件样式"
106:          "description": "组件行为、用途，如 create、update、remove"
110:          "description": "组件名称，通常是业务名称方便定位"
113:          "description": "编辑器假数据，方便展示"
116:      "description": "编辑器配置，运行时可以忽略"
120:      "description": "可以组件级别用来关闭移动端样式"
131:      "description": "开关尺寸"
143:      "description": "描述标题"
147:      "description": "描述标题"
154:      "description": "label自定义宽度，默认单位为px"
158:      "description": "配置 label className"
162:      "description": "字段名，表单提交时的 key，支持多层级，用.连接，如： a.b.c"
166:      "description": "额外的字段名，当为范围组件时可以用来将另外一个值打平出来"
170:      "description": "显示一个小图标, 鼠标放上去的时候显示提示内容"
174:      "description": "显示一个小图标, 鼠标放上去的时候显示提示内容, 这个小图标跟 label 在一起"
178:      "description": "输入提示，聚焦的时候显示"
182:      "description": "当修改完的时候是否提交表单。"
186:      "description": "是否只读"
190:      "description": "只读条件"
194:      "description": "不设置时，当表单提交过后表单项每次修改都会触发重新验证， 如果设置了，则由此配置项来决定要不要每次修改都触发验证。"
198:      "description": "描述内容，支持 Html 片段。"
205:      "description": "配置描述上的 className"
214:      "description": "配置当前表单项展示模式"
218:      "description": "当配置为水平布局的时候，用来配置具体的左右分配。"
222:      "description": "表单 control 是否为 inline 模式。"
226:      "description": "配置 input className"
230:      "description": "占位符"
234:      "description": "是否为必填"
333:      "description": "验证失败的提示信息"
345:              "description": "是否是字母"
349:              "description": "是否为字母数字"
353:              "description": "是否为邮箱地址"
357:              "description": "是否为浮点型"
361:              "description": "是否为整型"
365:              "description": "是否为 json"
369:              "description": "长度等于指定值"
373:              "description": "是否为数字"
377:              "description": "是否为必填"
381:              "description": "是否为 URL 地址"
385:              "description": "内容命中指定正则"
389:              "description": "内容命中指定正则"
393:              "description": "内容命中指定正则"
397:              "description": "内容命中指定正则"
401:              "description": "内容命中指定正则"
405:              "description": "内容命中指定正则"
409:              "description": "最大长度为指定值"
413:              "description": "最大值为指定值"
417:              "description": "最小长度为指定值"
421:              "description": "最小值为指定值"
435:              "description": "和目标日期相同，支持指定粒度，默认到毫秒"
449:              "description": "早于目标日期，支持指定粒度，默认到毫秒"
463:              "description": "晚于目标日期，支持指定粒度，默认到毫秒"
477:              "description": "早于目标日期或和目标日期相同，支持指定粒度，默认到毫秒"
491:              "description": "晚于目标日期或和目标日期相同，支持指定粒度，默认到毫秒"
505:              "description": "日期处于目标日期范围，支持指定粒度和区间的开闭形式，默认到毫秒, 左右开区间"
519:              "description": "和目标时间相同，支持指定粒度，默认到毫秒"
533:              "description": "早于目标时间，支持指定粒度，默认到毫秒"
547:              "description": "晚于目标时间，支持指定粒度，默认到毫秒"
561:              "description": "早于目标时间或和目标时间相同，支持指定粒度，默认到毫秒"
575:              "description": "晚于目标时间或和目标时间相同，支持指定粒度，默认到毫秒"
589:              "description": "时间处于目标时间范围，支持指定粒度和区间的开闭形式，默认到毫秒, 左右开区间"
596:      "description": "默认值，切记只能是静态值，不支持取变量，跟数据关联是通过设置 name 属性来实现的。"
600:      "description": "表单项隐藏时，是否在当前 Form 中删除掉该表单项值。注意同名的未隐藏的表单项值也会删掉"
611:      "description": "远端校验表单项接口"
626:              "description": "是否为参照录入模式，参照录入会展示候选值供用户选择，而不是直接填充。"
629:              "description": "参照录入时，默认选中的值"
640:              "description": "自动填充 api"
644:              "description": "是否展示数据格式错误提示，默认为不展示",
649:              "description": "填充时的数据映射"
658:              "description": "触发条件，默认为 change"
667:              "description": "弹窗方式，当为参照录入时用可以配置"
671:              "description": "当参照录入为抽屉时可以配置弹出位置"
675:              "description": "当为参照录入时可以配置弹出容器的大小"
680:              "description": "参照录入展示的项"
683:              "description": "参照录入时的过滤条件"
689:      "description": "自动填充，当选项被选择的时候，将选项中的其他值同步设置到表单内。"
708:      "description": "指定为多行文本输入框"
716:      "description": "勾选值"
724:      "description": "未勾选值"
728:      "description": "选项说明"
742:      "description": "开启时显示的内容"
756:      "description": "关闭时显示的内容"
760:      "description": "是否处于加载状态"
767:  "description": "Switch 文档：https://aisuda.bce.baidu.com/amis/zh-CN/components/form/switch",
------------------------------------
⚠️  Chinese characters found in: output/TabSchema.json
9:      "description": "组件唯一 id，主要用于页面设计器中定位 json 节点"
13:      "description": "容器 css 类名"
17:      "description": "配合 definitions 一起使用，可以实现无限循环的渲染器。"
21:      "description": "是否禁用"
25:      "description": "是否禁用表达式"
29:      "description": "是否隐藏"
33:      "description": "是否隐藏表达式"
37:      "description": "是否显示"
41:      "description": "是否显示表达式"
45:      "description": "组件唯一 id，主要用于日志采集"
73:      "description": "事件动作配置"
77:      "description": "是否静态展示"
81:      "description": "是否静态展示表达式"
85:      "description": "静态展示空值占位"
89:      "description": "静态展示表单项类名"
93:      "description": "静态展示表单项Label类名"
97:      "description": "静态展示表单项Value类名"
102:      "description": "组件样式"
109:          "description": "组件行为、用途，如 create、update、remove"
113:          "description": "组件名称，通常是业务名称方便定位"
116:          "description": "编辑器假数据，方便展示"
119:      "description": "编辑器配置，运行时可以忽略"
123:      "description": "可以组件级别用来关闭移动端样式"
137:      "description": "Tab 标题"
141:      "description": "内容"
145:      "description": "内容"
149:      "description": "徽标"
153:      "description": "设置以后将跟url的hash对应"
157:      "description": "按钮图标"
168:      "description": "设置以后内容每次都会重新渲染"
172:      "description": "点开时才加载卡片内容"
176:      "description": "卡片隐藏就销毁卡片节点。"
185:      "description": "配置子表单项默认的展示方式。"
189:      "description": "如果是水平排版，这个属性可以细化水平排版的左右宽度占比。"
193:      "description": "是否可关闭，优先级高于 tabs 的 closable"
------------------------------------
⚠️  Chinese characters found in: output/TableColumnObject.json
6:      "description": "列标题"
15:      "description": "配置是否固定当前列"
19:      "description": "绑定字段名"
23:      "description": "配置查看详情功能"
27:      "description": "配置快速编辑功能"
31:      "description": "作为表单项时，可以单独配置编辑时的快速编辑面板。"
35:      "description": "配置点击复制功能"
39:      "description": "配置是否可以排序"
50:      "description": "是否可快速搜索"
54:      "description": "配置是否默认展示"
61:      "description": "列宽度"
71:      "description": "列对齐方式"
80:      "description": "列垂直对齐方式"
90:      "description": "标题左右对齐方式"
94:      "description": "列样式表"
98:      "description": "单元格样式表达式"
102:      "description": "列头样式表"
134:      "description": "结合表格的 footable 一起使用。 填写 *、xs、sm、md、lg指定 footable 的触发条件，可以填写多个用空格隔开"
138:      "description": "提示信息"
141:      "description": "默认值, 只有在 inputTable 里面才有用"
145:      "description": "是否唯一, 只有在 inputTable 里面才有用"
149:      "description": "表格列单元格是否可以获取父级数据域值，默认为true，该配置对当前列内单元格生效"
153:      "description": "当一次性渲染太多列上有用，默认为 100，可以用来提升表格渲染性能",
158:      "description": "单元格内部组件自定义样式 style作为单元格自定义样式的配置"
165:  "description": "表格列，不指定类型时默认为文本类型。",
------------------------------------
⚠️  Chinese characters found in: output/TableColumnWithType.json
15:          "description": "列标题"
24:          "description": "配置是否固定当前列"
28:          "description": "绑定字段名"
32:          "description": "配置查看详情功能"
36:          "description": "配置快速编辑功能"
40:          "description": "作为表单项时，可以单独配置编辑时的快速编辑面板。"
44:          "description": "配置点击复制功能"
48:          "description": "配置是否可以排序"
59:          "description": "是否可快速搜索"
63:          "description": "配置是否默认展示"
70:          "description": "列宽度"
80:          "description": "列对齐方式"
89:          "description": "列垂直对齐方式"
99:          "description": "标题左右对齐方式"
103:          "description": "列样式表"
107:          "description": "单元格样式表达式"
111:          "description": "列头样式表"
143:          "description": "结合表格的 footable 一起使用。 填写 *、xs、sm、md、lg指定 footable 的触发条件，可以填写多个用空格隔开"
147:          "description": "提示信息"
150:          "description": "默认值, 只有在 inputTable 里面才有用"
154:          "description": "是否唯一, 只有在 inputTable 里面才有用"
158:          "description": "表格列单元格是否可以获取父级数据域值，默认为true，该配置对当前列内单元格生效"
162:          "description": "当一次性渲染太多列上有用，默认为 100，可以用来提升表格渲染性能",
167:          "description": "单元格内部组件自定义样式 style作为单元格自定义样式的配置"
------------------------------------
⚠️  Chinese characters found in: output/TableControlSchema.json
6:      "description": "是否固定表头"
10:      "description": "是否固底"
17:      "description": "表格的列信息"
29:      "description": "展示列显示开关，自动即：列数量大于或等于5个时自动开启"
49:              "description": "是否为手风琴模式"
55:      "description": "是否开启底部展示功能，适合移动端展示"
59:      "description": "底部外层 CSS 类名"
63:      "description": "顶部外层 CSS 类名"
67:      "description": "占位符"
71:      "description": "是否显示底部"
75:      "description": "是否显示头部"
79:      "description": "数据源：绑定当前环境变量"
83:      "description": "表格 CSS 类名"
87:      "description": "标题"
91:      "description": "底部工具栏CSS样式类"
102:      "description": "合并单元格配置，配置数字表示从左到右的多少列自动合并单元格。"
106:      "description": "合并单元格配置，配置从第几列开始合并。"
113:      "description": "顶部总结行"
120:      "description": "底部总结行"
124:      "description": "是否可调整列宽"
128:      "description": "行样式表表达式"
132:      "description": "行角标"
143:      "description": "开启查询区域，会根据列元素的searchable属性值，自动生成查询条件表单"
147:      "description": "是否可以访问父级数据，正常 combo 已经关联到数组成员，是不能访问父级数据的。"
171:      "description": "表格自动计算高度"
183:      "description": "懒加载 API，当行数据中用 defer: true 标记了，则其孩子节点将会用这个 API 来拉取数据。"
190:      "description": "组件唯一 id，主要用于页面设计器中定位 json 节点"
194:      "description": "容器 css 类名"
198:      "description": "配合 definitions 一起使用，可以实现无限循环的渲染器。"
202:      "description": "是否禁用"
206:      "description": "是否禁用表达式"
210:      "description": "是否隐藏"
214:      "description": "是否隐藏表达式"
218:      "description": "是否显示"
222:      "description": "是否显示表达式"
226:      "description": "组件唯一 id，主要用于日志采集"
254:      "description": "事件动作配置"
258:      "description": "是否静态展示"
262:      "description": "是否静态展示表达式"
266:      "description": "静态展示空值占位"
270:      "description": "静态展示表单项类名"
274:      "description": "静态展示表单项Label类名"
278:      "description": "静态展示表单项Value类名"
283:      "description": "组件样式"
290:          "description": "组件行为、用途，如 create、update、remove"
294:          "description": "组件名称，通常是业务名称方便定位"
297:          "description": "编辑器假数据，方便展示"
300:      "description": "编辑器配置，运行时可以忽略"
304:      "description": "可以组件级别用来关闭移动端样式"
318:      "description": "表单项大小"
330:      "description": "描述标题"
334:      "description": "描述标题"
341:      "description": "label自定义宽度，默认单位为px"
345:      "description": "配置 label className"
349:      "description": "字段名，表单提交时的 key，支持多层级，用.连接，如： a.b.c"
353:      "description": "额外的字段名，当为范围组件时可以用来将另外一个值打平出来"
356:      "description": "显示一个小图标, 鼠标放上去的时候显示提示内容"
359:      "description": "显示一个小图标, 鼠标放上去的时候显示提示内容, 这个小图标跟 label 在一起"
363:      "description": "输入提示，聚焦的时候显示"
367:      "description": "当修改完的时候是否提交表单。"
371:      "description": "是否只读"
375:      "description": "只读条件"
379:      "description": "不设置时，当表单提交过后表单项每次修改都会触发重新验证， 如果设置了，则由此配置项来决定要不要每次修改都触发验证。"
383:      "description": "描述内容，支持 Html 片段。"
390:      "description": "配置描述上的 className"
399:      "description": "配置当前表单项展示模式"
403:      "description": "当配置为水平布局的时候，用来配置具体的左右分配。"
407:      "description": "表单 control 是否为 inline 模式。"
411:      "description": "配置 input className"
415:      "description": "是否为必填"
514:      "description": "验证失败的提示信息"
526:              "description": "是否是字母"
530:              "description": "是否为字母数字"
534:              "description": "是否为邮箱地址"
538:              "description": "是否为浮点型"
542:              "description": "是否为整型"
546:              "description": "是否为 json"
550:              "description": "长度等于指定值"
554:              "description": "是否为数字"
558:              "description": "是否为必填"
562:              "description": "是否为 URL 地址"
566:              "description": "内容命中指定正则"
570:              "description": "内容命中指定正则"
574:              "description": "内容命中指定正则"
578:              "description": "内容命中指定正则"
582:              "description": "内容命中指定正则"
586:              "description": "内容命中指定正则"
590:              "description": "最大长度为指定值"
594:              "description": "最大值为指定值"
598:              "description": "最小长度为指定值"
602:              "description": "最小值为指定值"
616:              "description": "和目标日期相同，支持指定粒度，默认到毫秒"
630:              "description": "早于目标日期，支持指定粒度，默认到毫秒"
644:              "description": "晚于目标日期，支持指定粒度，默认到毫秒"
658:              "description": "早于目标日期或和目标日期相同，支持指定粒度，默认到毫秒"
672:              "description": "晚于目标日期或和目标日期相同，支持指定粒度，默认到毫秒"
686:              "description": "日期处于目标日期范围，支持指定粒度和区间的开闭形式，默认到毫秒, 左右开区间"
700:              "description": "和目标时间相同，支持指定粒度，默认到毫秒"
714:              "description": "早于目标时间，支持指定粒度，默认到毫秒"
728:              "description": "晚于目标时间，支持指定粒度，默认到毫秒"
742:              "description": "早于目标时间或和目标时间相同，支持指定粒度，默认到毫秒"
756:              "description": "晚于目标时间或和目标时间相同，支持指定粒度，默认到毫秒"
770:              "description": "时间处于目标时间范围，支持指定粒度和区间的开闭形式，默认到毫秒, 左右开区间"
777:      "description": "默认值，切记只能是静态值，不支持取变量，跟数据关联是通过设置 name 属性来实现的。"
781:      "description": "表单项隐藏时，是否在当前 Form 中删除掉该表单项值。注意同名的未隐藏的表单项值也会删掉"
792:      "description": "远端校验表单项接口"
807:              "description": "是否为参照录入模式，参照录入会展示候选值供用户选择，而不是直接填充。"
810:              "description": "参照录入时，默认选中的值"
821:              "description": "自动填充 api"
825:              "description": "是否展示数据格式错误提示，默认为不展示",
830:              "description": "填充时的数据映射"
839:              "description": "触发条件，默认为 change"
848:              "description": "弹窗方式，当为参照录入时用可以配置"
852:              "description": "当参照录入为抽屉时可以配置弹出位置"
856:              "description": "当为参照录入时可以配置弹出容器的大小"
861:              "description": "参照录入展示的项"
864:              "description": "参照录入时的过滤条件"
870:      "description": "自动填充，当选项被选择的时候，将选项中的其他值同步设置到表单内。"
892:      "description": "可新增"
896:      "description": "是否可以新增子项"
900:      "description": "可复制新增"
904:      "description": "复制按钮文字"
908:      "description": "复制按钮图标"
912:      "description": "是否显示复制按钮"
916:      "description": "复制的时候用来配置复制映射的数据。默认值是 {&:$$}，相当与复制整个行数据 通常有时候需要用来标记是复制过来的，也可能需要删掉一下主键字段。"
920:      "description": "是否可以拖拽排序"
924:      "description": "新增 API"
928:      "description": "新增按钮文字"
932:      "description": "新增按钮图标"
936:      "description": "孩子新增按钮文字"
940:      "description": "孩子新增按钮图标"
944:      "description": "可否删除"
948:      "description": "删除的 API"
952:      "description": "可否编辑"
956:      "description": "更新按钮名称"
960:      "description": "更新按钮图标"
964:      "description": "确认按钮文字"
968:      "description": "确认按钮图标"
972:      "description": "取消按钮文字"
976:      "description": "取消按钮图标"
980:      "description": "删除按钮文字"
984:      "description": "删除按钮图标"
988:      "description": "更新 API"
991:      "description": "初始值，新增的时候"
995:      "description": "删除确认文字"
999:      "description": "值字段"
1003:      "description": "是否为确认的编辑模式。"
1007:      "description": "是否显示序号"
1011:      "description": "分页个数，默认不分页"
1022:      "description": "限制最大个数"
1033:      "description": "限制最小个数"
1037:      "description": "是否显示底部新增按钮"
1041:      "description": "是否显示表格操作栏新增按钮"
1045:      "description": "底部新增按钮配置"
1049:      "description": "是否开启 static 状态切换"
1058:      "description": "自定义搜索匹配函数，当存在列的 searchable 为 true 时，会基于该函数计算的匹配结果进行过滤，主要用于处理列字段类型较为复杂或者字段值格式和后端返回不一致的场景\n\n参数说明\n\n * `items` 当前表格数据  * `itemsRaw` 当前表格数据（未处理）  * `options` 配置  * `options.query` 查询条件  * `options.columns` 列配置  * `options.matchSorter` 系统默认的排序方法"
------------------------------------
⚠️  Chinese characters found in: output/TableSchema.json
6:      "description": "组件唯一 id，主要用于页面设计器中定位 json 节点"
10:      "description": "容器 css 类名"
14:      "description": "配合 definitions 一起使用，可以实现无限循环的渲染器。"
18:      "description": "是否禁用"
22:      "description": "是否禁用表达式"
26:      "description": "是否隐藏"
30:      "description": "是否隐藏表达式"
34:      "description": "是否显示"
38:      "description": "是否显示表达式"
42:      "description": "组件唯一 id，主要用于日志采集"
70:      "description": "事件动作配置"
74:      "description": "是否静态展示"
78:      "description": "是否静态展示表达式"
82:      "description": "静态展示空值占位"
86:      "description": "静态展示表单项类名"
90:      "description": "静态展示表单项Label类名"
94:      "description": "静态展示表单项Value类名"
99:      "description": "组件样式"
106:          "description": "组件行为、用途，如 create、update、remove"
110:          "description": "组件名称，通常是业务名称方便定位"
113:          "description": "编辑器假数据，方便展示"
116:      "description": "编辑器配置，运行时可以忽略"
120:      "description": "可以组件级别用来关闭移动端样式"
131:      "description": "指定为表格渲染器。"
138:      "description": "是否固定表头"
142:      "description": "是否固底"
149:      "description": "表格的列信息"
161:      "description": "展示列显示开关，自动即：列数量大于或等于5个时自动开启"
181:              "description": "是否为手风琴模式"
187:      "description": "是否开启底部展示功能，适合移动端展示"
191:      "description": "底部外层 CSS 类名"
195:      "description": "顶部外层 CSS 类名"
206:      "description": "占位符"
210:      "description": "是否显示底部"
214:      "description": "是否显示头部"
218:      "description": "数据源：绑定当前环境变量"
222:      "description": "表格 CSS 类名"
226:      "description": "标题"
230:      "description": "工具栏 CSS 类名"
241:      "description": "合并单元格配置，配置数字表示从左到右的多少列自动合并单元格。"
245:      "description": "合并单元格配置，配置从第几列开始合并。"
252:      "description": "顶部总结行"
259:      "description": "底部总结行"
263:      "description": "是否可调整列宽"
267:      "description": "行样式表表达式"
271:      "description": "行角标"
282:      "description": "开启查询区域，会根据列元素的searchable属性值，自动生成查询条件表单"
286:      "description": "表格是否可以获取父级数据域值，默认为false"
310:      "description": "表格自动计算高度"
322:      "description": "懒加载 API，当行数据中用 defer: true 标记了，则其孩子节点将会用这个 API 来拉取数据。"
329:  "description": "Table 表格渲染器。 文档：https://aisuda.bce.baidu.com/amis/zh-CN/components/table",
------------------------------------
⚠️  Chinese characters found in: output/TableSchema2.json
6:      "description": "组件唯一 id，主要用于页面设计器中定位 json 节点"
10:      "description": "容器 css 类名"
14:      "description": "配合 definitions 一起使用，可以实现无限循环的渲染器。"
18:      "description": "是否禁用"
22:      "description": "是否禁用表达式"
26:      "description": "是否隐藏"
30:      "description": "是否隐藏表达式"
34:      "description": "是否显示"
38:      "description": "是否显示表达式"
42:      "description": "组件唯一 id，主要用于日志采集"
70:      "description": "事件动作配置"
74:      "description": "是否静态展示"
78:      "description": "是否静态展示表达式"
82:      "description": "静态展示空值占位"
86:      "description": "静态展示表单项类名"
90:      "description": "静态展示表单项Label类名"
94:      "description": "静态展示表单项Value类名"
99:      "description": "组件样式"
106:          "description": "组件行为、用途，如 create、update、remove"
110:          "description": "组件名称，通常是业务名称方便定位"
113:          "description": "编辑器假数据，方便展示"
116:      "description": "编辑器配置，运行时可以忽略"
120:      "description": "可以组件级别用来关闭移动端样式"
128:      "description": "指定为表格类型"
148:      "description": "表格标题"
152:      "description": "表格数据源"
167:      "description": "表格可自定义列"
174:      "description": "表格列配置"
185:      "description": "表格可选择配置"
189:      "description": "表格行可展开配置"
193:      "description": "粘性头部"
207:      "description": "加载中"
211:      "description": "行角标内容"
215:      "description": "是否展示行角标"
218:      "description": "指定挂载dom"
222:      "description": "多选、嵌套展开记录的ID字段名 默认id"
226:      "description": "数据源嵌套自定义字段名"
230:      "description": "自定义行样式"
234:      "description": "是否固定内容行高度"
238:      "description": "是否展示边框"
242:      "description": "是否展示表头"
259:      "description": "指定表尾"
263:      "description": "快速编辑后用来批量保存的 API"
267:      "description": "快速编辑配置成及时保存时使用的 API"
271:      "description": "接口报错信息配置"
275:      "description": "重新加载的组件名称"
282:      "description": "操作列配置"
286:      "description": "批量操作最大限制数"
290:      "description": "翻页是否保存数据"
294:      "description": "是否可选择 作用同rowSelection 兼容原CRUD属性 默认多选"
298:      "description": "是否可多选 作用同rowSelection.type 兼容原CRUD属性 不设置认为是多选 仅设置selectable才起作用"
302:      "description": "设置ID字段名 作用同keyFiled 兼容原CURD属性"
320:      "description": "表格自动计算高度"
324:      "description": "表格是否可以获取父级数据域值，默认为false"
328:      "description": "当一次性渲染太多列上有用，默认为 100，可以用来提升表格渲染性能",
------------------------------------
⚠️  Chinese characters found in: output/TabsSchema.json
6:      "description": "组件唯一 id，主要用于页面设计器中定位 json 节点"
10:      "description": "容器 css 类名"
14:      "description": "配合 definitions 一起使用，可以实现无限循环的渲染器。"
18:      "description": "是否禁用"
22:      "description": "是否禁用表达式"
26:      "description": "是否隐藏"
30:      "description": "是否隐藏表达式"
34:      "description": "是否显示"
38:      "description": "是否显示表达式"
42:      "description": "组件唯一 id，主要用于日志采集"
70:      "description": "事件动作配置"
74:      "description": "是否静态展示"
78:      "description": "是否静态展示表达式"
82:      "description": "静态展示空值占位"
86:      "description": "静态展示表单项类名"
90:      "description": "静态展示表单项Label类名"
94:      "description": "静态展示表单项Value类名"
99:      "description": "组件样式"
106:          "description": "组件行为、用途，如 create、update、remove"
110:          "description": "组件名称，通常是业务名称方便定位"
113:          "description": "编辑器假数据，方便展示"
116:      "description": "编辑器配置，运行时可以忽略"
120:      "description": "可以组件级别用来关闭移动端样式"
137:      "description": "选项卡成员。当配置了 source 时，选项卡成员，将会根据目标数据进行重复。"
141:      "description": "关联已有数据，选项卡直接根据目标数据重复。"
145:      "description": "展示形式"
149:      "description": "内容类名"
153:      "description": "链接外层类名"
157:      "description": "卡片是否只有在点开的时候加载？"
161:      "description": "卡片隐藏的时候是否销毁卡片内容"
165:      "description": "可以在右侧配置点其他功能按钮。"
174:      "description": "配置子表单项默认的展示方式。"
178:      "description": "如果是水平排版，这个属性可以细化水平排版的左右宽度占比。"
182:      "description": "是否支持新增"
186:      "description": "是否支持删除"
190:      "description": "是否支持拖拽"
194:      "description": "是否显示提示"
198:      "description": "tooltip 提示的类名"
202:      "description": "是否可编辑标签名"
206:      "description": "是否导航支持内容溢出滚动。属性废弃，为了兼容暂且保留"
214:      "description": "编辑器模式，侧边的位置"
218:      "description": "自定义增加按钮文案"
229:      "description": "初始化激活的选项卡，hash值或索引值，支持使用表达式"
240:      "description": "激活的选项卡，hash值或索引值，支持使用表达式"
244:      "description": "超过多少个时折叠按钮"
248:      "description": "折叠按钮文字"
252:      "description": "是否滑动切换只在移动端生效"
260:  "description": "选项卡控件。 文档：https://aisuda.bce.baidu.com/amis/zh-CN/components/tabs",
------------------------------------
⚠️  Chinese characters found in: output/TabsTransferControlSchema.json
18:      "description": "是否显示剪头"
22:      "description": "可排序？"
33:      "description": "勾选展示模式"
37:      "description": "结果面板是否追踪显示"
44:      "description": "当 selectMode 为 associated 时用来定义左侧的选项"
52:      "description": "当 selectMode 为 associated 时用来定义左侧的选择模式"
62:      "description": "当 selectMode 为 associated 时用来定义右侧的选择模式"
72:      "description": "搜索结果展示模式"
77:      "description": "当 selectMode 为 table 时定义表格列信息。"
82:      "description": "当 searchResultMode 为 table 时定义表格列信息。"
86:      "description": "可搜索？"
90:      "description": "结果（右则）列表的检索功能，当设置为true时，可以通过输入检索模糊匹配检索内容"
94:      "description": "搜索 API"
98:      "description": "左侧的标题文字"
102:      "description": "右侧结果的标题文字"
106:      "description": "用来丰富选项展示"
110:      "description": "用来丰富值的展示"
114:      "description": "左侧列表搜索框提示"
118:      "description": "右侧列表搜索框提示"
122:      "description": "统计数字"
126:      "description": "单个选项的高度，主要用于虚拟渲染"
130:      "description": "在选项数量达到多少时开启虚拟渲染"
134:      "description": "当在value值未匹配到当前options中的选项时，是否value值对应文本飘红显示"
138:      "description": "树形模式下，仅选中子节点"
142:      "description": "是否默认都展开"
146:      "description": "ui级联关系，true代表级联选中，false代表不级联，默认为true"
164:          "description": "通过控制layout属性的顺序，调整分页结构 total,perPage,pager,go",
169:          "description": "最多显示多少个分页按钮。",
177:          "description": "指定每页可以显示多少条",
187:          "description": "弹层挂载节点",
192:          "description": "是否左侧选项分页，默认不开启"
196:          "description": "分页组件CSS类名"
200:          "description": "是否开启前端分页"
206:      "description": "分页配置，selectMode为默认和table才会生效"
210:      "description": "显示一个小图标, 鼠标放上去的时候显示提示内容"
214:      "description": "显示一个小图标, 鼠标放上去的时候显示提示内容, 这个小图标跟 label 在一起"
225:      "description": "表单项大小"
237:      "description": "描述标题"
241:      "description": "描述标题"
248:      "description": "label自定义宽度，默认单位为px"
252:      "description": "配置 label className"
256:      "description": "字段名，表单提交时的 key，支持多层级，用.连接，如： a.b.c"
260:      "description": "额外的字段名，当为范围组件时可以用来将另外一个值打平出来"
264:      "description": "输入提示，聚焦的时候显示"
268:      "description": "当修改完的时候是否提交表单。"
272:      "description": "是否只读"
276:      "description": "只读条件"
280:      "description": "不设置时，当表单提交过后表单项每次修改都会触发重新验证， 如果设置了，则由此配置项来决定要不要每次修改都触发验证。"
284:      "description": "描述内容，支持 Html 片段。"
291:      "description": "配置描述上的 className"
300:      "description": "配置当前表单项展示模式"
304:      "description": "当配置为水平布局的时候，用来配置具体的左右分配。"
308:      "description": "表单 control 是否为 inline 模式。"
312:      "description": "配置 input className"
316:      "description": "占位符"
320:      "description": "是否为必填"
419:      "description": "验证失败的提示信息"
431:              "description": "是否是字母"
435:              "description": "是否为字母数字"
439:              "description": "是否为邮箱地址"
443:              "description": "是否为浮点型"
447:              "description": "是否为整型"
451:              "description": "是否为 json"
455:              "description": "长度等于指定值"
459:              "description": "是否为数字"
463:              "description": "是否为必填"
467:              "description": "是否为 URL 地址"
471:              "description": "内容命中指定正则"
475:              "description": "内容命中指定正则"
479:              "description": "内容命中指定正则"
483:              "description": "内容命中指定正则"
487:              "description": "内容命中指定正则"
491:              "description": "内容命中指定正则"
495:              "description": "最大长度为指定值"
499:              "description": "最大值为指定值"
503:              "description": "最小长度为指定值"
507:              "description": "最小值为指定值"
521:              "description": "和目标日期相同，支持指定粒度，默认到毫秒"
535:              "description": "早于目标日期，支持指定粒度，默认到毫秒"
549:              "description": "晚于目标日期，支持指定粒度，默认到毫秒"
563:              "description": "早于目标日期或和目标日期相同，支持指定粒度，默认到毫秒"
577:              "description": "晚于目标日期或和目标日期相同，支持指定粒度，默认到毫秒"
591:              "description": "日期处于目标日期范围，支持指定粒度和区间的开闭形式，默认到毫秒, 左右开区间"
605:              "description": "和目标时间相同，支持指定粒度，默认到毫秒"
619:              "description": "早于目标时间，支持指定粒度，默认到毫秒"
633:              "description": "晚于目标时间，支持指定粒度，默认到毫秒"
647:              "description": "早于目标时间或和目标时间相同，支持指定粒度，默认到毫秒"
661:              "description": "晚于目标时间或和目标时间相同，支持指定粒度，默认到毫秒"
675:              "description": "时间处于目标时间范围，支持指定粒度和区间的开闭形式，默认到毫秒, 左右开区间"
682:      "description": "默认值，切记只能是静态值，不支持取变量，跟数据关联是通过设置 name 属性来实现的。"
686:      "description": "表单项隐藏时，是否在当前 Form 中删除掉该表单项值。注意同名的未隐藏的表单项值也会删掉"
697:      "description": "远端校验表单项接口"
712:              "description": "是否为参照录入模式，参照录入会展示候选值供用户选择，而不是直接填充。"
715:              "description": "参照录入时，默认选中的值"
726:              "description": "自动填充 api"
730:              "description": "是否展示数据格式错误提示，默认为不展示",
735:              "description": "填充时的数据映射"
744:              "description": "触发条件，默认为 change"
753:              "description": "弹窗方式，当为参照录入时用可以配置"
757:              "description": "当参照录入为抽屉时可以配置弹出位置"
761:              "description": "当为参照录入时可以配置弹出容器的大小"
766:              "description": "参照录入展示的项"
769:              "description": "参照录入时的过滤条件"
775:      "description": "自动填充，当选项被选择的时候，将选项中的其他值同步设置到表单内。"
793:      "description": "组件唯一 id，主要用于页面设计器中定位 json 节点"
797:      "description": "容器 css 类名"
801:      "description": "配合 definitions 一起使用，可以实现无限循环的渲染器。"
805:      "description": "是否禁用"
809:      "description": "是否禁用表达式"
813:      "description": "是否隐藏"
817:      "description": "是否隐藏表达式"
821:      "description": "是否显示"
825:      "description": "是否显示表达式"
829:      "description": "组件唯一 id，主要用于日志采集"
857:      "description": "事件动作配置"
861:      "description": "是否静态展示"
865:      "description": "是否静态展示表达式"
869:      "description": "静态展示空值占位"
873:      "description": "静态展示表单项类名"
877:      "description": "静态展示表单项Label类名"
881:      "description": "静态展示表单项Value类名"
886:      "description": "组件样式"
893:          "description": "组件行为、用途，如 create、update、remove"
897:          "description": "组件名称，通常是业务名称方便定位"
900:          "description": "编辑器假数据，方便展示"
903:      "description": "编辑器配置，运行时可以忽略"
907:      "description": "可以组件级别用来关闭移动端样式"
930:      "description": "选项集合"
941:      "description": "可用来通过 API 拉取 options。"
945:      "description": "默认选择选项第一个值。"
949:      "description": "用表达式来配置 source 接口初始要不要拉取"
953:      "description": "配置 source 接口初始拉不拉取。"
957:      "description": "是否为多选模式"
961:      "description": "单选模式：当用户选中某个选项时，选项中的 value 将被作为该表单项的值提交，否则，整个选项对象都会作为该表单项的值提交。 多选模式：选中的多个选项的 `value` 会通过 `delimiter` 连接起来，否则直接将以数组的形式提交值。"
965:      "description": "分割符"
969:      "description": "多选模式，值太多时是否避免折行"
973:      "description": "开启后将选中的选项 value 的值封装为数组，作为当前表单项的值。"
977:      "description": "是否可清除。"
981:      "description": "点清除按钮时，将表单项设置成当前配置的值。",
986:      "description": "懒加载字段"
997:      "description": "延时加载的 API，当选项中有 defer: true 的选项时，点开会通过此接口扩充。"
1008:      "description": "添加时调用的接口"
1015:      "description": "新增时的表单项。"
1019:      "description": "控制新增弹框设置项"
1023:      "description": "是否可以新增"
1027:      "description": "新增文字"
1031:      "description": "是否可以编辑"
1042:      "description": "编辑时调用的 API"
1049:      "description": "选项修改的表单项"
1053:      "description": "控制编辑弹框设置项"
1057:      "description": "是否可删除"
1068:      "description": "选项删除 API"
1072:      "description": "选项删除提示文字。"
1083:  "description": "TabsTransfer 文档：https://aisuda.bce.baidu.com/amis/zh-CN/components/form/tabs-transfer",
------------------------------------
⚠️  Chinese characters found in: output/TabsTransferPickerControlSchema.json
18:      "description": "是否显示剪头"
22:      "description": "可排序？"
33:      "description": "勾选展示模式"
37:      "description": "结果面板是否追踪显示"
44:      "description": "当 selectMode 为 associated 时用来定义左侧的选项"
52:      "description": "当 selectMode 为 associated 时用来定义左侧的选择模式"
62:      "description": "当 selectMode 为 associated 时用来定义右侧的选择模式"
72:      "description": "搜索结果展示模式"
77:      "description": "当 selectMode 为 table 时定义表格列信息。"
82:      "description": "当 searchResultMode 为 table 时定义表格列信息。"
86:      "description": "可搜索？"
90:      "description": "结果（右则）列表的检索功能，当设置为true时，可以通过输入检索模糊匹配检索内容"
94:      "description": "搜索 API"
98:      "description": "左侧的标题文字"
102:      "description": "右侧结果的标题文字"
106:      "description": "用来丰富选项展示"
110:      "description": "用来丰富值的展示"
114:      "description": "左侧列表搜索框提示"
118:      "description": "右侧列表搜索框提示"
122:      "description": "统计数字"
126:      "description": "单个选项的高度，主要用于虚拟渲染"
130:      "description": "在选项数量达到多少时开启虚拟渲染"
134:      "description": "当在value值未匹配到当前options中的选项时，是否value值对应文本飘红显示"
138:      "description": "树形模式下，仅选中子节点"
142:      "description": "是否默认都展开"
146:      "description": "ui级联关系，true代表级联选中，false代表不级联，默认为true"
164:          "description": "通过控制layout属性的顺序，调整分页结构 total,perPage,pager,go",
169:          "description": "最多显示多少个分页按钮。",
177:          "description": "指定每页可以显示多少条",
187:          "description": "弹层挂载节点",
192:          "description": "是否左侧选项分页，默认不开启"
196:          "description": "分页组件CSS类名"
200:          "description": "是否开启前端分页"
206:      "description": "分页配置，selectMode为默认和table才会生效"
210:      "description": "显示一个小图标, 鼠标放上去的时候显示提示内容"
214:      "description": "显示一个小图标, 鼠标放上去的时候显示提示内容, 这个小图标跟 label 在一起"
225:      "description": "表单项大小"
237:      "description": "描述标题"
241:      "description": "描述标题"
248:      "description": "label自定义宽度，默认单位为px"
252:      "description": "配置 label className"
256:      "description": "字段名，表单提交时的 key，支持多层级，用.连接，如： a.b.c"
260:      "description": "额外的字段名，当为范围组件时可以用来将另外一个值打平出来"
264:      "description": "输入提示，聚焦的时候显示"
268:      "description": "当修改完的时候是否提交表单。"
272:      "description": "是否只读"
276:      "description": "只读条件"
280:      "description": "不设置时，当表单提交过后表单项每次修改都会触发重新验证， 如果设置了，则由此配置项来决定要不要每次修改都触发验证。"
284:      "description": "描述内容，支持 Html 片段。"
291:      "description": "配置描述上的 className"
300:      "description": "配置当前表单项展示模式"
304:      "description": "当配置为水平布局的时候，用来配置具体的左右分配。"
308:      "description": "表单 control 是否为 inline 模式。"
312:      "description": "配置 input className"
316:      "description": "占位符"
320:      "description": "是否为必填"
419:      "description": "验证失败的提示信息"
431:              "description": "是否是字母"
435:              "description": "是否为字母数字"
439:              "description": "是否为邮箱地址"
443:              "description": "是否为浮点型"
447:              "description": "是否为整型"
451:              "description": "是否为 json"
455:              "description": "长度等于指定值"
459:              "description": "是否为数字"
463:              "description": "是否为必填"
467:              "description": "是否为 URL 地址"
471:              "description": "内容命中指定正则"
475:              "description": "内容命中指定正则"
479:              "description": "内容命中指定正则"
483:              "description": "内容命中指定正则"
487:              "description": "内容命中指定正则"
491:              "description": "内容命中指定正则"
495:              "description": "最大长度为指定值"
499:              "description": "最大值为指定值"
503:              "description": "最小长度为指定值"
507:              "description": "最小值为指定值"
521:              "description": "和目标日期相同，支持指定粒度，默认到毫秒"
535:              "description": "早于目标日期，支持指定粒度，默认到毫秒"
549:              "description": "晚于目标日期，支持指定粒度，默认到毫秒"
563:              "description": "早于目标日期或和目标日期相同，支持指定粒度，默认到毫秒"
577:              "description": "晚于目标日期或和目标日期相同，支持指定粒度，默认到毫秒"
591:              "description": "日期处于目标日期范围，支持指定粒度和区间的开闭形式，默认到毫秒, 左右开区间"
605:              "description": "和目标时间相同，支持指定粒度，默认到毫秒"
619:              "description": "早于目标时间，支持指定粒度，默认到毫秒"
633:              "description": "晚于目标时间，支持指定粒度，默认到毫秒"
647:              "description": "早于目标时间或和目标时间相同，支持指定粒度，默认到毫秒"
661:              "description": "晚于目标时间或和目标时间相同，支持指定粒度，默认到毫秒"
675:              "description": "时间处于目标时间范围，支持指定粒度和区间的开闭形式，默认到毫秒, 左右开区间"
682:      "description": "默认值，切记只能是静态值，不支持取变量，跟数据关联是通过设置 name 属性来实现的。"
686:      "description": "表单项隐藏时，是否在当前 Form 中删除掉该表单项值。注意同名的未隐藏的表单项值也会删掉"
697:      "description": "远端校验表单项接口"
712:              "description": "是否为参照录入模式，参照录入会展示候选值供用户选择，而不是直接填充。"
715:              "description": "参照录入时，默认选中的值"
726:              "description": "自动填充 api"
730:              "description": "是否展示数据格式错误提示，默认为不展示",
735:              "description": "填充时的数据映射"
744:              "description": "触发条件，默认为 change"
753:              "description": "弹窗方式，当为参照录入时用可以配置"
757:              "description": "当参照录入为抽屉时可以配置弹出位置"
761:              "description": "当为参照录入时可以配置弹出容器的大小"
766:              "description": "参照录入展示的项"
769:              "description": "参照录入时的过滤条件"
775:      "description": "自动填充，当选项被选择的时候，将选项中的其他值同步设置到表单内。"
793:      "description": "组件唯一 id，主要用于页面设计器中定位 json 节点"
797:      "description": "容器 css 类名"
801:      "description": "配合 definitions 一起使用，可以实现无限循环的渲染器。"
805:      "description": "是否禁用"
809:      "description": "是否禁用表达式"
813:      "description": "是否隐藏"
817:      "description": "是否隐藏表达式"
821:      "description": "是否显示"
825:      "description": "是否显示表达式"
829:      "description": "组件唯一 id，主要用于日志采集"
857:      "description": "事件动作配置"
861:      "description": "是否静态展示"
865:      "description": "是否静态展示表达式"
869:      "description": "静态展示空值占位"
873:      "description": "静态展示表单项类名"
877:      "description": "静态展示表单项Label类名"
881:      "description": "静态展示表单项Value类名"
886:      "description": "组件样式"
893:          "description": "组件行为、用途，如 create、update、remove"
897:          "description": "组件名称，通常是业务名称方便定位"
900:          "description": "编辑器假数据，方便展示"
903:      "description": "编辑器配置，运行时可以忽略"
907:      "description": "可以组件级别用来关闭移动端样式"
930:      "description": "选项集合"
941:      "description": "可用来通过 API 拉取 options。"
945:      "description": "默认选择选项第一个值。"
949:      "description": "用表达式来配置 source 接口初始要不要拉取"
953:      "description": "配置 source 接口初始拉不拉取。"
957:      "description": "是否为多选模式"
961:      "description": "单选模式：当用户选中某个选项时，选项中的 value 将被作为该表单项的值提交，否则，整个选项对象都会作为该表单项的值提交。 多选模式：选中的多个选项的 `value` 会通过 `delimiter` 连接起来，否则直接将以数组的形式提交值。"
965:      "description": "分割符"
969:      "description": "多选模式，值太多时是否避免折行"
973:      "description": "开启后将选中的选项 value 的值封装为数组，作为当前表单项的值。"
977:      "description": "是否可清除。"
981:      "description": "点清除按钮时，将表单项设置成当前配置的值。",
986:      "description": "懒加载字段"
997:      "description": "延时加载的 API，当选项中有 defer: true 的选项时，点开会通过此接口扩充。"
1008:      "description": "添加时调用的接口"
1015:      "description": "新增时的表单项。"
1019:      "description": "控制新增弹框设置项"
1023:      "description": "是否可以新增"
1027:      "description": "新增文字"
1031:      "description": "是否可以编辑"
1042:      "description": "编辑时调用的 API"
1049:      "description": "选项修改的表单项"
1053:      "description": "控制编辑弹框设置项"
1057:      "description": "是否可删除"
1068:      "description": "选项删除 API"
1072:      "description": "选项删除提示文字。"
1083:  "description": "TabsTransferPicker 穿梭器的弹框形态 文档：https://aisuda.bce.baidu.com/amis/zh-CN/components/form/tabs-transfer-picker",
------------------------------------
⚠️  Chinese characters found in: output/TagControlSchema.json
22:      "description": "选项集合"
33:      "description": "可用来通过 API 拉取 options。"
37:      "description": "默认选择选项第一个值。"
41:      "description": "用表达式来配置 source 接口初始要不要拉取"
45:      "description": "配置 source 接口初始拉不拉取。"
49:      "description": "是否为多选模式"
53:      "description": "单选模式：当用户选中某个选项时，选项中的 value 将被作为该表单项的值提交，否则，整个选项对象都会作为该表单项的值提交。 多选模式：选中的多个选项的 `value` 会通过 `delimiter` 连接起来，否则直接将以数组的形式提交值。"
57:      "description": "分割符"
61:      "description": "多选模式，值太多时是否避免折行"
65:      "description": "开启后将选中的选项 value 的值封装为数组，作为当前表单项的值。"
69:      "description": "是否可清除。"
73:      "description": "点清除按钮时，将表单项设置成当前配置的值。",
78:      "description": "懒加载字段"
89:      "description": "延时加载的 API，当选项中有 defer: true 的选项时，点开会通过此接口扩充。"
100:      "description": "添加时调用的接口"
107:      "description": "新增时的表单项。"
111:      "description": "控制新增弹框设置项"
115:      "description": "是否可以新增"
119:      "description": "新增文字"
123:      "description": "是否可以编辑"
134:      "description": "编辑时调用的 API"
141:      "description": "选项修改的表单项"
145:      "description": "控制编辑弹框设置项"
149:      "description": "是否可删除"
160:      "description": "选项删除 API"
164:      "description": "选项删除提示文字。"
175:      "description": "表单项大小"
187:      "description": "描述标题"
191:      "description": "描述标题"
198:      "description": "label自定义宽度，默认单位为px"
202:      "description": "配置 label className"
206:      "description": "字段名，表单提交时的 key，支持多层级，用.连接，如： a.b.c"
210:      "description": "额外的字段名，当为范围组件时可以用来将另外一个值打平出来"
214:      "description": "输入提示，聚焦的时候显示"
218:      "description": "当修改完的时候是否提交表单。"
222:      "description": "是否只读"
226:      "description": "只读条件"
230:      "description": "不设置时，当表单提交过后表单项每次修改都会触发重新验证， 如果设置了，则由此配置项来决定要不要每次修改都触发验证。"
234:      "description": "描述内容，支持 Html 片段。"
241:      "description": "配置描述上的 className"
250:      "description": "配置当前表单项展示模式"
254:      "description": "当配置为水平布局的时候，用来配置具体的左右分配。"
258:      "description": "表单 control 是否为 inline 模式。"
262:      "description": "配置 input className"
266:      "description": "占位符"
270:      "description": "是否为必填"
369:      "description": "验证失败的提示信息"
381:              "description": "是否是字母"
385:              "description": "是否为字母数字"
389:              "description": "是否为邮箱地址"
393:              "description": "是否为浮点型"
397:              "description": "是否为整型"
401:              "description": "是否为 json"
405:              "description": "长度等于指定值"
409:              "description": "是否为数字"
413:              "description": "是否为必填"
417:              "description": "是否为 URL 地址"
421:              "description": "内容命中指定正则"
425:              "description": "内容命中指定正则"
429:              "description": "内容命中指定正则"
433:              "description": "内容命中指定正则"
437:              "description": "内容命中指定正则"
441:              "description": "内容命中指定正则"
445:              "description": "最大长度为指定值"
449:              "description": "最大值为指定值"
453:              "description": "最小长度为指定值"
457:              "description": "最小值为指定值"
471:              "description": "和目标日期相同，支持指定粒度，默认到毫秒"
485:              "description": "早于目标日期，支持指定粒度，默认到毫秒"
499:              "description": "晚于目标日期，支持指定粒度，默认到毫秒"
513:              "description": "早于目标日期或和目标日期相同，支持指定粒度，默认到毫秒"
527:              "description": "晚于目标日期或和目标日期相同，支持指定粒度，默认到毫秒"
541:              "description": "日期处于目标日期范围，支持指定粒度和区间的开闭形式，默认到毫秒, 左右开区间"
555:              "description": "和目标时间相同，支持指定粒度，默认到毫秒"
569:              "description": "早于目标时间，支持指定粒度，默认到毫秒"
583:              "description": "晚于目标时间，支持指定粒度，默认到毫秒"
597:              "description": "早于目标时间或和目标时间相同，支持指定粒度，默认到毫秒"
611:              "description": "晚于目标时间或和目标时间相同，支持指定粒度，默认到毫秒"
625:              "description": "时间处于目标时间范围，支持指定粒度和区间的开闭形式，默认到毫秒, 左右开区间"
632:      "description": "默认值，切记只能是静态值，不支持取变量，跟数据关联是通过设置 name 属性来实现的。"
636:      "description": "表单项隐藏时，是否在当前 Form 中删除掉该表单项值。注意同名的未隐藏的表单项值也会删掉"
647:      "description": "远端校验表单项接口"
662:              "description": "是否为参照录入模式，参照录入会展示候选值供用户选择，而不是直接填充。"
665:              "description": "参照录入时，默认选中的值"
676:              "description": "自动填充 api"
680:              "description": "是否展示数据格式错误提示，默认为不展示",
685:              "description": "填充时的数据映射"
694:              "description": "触发条件，默认为 change"
703:              "description": "弹窗方式，当为参照录入时用可以配置"
707:              "description": "当参照录入为抽屉时可以配置弹出位置"
711:              "description": "当为参照录入时可以配置弹出容器的大小"
716:              "description": "参照录入展示的项"
719:              "description": "参照录入时的过滤条件"
725:      "description": "自动填充，当选项被选择的时候，将选项中的其他值同步设置到表单内。"
743:      "description": "组件唯一 id，主要用于页面设计器中定位 json 节点"
747:      "description": "容器 css 类名"
751:      "description": "配合 definitions 一起使用，可以实现无限循环的渲染器。"
755:      "description": "是否禁用"
759:      "description": "是否禁用表达式"
763:      "description": "是否隐藏"
767:      "description": "是否隐藏表达式"
771:      "description": "是否显示"
775:      "description": "是否显示表达式"
779:      "description": "组件唯一 id，主要用于日志采集"
807:      "description": "事件动作配置"
811:      "description": "是否静态展示"
815:      "description": "是否静态展示表达式"
819:      "description": "静态展示空值占位"
823:      "description": "静态展示表单项类名"
827:      "description": "静态展示表单项Label类名"
831:      "description": "静态展示表单项Value类名"
836:      "description": "组件样式"
843:          "description": "组件行为、用途，如 create、update、remove"
847:          "description": "组件名称，通常是业务名称方便定位"
850:          "description": "编辑器假数据，方便展示"
853:      "description": "编辑器配置，运行时可以忽略"
857:      "description": "可以组件级别用来关闭移动端样式"
864:      "description": "显示一个小图标, 鼠标放上去的时候显示提示内容"
868:      "description": "显示一个小图标, 鼠标放上去的时候显示提示内容, 这个小图标跟 label 在一起"
873:      "description": "表单项类型"
877:      "description": "选项提示信息"
881:      "description": "是否为下拉模式"
885:      "description": "允许添加的标签的最大数量"
889:      "description": "单个标签的最大文本长度"
893:      "description": "标签的最大展示数量，超出数量后以收纳浮层的方式展示，仅在多选模式开启后生效"
897:      "description": "收纳标签的Popover配置"
901:      "description": "是否开启批量添加模式"
905:      "description": "开启批量添加后，输入多个标签的分隔符，支持传入多个符号，默认为\"-\"",
914:  "description": "Tag 输入框 文档：https://aisuda.bce.baidu.com/amis/zh-CN/components/form/tag",
------------------------------------
⚠️  Chinese characters found in: output/TagSchema.json
6:      "description": "组件唯一 id，主要用于页面设计器中定位 json 节点"
10:      "description": "类名"
14:      "description": "配合 definitions 一起使用，可以实现无限循环的渲染器。"
18:      "description": "是否禁用"
22:      "description": "是否禁用表达式"
26:      "description": "是否隐藏"
30:      "description": "是否隐藏表达式"
34:      "description": "是否显示"
38:      "description": "是否显示表达式"
42:      "description": "组件唯一 id，主要用于日志采集"
70:      "description": "事件动作配置"
74:      "description": "是否静态展示"
78:      "description": "是否静态展示表达式"
82:      "description": "静态展示空值占位"
86:      "description": "静态展示表单项类名"
90:      "description": "静态展示表单项Label类名"
94:      "description": "静态展示表单项Value类名"
99:      "description": "自定义样式"
106:          "description": "组件行为、用途，如 create、update、remove"
110:          "description": "组件名称，通常是业务名称方便定位"
113:          "description": "编辑器假数据，方便展示"
116:      "description": "编辑器配置，运行时可以忽略"
120:      "description": "可以组件级别用来关闭移动端样式"
134:      "description": "标签颜色"
138:      "description": "标签文本内容"
147:      "description": "normal: 面性标签，对应color的背景色 rounded: 线性标签， 对应color的边框 status: 带图标的标签， 图标可以自定义"
151:      "description": "status模式时候设置的前置图标"
155:      "description": "是否展示关闭按钮"
159:      "description": "关闭图标"
163:      "description": "是否是可选的标签"
167:      "description": "是否选中"
------------------------------------
⚠️  Chinese characters found in: output/TasksSchema.json
18:      "description": "组件唯一 id，主要用于页面设计器中定位 json 节点"
22:      "description": "容器 css 类名"
26:      "description": "配合 definitions 一起使用，可以实现无限循环的渲染器。"
30:      "description": "是否禁用"
34:      "description": "是否禁用表达式"
38:      "description": "是否隐藏"
42:      "description": "是否隐藏表达式"
46:      "description": "是否显示"
50:      "description": "是否显示表达式"
54:      "description": "组件唯一 id，主要用于日志采集"
82:      "description": "事件动作配置"
86:      "description": "是否静态展示"
90:      "description": "是否静态展示表达式"
94:      "description": "静态展示空值占位"
98:      "description": "静态展示表单项类名"
102:      "description": "静态展示表单项Label类名"
106:      "description": "静态展示表单项Value类名"
111:      "description": "组件样式"
118:          "description": "组件行为、用途，如 create、update、remove"
122:          "description": "组件名称，通常是业务名称方便定位"
125:          "description": "编辑器假数据，方便展示"
128:      "description": "编辑器配置，运行时可以忽略"
132:      "description": "可以组件级别用来关闭移动端样式"
140:      "description": "指定为任务类型"
150:      "description": "操作按钮文字"
154:      "description": "用来获取任务状态的 API，当没有进行时任务时不会发送。"
158:      "description": "当有任务进行中，会每隔一段时间再次检测，而时间间隔就是通过此项配置，默认 3s。",
168:            "description": "任务键值，请唯一区分"
172:            "description": "任务名称"
176:            "description": "当前任务状态，支持 html"
188:            "description": "任务状态： 0: 初始状态，不可操作。 1: 就绪，可操作状态。 2: 进行中，还没有结束。 3：有错误，不可重试。 4: 已正常结束。 5：有错误，且可以重试。"
199:      "description": "操作列说明"
203:      "description": "如果任务失败，且可以重试，提交的时候会使用此 API"
207:      "description": "备注列说明"
211:      "description": "配置容器重试按钮 className"
215:      "description": "重试操作按钮文字"
219:      "description": "状态列说明"
226:      "description": "状态显示对应的类名配置。",
241:      "description": "状态显示对应的文字显示配置。"
245:      "description": "提交任务使用的 API"
249:      "description": "配置 table className"
253:      "description": "任务名称列说明"
278:  "description": "Tasks 渲染器，格式说明 文档：https://aisuda.bce.baidu.com/amis/zh-CN/components/tasks",
------------------------------------
⚠️  Chinese characters found in: output/TextControlSchema.json
22:      "description": "选项集合"
33:      "description": "可用来通过 API 拉取 options。"
37:      "description": "默认选择选项第一个值。"
41:      "description": "用表达式来配置 source 接口初始要不要拉取"
45:      "description": "配置 source 接口初始拉不拉取。"
49:      "description": "是否为多选模式"
53:      "description": "单选模式：当用户选中某个选项时，选项中的 value 将被作为该表单项的值提交，否则，整个选项对象都会作为该表单项的值提交。 多选模式：选中的多个选项的 `value` 会通过 `delimiter` 连接起来，否则直接将以数组的形式提交值。"
57:      "description": "分割符"
61:      "description": "多选模式，值太多时是否避免折行"
65:      "description": "开启后将选中的选项 value 的值封装为数组，作为当前表单项的值。"
69:      "description": "是否可清除。"
73:      "description": "点清除按钮时，将表单项设置成当前配置的值。",
78:      "description": "懒加载字段"
89:      "description": "延时加载的 API，当选项中有 defer: true 的选项时，点开会通过此接口扩充。"
100:      "description": "添加时调用的接口"
107:      "description": "新增时的表单项。"
111:      "description": "控制新增弹框设置项"
115:      "description": "是否可以新增"
119:      "description": "新增文字"
123:      "description": "是否可以编辑"
134:      "description": "编辑时调用的 API"
141:      "description": "选项修改的表单项"
145:      "description": "控制编辑弹框设置项"
149:      "description": "是否可删除"
160:      "description": "选项删除 API"
164:      "description": "选项删除提示文字。"
175:      "description": "表单项大小"
187:      "description": "描述标题"
191:      "description": "描述标题"
198:      "description": "label自定义宽度，默认单位为px"
202:      "description": "配置 label className"
206:      "description": "字段名，表单提交时的 key，支持多层级，用.连接，如： a.b.c"
210:      "description": "额外的字段名，当为范围组件时可以用来将另外一个值打平出来"
214:      "description": "输入提示，聚焦的时候显示"
218:      "description": "当修改完的时候是否提交表单。"
222:      "description": "是否只读"
226:      "description": "只读条件"
230:      "description": "不设置时，当表单提交过后表单项每次修改都会触发重新验证， 如果设置了，则由此配置项来决定要不要每次修改都触发验证。"
234:      "description": "描述内容，支持 Html 片段。"
241:      "description": "配置描述上的 className"
250:      "description": "配置当前表单项展示模式"
254:      "description": "当配置为水平布局的时候，用来配置具体的左右分配。"
258:      "description": "表单 control 是否为 inline 模式。"
262:      "description": "配置 input className"
266:      "description": "占位符"
270:      "description": "是否为必填"
369:      "description": "验证失败的提示信息"
381:              "description": "是否是字母"
385:              "description": "是否为字母数字"
389:              "description": "是否为邮箱地址"
393:              "description": "是否为浮点型"
397:              "description": "是否为整型"
401:              "description": "是否为 json"
405:              "description": "长度等于指定值"
409:              "description": "是否为数字"
413:              "description": "是否为必填"
417:              "description": "是否为 URL 地址"
421:              "description": "内容命中指定正则"
425:              "description": "内容命中指定正则"
429:              "description": "内容命中指定正则"
433:              "description": "内容命中指定正则"
437:              "description": "内容命中指定正则"
441:              "description": "内容命中指定正则"
445:              "description": "最大长度为指定值"
449:              "description": "最大值为指定值"
453:              "description": "最小长度为指定值"
457:              "description": "最小值为指定值"
471:              "description": "和目标日期相同，支持指定粒度，默认到毫秒"
485:              "description": "早于目标日期，支持指定粒度，默认到毫秒"
499:              "description": "晚于目标日期，支持指定粒度，默认到毫秒"
513:              "description": "早于目标日期或和目标日期相同，支持指定粒度，默认到毫秒"
527:              "description": "晚于目标日期或和目标日期相同，支持指定粒度，默认到毫秒"
541:              "description": "日期处于目标日期范围，支持指定粒度和区间的开闭形式，默认到毫秒, 左右开区间"
555:              "description": "和目标时间相同，支持指定粒度，默认到毫秒"
569:              "description": "早于目标时间，支持指定粒度，默认到毫秒"
583:              "description": "晚于目标时间，支持指定粒度，默认到毫秒"
597:              "description": "早于目标时间或和目标时间相同，支持指定粒度，默认到毫秒"
611:              "description": "晚于目标时间或和目标时间相同，支持指定粒度，默认到毫秒"
625:              "description": "时间处于目标时间范围，支持指定粒度和区间的开闭形式，默认到毫秒, 左右开区间"
632:      "description": "默认值，切记只能是静态值，不支持取变量，跟数据关联是通过设置 name 属性来实现的。"
636:      "description": "表单项隐藏时，是否在当前 Form 中删除掉该表单项值。注意同名的未隐藏的表单项值也会删掉"
647:      "description": "远端校验表单项接口"
662:              "description": "是否为参照录入模式，参照录入会展示候选值供用户选择，而不是直接填充。"
665:              "description": "参照录入时，默认选中的值"
676:              "description": "自动填充 api"
680:              "description": "是否展示数据格式错误提示，默认为不展示",
685:              "description": "填充时的数据映射"
694:              "description": "触发条件，默认为 change"
703:              "description": "弹窗方式，当为参照录入时用可以配置"
707:              "description": "当参照录入为抽屉时可以配置弹出位置"
711:              "description": "当为参照录入时可以配置弹出容器的大小"
716:              "description": "参照录入展示的项"
719:              "description": "参照录入时的过滤条件"
725:      "description": "自动填充，当选项被选择的时候，将选项中的其他值同步设置到表单内。"
743:      "description": "组件唯一 id，主要用于页面设计器中定位 json 节点"
747:      "description": "容器 css 类名"
751:      "description": "配合 definitions 一起使用，可以实现无限循环的渲染器。"
755:      "description": "是否禁用"
759:      "description": "是否禁用表达式"
763:      "description": "是否隐藏"
767:      "description": "是否隐藏表达式"
771:      "description": "是否显示"
775:      "description": "是否显示表达式"
779:      "description": "组件唯一 id，主要用于日志采集"
807:      "description": "事件动作配置"
811:      "description": "是否静态展示"
815:      "description": "是否静态展示表达式"
819:      "description": "静态展示空值占位"
823:      "description": "静态展示表单项类名"
827:      "description": "静态展示表单项Label类名"
831:      "description": "静态展示表单项Value类名"
836:      "description": "组件样式"
843:          "description": "组件行为、用途，如 create、update、remove"
847:          "description": "组件名称，通常是业务名称方便定位"
850:          "description": "编辑器假数据，方便展示"
853:      "description": "编辑器配置，运行时可以忽略"
857:      "description": "可以组件级别用来关闭移动端样式"
864:      "description": "显示一个小图标, 鼠标放上去的时候显示提示内容"
868:      "description": "显示一个小图标, 鼠标放上去的时候显示提示内容, 这个小图标跟 label 在一起"
881:      "description": "表单项类型"
891:              "description": "组件唯一 id，主要用于页面设计器中定位 json 节点"
898:              "description": "配合 definitions 一起使用，可以实现无限循环的渲染器。"
902:              "description": "是否禁用"
906:              "description": "是否禁用表达式"
910:              "description": "是否隐藏"
914:              "description": "是否隐藏表达式"
918:              "description": "是否显示"
922:              "description": "是否显示表达式"
926:              "description": "主要用于用户行为跟踪里区分是哪个按钮"
954:              "description": "事件动作配置"
958:              "description": "是否静态展示"
962:              "description": "是否静态展示表达式"
966:              "description": "静态展示空值占位"
970:              "description": "静态展示表单项类名"
974:              "description": "静态展示表单项Label类名"
978:              "description": "静态展示表单项Value类名"
983:              "description": "组件样式"
990:                  "description": "组件行为、用途，如 create、update、remove"
994:                  "description": "组件名称，通常是业务名称方便定位"
997:                  "description": "编辑器假数据，方便展示"
1000:              "description": "编辑器配置，运行时可以忽略"
1004:              "description": "可以组件级别用来关闭移动端样式"
1016:              "description": "指定按钮类型，支持 button、submit或者reset三种类型。"
1023:              "description": "是否为块状展示，默认为内联。"
1027:              "description": "禁用时的文案提示。"
1034:              "description": "icon 上的css 类名"
1038:              "description": "右侧按钮图标， iconfont 的类名"
1042:              "description": "右侧 icon 上的 css 类名"
1046:              "description": "loading 上的css 类名"
1064:              "description": "按钮样式"
1077:              "description": "按钮大小"
1093:              "description": "提示文字，配置了操作前会要求用户确认。"
1100:              "description": "如果按钮在form中，配置此属性会要求用户把指定的字段通过验证后才会触发行为。"
1104:              "description": "激活状态时的样式"
1108:              "description": "激活状态时的类名"
1115:              "description": "如果按钮在弹框中，可以配置这个动作完成后是否关闭弹窗，或者指定关闭目标弹框。"
1119:              "description": "当按钮时批量操作按钮时，默认必须有勾选元素才能可点击，如果此属性配置成 false，则没有点选成员也能点击。"
1123:              "description": "是否将弹框中数据 merge 到父级作用域。"
1127:              "description": "可以指定让谁来触发这个动作。"
1131:              "description": "点击后的禁止倒计时（秒）"
1135:              "description": "倒计时文字自定义"
1139:              "description": "角标"
1143:              "description": "键盘快捷键"
1147:              "description": "是否显示loading效果"
1156:              "description": "自定义事件处理函数"
1160:              "description": "子内容"
1165:              "description": "指定为发送 ajax 的行为。"
1169:              "description": "配置 ajax 发送地址"
1185:              "description": "是否开启请求隔离, 主要用于隔离联动CRUD, Service的请求"
1207:              "description": "组件唯一 id，主要用于页面设计器中定位 json 节点"
1214:              "description": "配合 definitions 一起使用，可以实现无限循环的渲染器。"
1218:              "description": "是否禁用"
1222:              "description": "是否禁用表达式"
1226:              "description": "是否隐藏"
1230:              "description": "是否隐藏表达式"
1234:              "description": "是否显示"
1238:              "description": "是否显示表达式"
1242:              "description": "主要用于用户行为跟踪里区分是哪个按钮"
1270:              "description": "事件动作配置"
1274:              "description": "是否静态展示"
1278:              "description": "是否静态展示表达式"
1282:              "description": "静态展示空值占位"
1286:              "description": "静态展示表单项类名"
1290:              "description": "静态展示表单项Label类名"
1294:              "description": "静态展示表单项Value类名"
1299:              "description": "组件样式"
1306:                  "description": "组件行为、用途，如 create、update、remove"
1310:                  "description": "组件名称，通常是业务名称方便定位"
1313:                  "description": "编辑器假数据，方便展示"
1316:              "description": "编辑器配置，运行时可以忽略"
1320:              "description": "可以组件级别用来关闭移动端样式"
1332:              "description": "指定按钮类型，支持 button、submit或者reset三种类型。"
1339:              "description": "是否为块状展示，默认为内联。"
1343:              "description": "禁用时的文案提示。"
1350:              "description": "icon 上的css 类名"
1354:              "description": "右侧按钮图标， iconfont 的类名"
1358:              "description": "右侧 icon 上的 css 类名"
1362:              "description": "loading 上的css 类名"
1380:              "description": "按钮样式"
1393:              "description": "按钮大小"
1409:              "description": "提示文字，配置了操作前会要求用户确认。"
1416:              "description": "如果按钮在form中，配置此属性会要求用户把指定的字段通过验证后才会触发行为。"
1420:              "description": "激活状态时的样式"
1424:              "description": "激活状态时的类名"
1431:              "description": "如果按钮在弹框中，可以配置这个动作完成后是否关闭弹窗，或者指定关闭目标弹框。"
1435:              "description": "当按钮时批量操作按钮时，默认必须有勾选元素才能可点击，如果此属性配置成 false，则没有点选成员也能点击。"
1439:              "description": "是否将弹框中数据 merge 到父级作用域。"
1443:              "description": "可以指定让谁来触发这个动作。"
1447:              "description": "点击后的禁止倒计时（秒）"
1451:              "description": "倒计时文字自定义"
1455:              "description": "角标"
1459:              "description": "键盘快捷键"
1463:              "description": "是否显示loading效果"
1472:              "description": "自定义事件处理函数"
1476:              "description": "子内容"
1481:              "description": "指定为打开链接"
1485:              "description": "是否新窗口打开"
1489:              "description": "打开的目标地址"
1511:              "description": "组件唯一 id，主要用于页面设计器中定位 json 节点"
1518:              "description": "配合 definitions 一起使用，可以实现无限循环的渲染器。"
1522:              "description": "是否禁用"
1526:              "description": "是否禁用表达式"
1530:              "description": "是否隐藏"
1534:              "description": "是否隐藏表达式"
1538:              "description": "是否显示"
1542:              "description": "是否显示表达式"
1546:              "description": "主要用于用户行为跟踪里区分是哪个按钮"
1574:              "description": "事件动作配置"
1578:              "description": "是否静态展示"
1582:              "description": "是否静态展示表达式"
1586:              "description": "静态展示空值占位"
1590:              "description": "静态展示表单项类名"
1594:              "description": "静态展示表单项Label类名"
1598:              "description": "静态展示表单项Value类名"
1603:              "description": "组件样式"
1610:                  "description": "组件行为、用途，如 create、update、remove"
1614:                  "description": "组件名称，通常是业务名称方便定位"
1617:                  "description": "编辑器假数据，方便展示"
1620:              "description": "编辑器配置，运行时可以忽略"
1624:              "description": "可以组件级别用来关闭移动端样式"
1636:              "description": "指定按钮类型，支持 button、submit或者reset三种类型。"
1643:              "description": "是否为块状展示，默认为内联。"
1647:              "description": "禁用时的文案提示。"
1654:              "description": "icon 上的css 类名"
1658:              "description": "右侧按钮图标， iconfont 的类名"
1662:              "description": "右侧 icon 上的 css 类名"
1666:              "description": "loading 上的css 类名"
1684:              "description": "按钮样式"
1697:              "description": "按钮大小"
1713:              "description": "提示文字，配置了操作前会要求用户确认。"
1720:              "description": "如果按钮在form中，配置此属性会要求用户把指定的字段通过验证后才会触发行为。"
1724:              "description": "激活状态时的样式"
1728:              "description": "激活状态时的类名"
1735:              "description": "如果按钮在弹框中，可以配置这个动作完成后是否关闭弹窗，或者指定关闭目标弹框。"
1739:              "description": "当按钮时批量操作按钮时，默认必须有勾选元素才能可点击，如果此属性配置成 false，则没有点选成员也能点击。"
1743:              "description": "是否将弹框中数据 merge 到父级作用域。"
1747:              "description": "可以指定让谁来触发这个动作。"
1751:              "description": "点击后的禁止倒计时（秒）"
1755:              "description": "倒计时文字自定义"
1759:              "description": "角标"
1763:              "description": "键盘快捷键"
1767:              "description": "是否显示loading效果"
1776:              "description": "自定义事件处理函数"
1780:              "description": "子内容"
1785:              "description": "指定为打开链接行为，跟 url 不同的时这个行为为单页模式。"
1789:              "description": "跳转到哪？支持配置相对路径。"
1811:              "description": "组件唯一 id，主要用于页面设计器中定位 json 节点"
1818:              "description": "配合 definitions 一起使用，可以实现无限循环的渲染器。"
1822:              "description": "是否禁用"
1826:              "description": "是否禁用表达式"
1830:              "description": "是否隐藏"
1834:              "description": "是否隐藏表达式"
1838:              "description": "是否显示"
1842:              "description": "是否显示表达式"
1846:              "description": "主要用于用户行为跟踪里区分是哪个按钮"
1874:              "description": "事件动作配置"
1878:              "description": "是否静态展示"
1882:              "description": "是否静态展示表达式"
1886:              "description": "静态展示空值占位"
1890:              "description": "静态展示表单项类名"
1894:              "description": "静态展示表单项Label类名"
1898:              "description": "静态展示表单项Value类名"
1903:              "description": "组件样式"
1910:                  "description": "组件行为、用途，如 create、update、remove"
1914:                  "description": "组件名称，通常是业务名称方便定位"
1917:                  "description": "编辑器假数据，方便展示"
1920:              "description": "编辑器配置，运行时可以忽略"
1924:              "description": "可以组件级别用来关闭移动端样式"
1936:              "description": "指定按钮类型，支持 button、submit或者reset三种类型。"
1943:              "description": "是否为块状展示，默认为内联。"
1947:              "description": "禁用时的文案提示。"
1954:              "description": "icon 上的css 类名"
1958:              "description": "右侧按钮图标， iconfont 的类名"
1962:              "description": "右侧 icon 上的 css 类名"
1966:              "description": "loading 上的css 类名"
1984:              "description": "按钮样式"
1997:              "description": "按钮大小"
2013:              "description": "提示文字，配置了操作前会要求用户确认。"
2020:              "description": "如果按钮在form中，配置此属性会要求用户把指定的字段通过验证后才会触发行为。"
2024:              "description": "激活状态时的样式"
2028:              "description": "激活状态时的类名"
2035:              "description": "如果按钮在弹框中，可以配置这个动作完成后是否关闭弹窗，或者指定关闭目标弹框。"
2039:              "description": "当按钮时批量操作按钮时，默认必须有勾选元素才能可点击，如果此属性配置成 false，则没有点选成员也能点击。"
2043:              "description": "是否将弹框中数据 merge 到父级作用域。"
2047:              "description": "可以指定让谁来触发这个动作。"
2051:              "description": "点击后的禁止倒计时（秒）"
2055:              "description": "倒计时文字自定义"
2059:              "description": "角标"
2063:              "description": "键盘快捷键"
2067:              "description": "是否显示loading效果"
2076:              "description": "自定义事件处理函数"
2080:              "description": "子内容"
2085:              "description": "指定为打开弹窗"
2089:              "description": "弹框详情 文档：https://aisuda.bce.baidu.com/amis/zh-CN/components/dialog"
2093:              "description": "是否有下一个的表达式，正常可以不用配置，如果想要刷掉某些数据可以配置这个。"
2102:              "description": "数据映射"
2124:              "description": "组件唯一 id，主要用于页面设计器中定位 json 节点"
2131:              "description": "配合 definitions 一起使用，可以实现无限循环的渲染器。"
2135:              "description": "是否禁用"
2139:              "description": "是否禁用表达式"
2143:              "description": "是否隐藏"
2147:              "description": "是否隐藏表达式"
2151:              "description": "是否显示"
2155:              "description": "是否显示表达式"
2159:              "description": "主要用于用户行为跟踪里区分是哪个按钮"
2187:              "description": "事件动作配置"
2191:              "description": "是否静态展示"
2195:              "description": "是否静态展示表达式"
2199:              "description": "静态展示空值占位"
2203:              "description": "静态展示表单项类名"
2207:              "description": "静态展示表单项Label类名"
2211:              "description": "静态展示表单项Value类名"
2216:              "description": "组件样式"
2223:                  "description": "组件行为、用途，如 create、update、remove"
2227:                  "description": "组件名称，通常是业务名称方便定位"
2230:                  "description": "编辑器假数据，方便展示"
2233:              "description": "编辑器配置，运行时可以忽略"
2237:              "description": "可以组件级别用来关闭移动端样式"
2249:              "description": "指定按钮类型，支持 button、submit或者reset三种类型。"
2256:              "description": "是否为块状展示，默认为内联。"
2260:              "description": "禁用时的文案提示。"
2267:              "description": "icon 上的css 类名"
2271:              "description": "右侧按钮图标， iconfont 的类名"
2275:              "description": "右侧 icon 上的 css 类名"
2279:              "description": "loading 上的css 类名"
2297:              "description": "按钮样式"
2310:              "description": "按钮大小"
2326:              "description": "提示文字，配置了操作前会要求用户确认。"
2333:              "description": "如果按钮在form中，配置此属性会要求用户把指定的字段通过验证后才会触发行为。"
2337:              "description": "激活状态时的样式"
2341:              "description": "激活状态时的类名"
2348:              "description": "如果按钮在弹框中，可以配置这个动作完成后是否关闭弹窗，或者指定关闭目标弹框。"
2352:              "description": "当按钮时批量操作按钮时，默认必须有勾选元素才能可点击，如果此属性配置成 false，则没有点选成员也能点击。"
2356:              "description": "是否将弹框中数据 merge 到父级作用域。"
2360:              "description": "可以指定让谁来触发这个动作。"
2364:              "description": "点击后的禁止倒计时（秒）"
2368:              "description": "倒计时文字自定义"
2372:              "description": "角标"
2376:              "description": "键盘快捷键"
2380:              "description": "是否显示loading效果"
2389:              "description": "自定义事件处理函数"
2393:              "description": "子内容"
2398:              "description": "指定为打开弹窗，抽出式弹窗"
2402:              "description": "抽出式弹框详情 文档：https://aisuda.bce.baidu.com/amis/zh-CN/components/drawer"
2406:              "description": "是否有下一个的表达式，正常可以不用配置，如果想要刷掉某些数据可以配置这个。"
2415:              "description": "数据映射"
2437:              "description": "组件唯一 id，主要用于页面设计器中定位 json 节点"
2444:              "description": "配合 definitions 一起使用，可以实现无限循环的渲染器。"
2448:              "description": "是否禁用"
2452:              "description": "是否禁用表达式"
2456:              "description": "是否隐藏"
2460:              "description": "是否隐藏表达式"
2464:              "description": "是否显示"
2468:              "description": "是否显示表达式"
2472:              "description": "主要用于用户行为跟踪里区分是哪个按钮"
2500:              "description": "事件动作配置"
2504:              "description": "是否静态展示"
2508:              "description": "是否静态展示表达式"
2512:              "description": "静态展示空值占位"
2516:              "description": "静态展示表单项类名"
2520:              "description": "静态展示表单项Label类名"
2524:              "description": "静态展示表单项Value类名"
2529:              "description": "组件样式"
2536:                  "description": "组件行为、用途，如 create、update、remove"
2540:                  "description": "组件名称，通常是业务名称方便定位"
2543:                  "description": "编辑器假数据，方便展示"
2546:              "description": "编辑器配置，运行时可以忽略"
2550:              "description": "可以组件级别用来关闭移动端样式"
2562:              "description": "指定按钮类型，支持 button、submit或者reset三种类型。"
2569:              "description": "是否为块状展示，默认为内联。"
2573:              "description": "禁用时的文案提示。"
2580:              "description": "icon 上的css 类名"
2584:              "description": "右侧按钮图标， iconfont 的类名"
2588:              "description": "右侧 icon 上的 css 类名"
2592:              "description": "loading 上的css 类名"
2610:              "description": "按钮样式"
2623:              "description": "按钮大小"
2639:              "description": "提示文字，配置了操作前会要求用户确认。"
2646:              "description": "如果按钮在form中，配置此属性会要求用户把指定的字段通过验证后才会触发行为。"
2650:              "description": "激活状态时的样式"
2654:              "description": "激活状态时的类名"
2661:              "description": "如果按钮在弹框中，可以配置这个动作完成后是否关闭弹窗，或者指定关闭目标弹框。"
2665:              "description": "当按钮时批量操作按钮时，默认必须有勾选元素才能可点击，如果此属性配置成 false，则没有点选成员也能点击。"
2669:              "description": "是否将弹框中数据 merge 到父级作用域。"
2673:              "description": "可以指定让谁来触发这个动作。"
2677:              "description": "点击后的禁止倒计时（秒）"
2681:              "description": "倒计时文字自定义"
2685:              "description": "角标"
2689:              "description": "键盘快捷键"
2693:              "description": "是否显示loading效果"
2702:              "description": "自定义事件处理函数"
2706:              "description": "子内容"
2711:              "description": "指定为打开弹窗，抽出式弹窗"
2715:              "description": "轻提示详情 文档：https://aisuda.bce.baidu.com/amis/zh-CN/components/toast"
2737:              "description": "组件唯一 id，主要用于页面设计器中定位 json 节点"
2744:              "description": "配合 definitions 一起使用，可以实现无限循环的渲染器。"
2748:              "description": "是否禁用"
2752:              "description": "是否禁用表达式"
2756:              "description": "是否隐藏"
2760:              "description": "是否隐藏表达式"
2764:              "description": "是否显示"
2768:              "description": "是否显示表达式"
2772:              "description": "主要用于用户行为跟踪里区分是哪个按钮"
2800:              "description": "事件动作配置"
2804:              "description": "是否静态展示"
2808:              "description": "是否静态展示表达式"
2812:              "description": "静态展示空值占位"
2816:              "description": "静态展示表单项类名"
2820:              "description": "静态展示表单项Label类名"
2824:              "description": "静态展示表单项Value类名"
2829:              "description": "组件样式"
2836:                  "description": "组件行为、用途，如 create、update、remove"
2840:                  "description": "组件名称，通常是业务名称方便定位"
2843:                  "description": "编辑器假数据，方便展示"
2846:              "description": "编辑器配置，运行时可以忽略"
2850:              "description": "可以组件级别用来关闭移动端样式"
2862:              "description": "指定按钮类型，支持 button、submit或者reset三种类型。"
2869:              "description": "是否为块状展示，默认为内联。"
2873:              "description": "禁用时的文案提示。"
2880:              "description": "icon 上的css 类名"
2884:              "description": "右侧按钮图标， iconfont 的类名"
2888:              "description": "右侧 icon 上的 css 类名"
2892:              "description": "loading 上的css 类名"
2910:              "description": "按钮样式"
2923:              "description": "按钮大小"
2939:              "description": "提示文字，配置了操作前会要求用户确认。"
2946:              "description": "如果按钮在form中，配置此属性会要求用户把指定的字段通过验证后才会触发行为。"
2950:              "description": "激活状态时的样式"
2954:              "description": "激活状态时的类名"
2961:              "description": "如果按钮在弹框中，可以配置这个动作完成后是否关闭弹窗，或者指定关闭目标弹框。"
2965:              "description": "当按钮时批量操作按钮时，默认必须有勾选元素才能可点击，如果此属性配置成 false，则没有点选成员也能点击。"
2969:              "description": "是否将弹框中数据 merge 到父级作用域。"
2973:              "description": "可以指定让谁来触发这个动作。"
2977:              "description": "点击后的禁止倒计时（秒）"
2981:              "description": "倒计时文字自定义"
2985:              "description": "角标"
2989:              "description": "键盘快捷键"
2993:              "description": "是否显示loading效果"
3002:              "description": "自定义事件处理函数"
3006:              "description": "子内容"
3011:              "description": "指定为复制内容行为"
3015:              "description": "复制啥内容由此配置，支持模板语法。"
3037:              "description": "组件唯一 id，主要用于页面设计器中定位 json 节点"
3044:              "description": "配合 definitions 一起使用，可以实现无限循环的渲染器。"
3048:              "description": "是否禁用"
3052:              "description": "是否禁用表达式"
3056:              "description": "是否隐藏"
3060:              "description": "是否隐藏表达式"
3064:              "description": "是否显示"
3068:              "description": "是否显示表达式"
3072:              "description": "主要用于用户行为跟踪里区分是哪个按钮"
3100:              "description": "事件动作配置"
3104:              "description": "是否静态展示"
3108:              "description": "是否静态展示表达式"
3112:              "description": "静态展示空值占位"
3116:              "description": "静态展示表单项类名"
3120:              "description": "静态展示表单项Label类名"
3124:              "description": "静态展示表单项Value类名"
3129:              "description": "组件样式"
3136:                  "description": "组件行为、用途，如 create、update、remove"
3140:                  "description": "组件名称，通常是业务名称方便定位"
3143:                  "description": "编辑器假数据，方便展示"
3146:              "description": "编辑器配置，运行时可以忽略"
3150:              "description": "可以组件级别用来关闭移动端样式"
3162:              "description": "指定按钮类型，支持 button、submit或者reset三种类型。"
3169:              "description": "是否为块状展示，默认为内联。"
3173:              "description": "禁用时的文案提示。"
3180:              "description": "icon 上的css 类名"
3184:              "description": "右侧按钮图标， iconfont 的类名"
3188:              "description": "右侧 icon 上的 css 类名"
3192:              "description": "loading 上的css 类名"
3210:              "description": "按钮样式"
3223:              "description": "按钮大小"
3239:              "description": "提示文字，配置了操作前会要求用户确认。"
3246:              "description": "如果按钮在form中，配置此属性会要求用户把指定的字段通过验证后才会触发行为。"
3250:              "description": "激活状态时的样式"
3254:              "description": "激活状态时的类名"
3261:              "description": "如果按钮在弹框中，可以配置这个动作完成后是否关闭弹窗，或者指定关闭目标弹框。"
3265:              "description": "当按钮时批量操作按钮时，默认必须有勾选元素才能可点击，如果此属性配置成 false，则没有点选成员也能点击。"
3269:              "description": "是否将弹框中数据 merge 到父级作用域。"
3273:              "description": "指定目标组件。"
3277:              "description": "点击后的禁止倒计时（秒）"
3281:              "description": "倒计时文字自定义"
3285:              "description": "角标"
3289:              "description": "键盘快捷键"
3293:              "description": "是否显示loading效果"
3302:              "description": "自定义事件处理函数"
3306:              "description": "子内容"
3311:              "description": "指定为刷新目标组件。"
3332:              "description": "组件唯一 id，主要用于页面设计器中定位 json 节点"
3339:              "description": "配合 definitions 一起使用，可以实现无限循环的渲染器。"
3343:              "description": "是否禁用"
3347:              "description": "是否禁用表达式"
3351:              "description": "是否隐藏"
3355:              "description": "是否隐藏表达式"
3359:              "description": "是否显示"
3363:              "description": "是否显示表达式"
3367:              "description": "主要用于用户行为跟踪里区分是哪个按钮"
3395:              "description": "事件动作配置"
3399:              "description": "是否静态展示"
3403:              "description": "是否静态展示表达式"
3407:              "description": "静态展示空值占位"
3411:              "description": "静态展示表单项类名"
3415:              "description": "静态展示表单项Label类名"
3419:              "description": "静态展示表单项Value类名"
3424:              "description": "组件样式"
3431:                  "description": "组件行为、用途，如 create、update、remove"
3435:                  "description": "组件名称，通常是业务名称方便定位"
3438:                  "description": "编辑器假数据，方便展示"
3441:              "description": "编辑器配置，运行时可以忽略"
3445:              "description": "可以组件级别用来关闭移动端样式"
3457:              "description": "指定按钮类型，支持 button、submit或者reset三种类型。"
3464:              "description": "是否为块状展示，默认为内联。"
3468:              "description": "禁用时的文案提示。"
3475:              "description": "icon 上的css 类名"
3479:              "description": "右侧按钮图标， iconfont 的类名"
3483:              "description": "右侧 icon 上的 css 类名"
3487:              "description": "loading 上的css 类名"
3505:              "description": "按钮样式"
3518:              "description": "按钮大小"
3534:              "description": "提示文字，配置了操作前会要求用户确认。"
3541:              "description": "如果按钮在form中，配置此属性会要求用户把指定的字段通过验证后才会触发行为。"
3545:              "description": "激活状态时的样式"
3549:              "description": "激活状态时的类名"
3556:              "description": "如果按钮在弹框中，可以配置这个动作完成后是否关闭弹窗，或者指定关闭目标弹框。"
3560:              "description": "当按钮时批量操作按钮时，默认必须有勾选元素才能可点击，如果此属性配置成 false，则没有点选成员也能点击。"
3564:              "description": "是否将弹框中数据 merge 到父级作用域。"
3568:              "description": "可以指定让谁来触发这个动作。"
3572:              "description": "点击后的禁止倒计时（秒）"
3576:              "description": "倒计时文字自定义"
3580:              "description": "角标"
3584:              "description": "键盘快捷键"
3588:              "description": "是否显示loading效果"
3597:              "description": "自定义事件处理函数"
3601:              "description": "邮件正文"
3606:              "description": "指定为打开邮箱行为"
3610:              "description": "收件人邮箱"
3614:              "description": "抄送邮箱"
3618:              "description": "匿名抄送邮箱"
3622:              "description": "邮件主题"
3643:              "description": "组件唯一 id，主要用于页面设计器中定位 json 节点"
3650:              "description": "配合 definitions 一起使用，可以实现无限循环的渲染器。"
3654:              "description": "是否禁用"
3658:              "description": "是否禁用表达式"
3662:              "description": "是否隐藏"
3666:              "description": "是否隐藏表达式"
3670:              "description": "是否显示"
3674:              "description": "是否显示表达式"
3678:              "description": "主要用于用户行为跟踪里区分是哪个按钮"
3706:              "description": "事件动作配置"
3710:              "description": "是否静态展示"
3714:              "description": "是否静态展示表达式"
3718:              "description": "静态展示空值占位"
3722:              "description": "静态展示表单项类名"
3726:              "description": "静态展示表单项Label类名"
3730:              "description": "静态展示表单项Value类名"
3735:              "description": "组件样式"
3742:                  "description": "组件行为、用途，如 create、update、remove"
3746:                  "description": "组件名称，通常是业务名称方便定位"
3749:                  "description": "编辑器假数据，方便展示"
3752:              "description": "编辑器配置，运行时可以忽略"
3756:              "description": "可以组件级别用来关闭移动端样式"
3768:              "description": "指定按钮类型，支持 button、submit或者reset三种类型。"
3775:              "description": "是否为块状展示，默认为内联。"
3779:              "description": "禁用时的文案提示。"
3786:              "description": "icon 上的css 类名"
3790:              "description": "右侧按钮图标， iconfont 的类名"
3794:              "description": "右侧 icon 上的 css 类名"
3798:              "description": "loading 上的css 类名"
3816:              "description": "按钮样式"
3829:              "description": "按钮大小"
3845:              "description": "提示文字，配置了操作前会要求用户确认。"
3852:              "description": "如果按钮在form中，配置此属性会要求用户把指定的字段通过验证后才会触发行为。"
3856:              "description": "激活状态时的样式"
3860:              "description": "激活状态时的类名"
3867:              "description": "如果按钮在弹框中，可以配置这个动作完成后是否关闭弹窗，或者指定关闭目标弹框。"
3871:              "description": "当按钮时批量操作按钮时，默认必须有勾选元素才能可点击，如果此属性配置成 false，则没有点选成员也能点击。"
3875:              "description": "是否将弹框中数据 merge 到父级作用域。"
3879:              "description": "可以指定让谁来触发这个动作。"
3883:              "description": "点击后的禁止倒计时（秒）"
3887:              "description": "倒计时文字自定义"
3891:              "description": "角标"
3895:              "description": "键盘快捷键"
3899:              "description": "是否显示loading效果"
3908:              "description": "自定义事件处理函数"
3912:              "description": "子内容"
3947:              "description": "组件唯一 id，主要用于页面设计器中定位 json 节点"
3954:              "description": "配合 definitions 一起使用，可以实现无限循环的渲染器。"
3958:              "description": "是否禁用"
3962:              "description": "是否禁用表达式"
3966:              "description": "是否隐藏"
3970:              "description": "是否隐藏表达式"
3974:              "description": "是否显示"
3978:              "description": "是否显示表达式"
3982:              "description": "主要用于用户行为跟踪里区分是哪个按钮"
4010:              "description": "事件动作配置"
4014:              "description": "是否静态展示"
4018:              "description": "是否静态展示表达式"
4022:              "description": "静态展示空值占位"
4026:              "description": "静态展示表单项类名"
4030:              "description": "静态展示表单项Label类名"
4034:              "description": "静态展示表单项Value类名"
4039:              "description": "组件样式"
4046:                  "description": "组件行为、用途，如 create、update、remove"
4050:                  "description": "组件名称，通常是业务名称方便定位"
4053:                  "description": "编辑器假数据，方便展示"
4056:              "description": "编辑器配置，运行时可以忽略"
4060:              "description": "可以组件级别用来关闭移动端样式"
4072:              "description": "指定按钮类型，支持 button、submit或者reset三种类型。"
4079:              "description": "是否为块状展示，默认为内联。"
4083:              "description": "禁用时的文案提示。"
4090:              "description": "icon 上的css 类名"
4094:              "description": "右侧按钮图标， iconfont 的类名"
4098:              "description": "右侧 icon 上的 css 类名"
4102:              "description": "loading 上的css 类名"
4120:              "description": "按钮样式"
4133:              "description": "按钮大小"
4149:              "description": "提示文字，配置了操作前会要求用户确认。"
4156:              "description": "如果按钮在form中，配置此属性会要求用户把指定的字段通过验证后才会触发行为。"
4160:              "description": "激活状态时的样式"
4164:              "description": "激活状态时的类名"
4171:              "description": "如果按钮在弹框中，可以配置这个动作完成后是否关闭弹窗，或者指定关闭目标弹框。"
4175:              "description": "当按钮时批量操作按钮时，默认必须有勾选元素才能可点击，如果此属性配置成 false，则没有点选成员也能点击。"
4179:              "description": "是否将弹框中数据 merge 到父级作用域。"
4183:              "description": "可以指定让谁来触发这个动作。"
4187:              "description": "点击后的禁止倒计时（秒）"
4191:              "description": "倒计时文字自定义"
4195:              "description": "角标"
4199:              "description": "键盘快捷键"
4203:              "description": "是否显示loading效果"
4212:              "description": "自定义事件处理函数"
4216:              "description": "子内容"
4240:      "description": "是否去除首尾空白文本。"
4244:      "description": "自动完成 API，当输入部分文字的时候，会将这些文字通过 ${term} 可以取到，发送给接口。 接口可以返回匹配到的选项，帮助用户输入。"
4248:      "description": "配置原生 input 的 autoComplete 属性"
4257:      "description": "边框模式，全边框，还是半边框，或者没边框。"
4261:      "description": "限制文字最小输入个数"
4265:      "description": "限制文字最大输入个数"
4269:      "description": "是否显示计数"
4273:      "description": "前缀"
4277:      "description": "后缀"
4284:          "description": "用户输入的字符自动转小写"
4288:          "description": "用户输入的字符自动转大写"
4292:      "description": "自动转换值"
4296:      "description": "control节点的CSS类名"
4300:      "description": "原生input标签的CSS类名"
4304:      "description": "在内容为空的时候清除值"
4311:  "description": "Text 文本输入框。 文档：https://aisuda.bce.baidu.com/amis/zh-CN/components/form/text",
------------------------------------
⚠️  Chinese characters found in: output/TextareaControlSchema.json
6:      "description": "组件唯一 id，主要用于页面设计器中定位 json 节点"
10:      "description": "容器 css 类名"
14:      "description": "配合 definitions 一起使用，可以实现无限循环的渲染器。"
18:      "description": "是否禁用"
22:      "description": "是否禁用表达式"
26:      "description": "是否隐藏"
30:      "description": "是否隐藏表达式"
34:      "description": "是否显示"
38:      "description": "是否显示表达式"
42:      "description": "组件唯一 id，主要用于日志采集"
70:      "description": "事件动作配置"
74:      "description": "是否静态展示"
78:      "description": "是否静态展示表达式"
82:      "description": "静态展示空值占位"
86:      "description": "静态展示表单项类名"
90:      "description": "静态展示表单项Label类名"
94:      "description": "静态展示表单项Value类名"
99:      "description": "组件样式"
106:          "description": "组件行为、用途，如 create、update、remove"
110:          "description": "组件名称，通常是业务名称方便定位"
113:          "description": "编辑器假数据，方便展示"
116:      "description": "编辑器配置，运行时可以忽略"
120:      "description": "可以组件级别用来关闭移动端样式"
134:      "description": "表单项大小"
146:      "description": "描述标题"
150:      "description": "描述标题"
157:      "description": "label自定义宽度，默认单位为px"
161:      "description": "配置 label className"
165:      "description": "字段名，表单提交时的 key，支持多层级，用.连接，如： a.b.c"
169:      "description": "额外的字段名，当为范围组件时可以用来将另外一个值打平出来"
173:      "description": "显示一个小图标, 鼠标放上去的时候显示提示内容"
177:      "description": "显示一个小图标, 鼠标放上去的时候显示提示内容, 这个小图标跟 label 在一起"
181:      "description": "输入提示，聚焦的时候显示"
185:      "description": "当修改完的时候是否提交表单。"
189:      "description": "是否只读"
193:      "description": "只读条件"
197:      "description": "不设置时，当表单提交过后表单项每次修改都会触发重新验证， 如果设置了，则由此配置项来决定要不要每次修改都触发验证。"
201:      "description": "描述内容，支持 Html 片段。"
208:      "description": "配置描述上的 className"
217:      "description": "配置当前表单项展示模式"
221:      "description": "当配置为水平布局的时候，用来配置具体的左右分配。"
225:      "description": "表单 control 是否为 inline 模式。"
229:      "description": "配置 input className"
233:      "description": "占位符"
237:      "description": "是否为必填"
336:      "description": "验证失败的提示信息"
348:              "description": "是否是字母"
352:              "description": "是否为字母数字"
356:              "description": "是否为邮箱地址"
360:              "description": "是否为浮点型"
364:              "description": "是否为整型"
368:              "description": "是否为 json"
372:              "description": "长度等于指定值"
376:              "description": "是否为数字"
380:              "description": "是否为必填"
384:              "description": "是否为 URL 地址"
388:              "description": "内容命中指定正则"
392:              "description": "内容命中指定正则"
396:              "description": "内容命中指定正则"
400:              "description": "内容命中指定正则"
404:              "description": "内容命中指定正则"
408:              "description": "内容命中指定正则"
412:              "description": "最大长度为指定值"
416:              "description": "最大值为指定值"
420:              "description": "最小长度为指定值"
424:              "description": "最小值为指定值"
438:              "description": "和目标日期相同，支持指定粒度，默认到毫秒"
452:              "description": "早于目标日期，支持指定粒度，默认到毫秒"
466:              "description": "晚于目标日期，支持指定粒度，默认到毫秒"
480:              "description": "早于目标日期或和目标日期相同，支持指定粒度，默认到毫秒"
494:              "description": "晚于目标日期或和目标日期相同，支持指定粒度，默认到毫秒"
508:              "description": "日期处于目标日期范围，支持指定粒度和区间的开闭形式，默认到毫秒, 左右开区间"
522:              "description": "和目标时间相同，支持指定粒度，默认到毫秒"
536:              "description": "早于目标时间，支持指定粒度，默认到毫秒"
550:              "description": "晚于目标时间，支持指定粒度，默认到毫秒"
564:              "description": "早于目标时间或和目标时间相同，支持指定粒度，默认到毫秒"
578:              "description": "晚于目标时间或和目标时间相同，支持指定粒度，默认到毫秒"
592:              "description": "时间处于目标时间范围，支持指定粒度和区间的开闭形式，默认到毫秒, 左右开区间"
599:      "description": "默认值，切记只能是静态值，不支持取变量，跟数据关联是通过设置 name 属性来实现的。"
603:      "description": "表单项隐藏时，是否在当前 Form 中删除掉该表单项值。注意同名的未隐藏的表单项值也会删掉"
614:      "description": "远端校验表单项接口"
629:              "description": "是否为参照录入模式，参照录入会展示候选值供用户选择，而不是直接填充。"
632:              "description": "参照录入时，默认选中的值"
643:              "description": "自动填充 api"
647:              "description": "是否展示数据格式错误提示，默认为不展示",
652:              "description": "填充时的数据映射"
661:              "description": "触发条件，默认为 change"
670:              "description": "弹窗方式，当为参照录入时用可以配置"
674:              "description": "当参照录入为抽屉时可以配置弹出位置"
678:              "description": "当为参照录入时可以配置弹出容器的大小"
683:              "description": "参照录入展示的项"
686:              "description": "参照录入时的过滤条件"
692:      "description": "自动填充，当选项被选择的时候，将选项中的其他值同步设置到表单内。"
711:      "description": "指定为多行文本输入框"
715:      "description": "最大行数"
719:      "description": "最小行数"
728:      "description": "边框模式，全边框，还是半边框，或者没边框。"
732:      "description": "限制文字个数"
736:      "description": "是否显示计数"
740:      "description": "输入内容是否可清除"
744:      "description": "重置值"
751:  "description": "TextArea 多行文本输入框。 文档：https://aisuda.bce.baidu.com/amis/zh-CN/components/form/textarea",
------------------------------------
⚠️  Chinese characters found in: output/TimeControlSchema.json
6:      "description": "组件唯一 id，主要用于页面设计器中定位 json 节点"
10:      "description": "容器 css 类名"
14:      "description": "配合 definitions 一起使用，可以实现无限循环的渲染器。"
18:      "description": "是否禁用"
22:      "description": "是否禁用表达式"
26:      "description": "是否隐藏"
30:      "description": "是否隐藏表达式"
34:      "description": "是否显示"
38:      "description": "是否显示表达式"
42:      "description": "组件唯一 id，主要用于日志采集"
70:      "description": "事件动作配置"
74:      "description": "是否静态展示"
78:      "description": "是否静态展示表达式"
82:      "description": "静态展示空值占位"
86:      "description": "静态展示表单项类名"
90:      "description": "静态展示表单项Label类名"
94:      "description": "静态展示表单项Value类名"
99:      "description": "组件样式"
106:          "description": "组件行为、用途，如 create、update、remove"
110:          "description": "组件名称，通常是业务名称方便定位"
113:          "description": "编辑器假数据，方便展示"
116:      "description": "编辑器配置，运行时可以忽略"
120:      "description": "可以组件级别用来关闭移动端样式"
134:      "description": "表单项大小"
146:      "description": "描述标题"
150:      "description": "描述标题"
157:      "description": "label自定义宽度，默认单位为px"
161:      "description": "配置 label className"
165:      "description": "字段名，表单提交时的 key，支持多层级，用.连接，如： a.b.c"
169:      "description": "额外的字段名，当为范围组件时可以用来将另外一个值打平出来"
173:      "description": "显示一个小图标, 鼠标放上去的时候显示提示内容"
177:      "description": "显示一个小图标, 鼠标放上去的时候显示提示内容, 这个小图标跟 label 在一起"
181:      "description": "输入提示，聚焦的时候显示"
185:      "description": "当修改完的时候是否提交表单。"
189:      "description": "是否只读"
193:      "description": "只读条件"
197:      "description": "不设置时，当表单提交过后表单项每次修改都会触发重新验证， 如果设置了，则由此配置项来决定要不要每次修改都触发验证。"
201:      "description": "描述内容，支持 Html 片段。"
208:      "description": "配置描述上的 className"
217:      "description": "配置当前表单项展示模式"
221:      "description": "当配置为水平布局的时候，用来配置具体的左右分配。"
225:      "description": "表单 control 是否为 inline 模式。"
229:      "description": "配置 input className"
233:      "description": "占位符"
237:      "description": "是否为必填"
336:      "description": "验证失败的提示信息"
348:              "description": "是否是字母"
352:              "description": "是否为字母数字"
356:              "description": "是否为邮箱地址"
360:              "description": "是否为浮点型"
364:              "description": "是否为整型"
368:              "description": "是否为 json"
372:              "description": "长度等于指定值"
376:              "description": "是否为数字"
380:              "description": "是否为必填"
384:              "description": "是否为 URL 地址"
388:              "description": "内容命中指定正则"
392:              "description": "内容命中指定正则"
396:              "description": "内容命中指定正则"
400:              "description": "内容命中指定正则"
404:              "description": "内容命中指定正则"
408:              "description": "内容命中指定正则"
412:              "description": "最大长度为指定值"
416:              "description": "最大值为指定值"
420:              "description": "最小长度为指定值"
424:              "description": "最小值为指定值"
438:              "description": "和目标日期相同，支持指定粒度，默认到毫秒"
452:              "description": "早于目标日期，支持指定粒度，默认到毫秒"
466:              "description": "晚于目标日期，支持指定粒度，默认到毫秒"
480:              "description": "早于目标日期或和目标日期相同，支持指定粒度，默认到毫秒"
494:              "description": "晚于目标日期或和目标日期相同，支持指定粒度，默认到毫秒"
508:              "description": "日期处于目标日期范围，支持指定粒度和区间的开闭形式，默认到毫秒, 左右开区间"
522:              "description": "和目标时间相同，支持指定粒度，默认到毫秒"
536:              "description": "早于目标时间，支持指定粒度，默认到毫秒"
550:              "description": "晚于目标时间，支持指定粒度，默认到毫秒"
564:              "description": "早于目标时间或和目标时间相同，支持指定粒度，默认到毫秒"
578:              "description": "晚于目标时间或和目标时间相同，支持指定粒度，默认到毫秒"
592:              "description": "时间处于目标时间范围，支持指定粒度和区间的开闭形式，默认到毫秒, 左右开区间"
599:      "description": "默认值，切记只能是静态值，不支持取变量，跟数据关联是通过设置 name 属性来实现的。"
603:      "description": "表单项隐藏时，是否在当前 Form 中删除掉该表单项值。注意同名的未隐藏的表单项值也会删掉"
614:      "description": "远端校验表单项接口"
629:              "description": "是否为参照录入模式，参照录入会展示候选值供用户选择，而不是直接填充。"
632:              "description": "参照录入时，默认选中的值"
643:              "description": "自动填充 api"
647:              "description": "是否展示数据格式错误提示，默认为不展示",
652:              "description": "填充时的数据映射"
661:              "description": "触发条件，默认为 change"
670:              "description": "弹窗方式，当为参照录入时用可以配置"
674:              "description": "当参照录入为抽屉时可以配置弹出位置"
678:              "description": "当为参照录入时可以配置弹出容器的大小"
683:              "description": "参照录入展示的项"
686:              "description": "参照录入时的过滤条件"
692:      "description": "自动填充，当选项被选择的时候，将选项中的其他值同步设置到表单内。"
711:      "description": "指定为日期时间选择控件"
715:      "description": "是否显示清除按钮"
719:      "description": "日期存储格式"
723:      "description": "替代format"
727:      "description": "日期展示格式"
731:      "description": "日期展示格式(新：替代inputFormat)"
735:      "description": "设定是否存储 utc 时间。"
739:      "description": "是否为内联模式？"
748:      "description": "边框模式，全边框，还是半边框，或者没边框。"
762:      "description": "日期快捷键"
766:      "description": "字符串函数，用来决定是否禁用某个日期。\n\n(currentDate: moment.Moment, props: any) => boolean;"
773:      "description": "时间的格式。"
776:      "description": "时间输入范围限制"
783:  "description": "Time 时间选择控件 文档：https://aisuda.bce.baidu.com/amis/zh-CN/components/form/time",
------------------------------------
⚠️  Chinese characters found in: output/TimelineItemSchema.json
9:      "description": "组件唯一 id，主要用于页面设计器中定位 json 节点"
13:      "description": "容器 css 类名"
17:      "description": "配合 definitions 一起使用，可以实现无限循环的渲染器。"
21:      "description": "是否禁用"
25:      "description": "是否禁用表达式"
29:      "description": "是否隐藏"
33:      "description": "是否隐藏表达式"
37:      "description": "是否显示"
41:      "description": "是否显示表达式"
45:      "description": "组件唯一 id，主要用于日志采集"
73:      "description": "事件动作配置"
77:      "description": "是否静态展示"
81:      "description": "是否静态展示表达式"
85:      "description": "静态展示空值占位"
89:      "description": "静态展示表单项类名"
93:      "description": "静态展示表单项Label类名"
97:      "description": "静态展示表单项Value类名"
102:      "description": "组件样式"
109:          "description": "组件行为、用途，如 create、update、remove"
113:          "description": "组件名称，通常是业务名称方便定位"
116:          "description": "编辑器假数据，方便展示"
119:      "description": "编辑器配置，运行时可以忽略"
123:      "description": "可以组件级别用来关闭移动端样式"
130:      "description": "时间点"
134:      "description": "时间节点标题"
138:      "description": "详细内容"
142:      "description": "detail折叠时文案"
146:      "description": "detail展开时文案"
150:      "description": "时间点圆圈颜色"
161:      "description": "图标"
165:      "description": "图标的CSS类名"
169:      "description": "节点时间的CSS类名（优先级高于统一配置的timeClassName）"
173:      "description": "节点标题的CSS类名（优先级高于统一配置的titleClassName）"
177:      "description": "节点详情的CSS类名（优先级高于统一配置的detailClassName）"
------------------------------------
⚠️  Chinese characters found in: output/TimelineSchema.json
6:      "description": "组件唯一 id，主要用于页面设计器中定位 json 节点"
10:      "description": "容器 css 类名"
14:      "description": "配合 definitions 一起使用，可以实现无限循环的渲染器。"
18:      "description": "是否禁用"
22:      "description": "是否禁用表达式"
26:      "description": "是否隐藏"
30:      "description": "是否隐藏表达式"
34:      "description": "是否显示"
38:      "description": "是否显示表达式"
42:      "description": "组件唯一 id，主要用于日志采集"
70:      "description": "事件动作配置"
74:      "description": "是否静态展示"
78:      "description": "是否静态展示表达式"
82:      "description": "静态展示空值占位"
86:      "description": "静态展示表单项类名"
90:      "description": "静态展示表单项Label类名"
94:      "description": "静态展示表单项Value类名"
99:      "description": "组件样式"
106:          "description": "组件行为、用途，如 create、update、remove"
110:          "description": "组件名称，通常是业务名称方便定位"
113:          "description": "编辑器假数据，方便展示"
116:      "description": "编辑器配置，运行时可以忽略"
120:      "description": "可以组件级别用来关闭移动端样式"
128:      "description": "指定为 Timeline 时间轴渲染器"
138:      "description": "节点数据"
149:      "description": "API 或 数据映射"
158:      "description": "文字相对于时间轴展示方向"
166:      "description": "展示方向"
170:      "description": "节点倒序"
174:      "description": "节点title自定一展示模板"
178:      "description": "图标的CSS类名"
182:      "description": "节点时间的CSS类名"
186:      "description": "节点标题的CSS类名"
190:      "description": "节点详情的CSS类名"
------------------------------------
⚠️  Chinese characters found in: output/ToastActionSchema.json
6:      "description": "组件唯一 id，主要用于页面设计器中定位 json 节点"
10:      "description": "容器 css 类名"
14:      "description": "配合 definitions 一起使用，可以实现无限循环的渲染器。"
18:      "description": "是否禁用"
22:      "description": "是否禁用表达式"
26:      "description": "是否隐藏"
30:      "description": "是否隐藏表达式"
34:      "description": "是否显示"
38:      "description": "是否显示表达式"
42:      "description": "主要用于用户行为跟踪里区分是哪个按钮"
70:      "description": "事件动作配置"
74:      "description": "是否静态展示"
78:      "description": "是否静态展示表达式"
82:      "description": "静态展示空值占位"
86:      "description": "静态展示表单项类名"
90:      "description": "静态展示表单项Label类名"
94:      "description": "静态展示表单项Value类名"
99:      "description": "组件样式"
106:          "description": "组件行为、用途，如 create、update、remove"
110:          "description": "组件名称，通常是业务名称方便定位"
113:          "description": "编辑器假数据，方便展示"
116:      "description": "编辑器配置，运行时可以忽略"
120:      "description": "可以组件级别用来关闭移动端样式"
132:      "description": "指定按钮类型，支持 button、submit或者reset三种类型。"
139:      "description": "是否为块状展示，默认为内联。"
143:      "description": "禁用时的文案提示。"
147:      "description": "按钮图标， iconfont 的类名"
151:      "description": "icon 上的css 类名"
155:      "description": "右侧按钮图标， iconfont 的类名"
159:      "description": "右侧 icon 上的 css 类名"
163:      "description": "loading 上的css 类名"
167:      "description": "按钮文字"
182:      "description": "按钮样式"
195:      "description": "按钮大小"
211:      "description": "提示文字，配置了操作前会要求用户确认。"
218:      "description": "如果按钮在form中，配置此属性会要求用户把指定的字段通过验证后才会触发行为。"
222:      "description": "激活状态时的样式"
226:      "description": "激活状态时的类名"
233:      "description": "如果按钮在弹框中，可以配置这个动作完成后是否关闭弹窗，或者指定关闭目标弹框。"
237:      "description": "当按钮时批量操作按钮时，默认必须有勾选元素才能可点击，如果此属性配置成 false，则没有点选成员也能点击。"
241:      "description": "是否将弹框中数据 merge 到父级作用域。"
245:      "description": "可以指定让谁来触发这个动作。"
249:      "description": "点击后的禁止倒计时（秒）"
253:      "description": "倒计时文字自定义"
257:      "description": "角标"
261:      "description": "键盘快捷键"
265:      "description": "是否显示loading效果"
274:      "description": "自定义事件处理函数"
278:      "description": "子内容"
283:      "description": "指定为打开弹窗，抽出式弹窗"
287:      "description": "轻提示详情 文档：https://aisuda.bce.baidu.com/amis/zh-CN/components/toast"
------------------------------------
⚠️  Chinese characters found in: output/ToastSchemaBase.json
6:      "description": "组件唯一 id，主要用于页面设计器中定位 json 节点"
10:      "description": "容器 css 类名"
14:      "description": "配合 definitions 一起使用，可以实现无限循环的渲染器。"
18:      "description": "是否禁用"
22:      "description": "是否禁用表达式"
26:      "description": "是否隐藏"
30:      "description": "是否隐藏表达式"
34:      "description": "是否显示"
38:      "description": "是否显示表达式"
42:      "description": "组件唯一 id，主要用于日志采集"
70:      "description": "事件动作配置"
74:      "description": "是否静态展示"
78:      "description": "是否静态展示表达式"
82:      "description": "静态展示空值占位"
86:      "description": "静态展示表单项类名"
90:      "description": "静态展示表单项Label类名"
94:      "description": "静态展示表单项Value类名"
99:      "description": "组件样式"
106:          "description": "组件行为、用途，如 create、update、remove"
110:          "description": "组件名称，通常是业务名称方便定位"
113:          "description": "编辑器假数据，方便展示"
116:      "description": "编辑器配置，运行时可以忽略"
120:      "description": "可以组件级别用来关闭移动端样式"
183:      "description": "轻提示内容"
196:      "description": "弹出位置"
200:      "description": "是否展示关闭按钮"
204:      "description": "是否展示图标"
208:      "description": "持续时间"
------------------------------------
⚠️  Chinese characters found in: output/TooltipWrapperSchema.json
6:      "description": "组件唯一 id，主要用于页面设计器中定位 json 节点"
10:      "description": "内容区CSS类名"
14:      "description": "配合 definitions 一起使用，可以实现无限循环的渲染器。"
18:      "description": "是否禁用提示"
22:      "description": "是否禁用表达式"
26:      "description": "是否隐藏"
30:      "description": "是否隐藏表达式"
34:      "description": "是否显示"
38:      "description": "是否显示表达式"
42:      "description": "组件唯一 id，主要用于日志采集"
70:      "description": "事件动作配置"
74:      "description": "是否静态展示"
78:      "description": "是否静态展示表达式"
82:      "description": "静态展示空值占位"
86:      "description": "静态展示表单项类名"
90:      "description": "静态展示表单项Label类名"
94:      "description": "静态展示表单项Value类名"
99:      "description": "内容区自定义样式"
106:          "description": "组件行为、用途，如 create、update、remove"
110:          "description": "组件名称，通常是业务名称方便定位"
113:          "description": "编辑器假数据，方便展示"
116:      "description": "编辑器配置，运行时可以忽略"
120:      "description": "可以组件级别用来关闭移动端样式"
128:      "description": "文字提示容器"
135:      "description": "文字提示标题"
139:      "description": "文字提示内容，兼容 tooltip，但建议通过 content 来实现提示内容"
152:      "description": "文字提示浮层出现位置，默认为top"
161:      "description": "浮层位置相对偏移量"
165:      "description": "是否展示浮层指向箭头"
179:      "description": "浮层触发方式，默认为hover"
183:      "description": "浮层延迟显示时间, 单位 ms"
187:      "description": "浮层延迟隐藏时间, 单位 ms"
191:      "description": "是否点击非内容区域关闭提示，默认为true"
195:      "description": "内容区域"
199:      "description": "内容区包裹标签"
203:      "description": "内容区是否内联显示，默认为false"
211:      "description": "主题样式， 默认为light"
215:      "description": "是否可以移入浮层中, 默认true"
219:      "description": "自定义提示浮层样式"
223:      "description": "文字提示浮层CSS类名"
------------------------------------
⚠️  Chinese characters found in: output/TplSchema.json
6:      "description": "组件唯一 id，主要用于页面设计器中定位 json 节点"
10:      "description": "容器 css 类名"
14:      "description": "配合 definitions 一起使用，可以实现无限循环的渲染器。"
18:      "description": "是否禁用"
22:      "description": "是否禁用表达式"
26:      "description": "是否隐藏"
30:      "description": "是否隐藏表达式"
34:      "description": "是否显示"
38:      "description": "是否显示表达式"
42:      "description": "组件唯一 id，主要用于日志采集"
70:      "description": "事件动作配置"
74:      "description": "是否静态展示"
78:      "description": "是否静态展示表达式"
82:      "description": "静态展示空值占位"
86:      "description": "静态展示表单项类名"
90:      "description": "静态展示表单项Label类名"
94:      "description": "静态展示表单项Value类名"
99:      "description": "自定义样式"
106:          "description": "组件行为、用途，如 create、update、remove"
110:          "description": "组件名称，通常是业务名称方便定位"
113:          "description": "编辑器假数据，方便展示"
116:      "description": "编辑器配置，运行时可以忽略"
120:      "description": "可以组件级别用来关闭移动端样式"
131:      "description": "指定为模板渲染器。\n\n文档：https://aisuda.bce.baidu.com/amis/zh-CN/docs/concepts/template"
150:      "description": "是否内联显示？"
153:      "description": "标签类型"
157:      "description": "角标"
167:  "description": "tpl 渲染器",
------------------------------------
⚠️  Chinese characters found in: output/TransferControlSchema.json
34:      "description": "选项集合"
45:      "description": "可用来通过 API 拉取 options。"
49:      "description": "默认选择选项第一个值。"
53:      "description": "用表达式来配置 source 接口初始要不要拉取"
57:      "description": "配置 source 接口初始拉不拉取。"
61:      "description": "是否为多选模式"
65:      "description": "单选模式：当用户选中某个选项时，选项中的 value 将被作为该表单项的值提交，否则，整个选项对象都会作为该表单项的值提交。 多选模式：选中的多个选项的 `value` 会通过 `delimiter` 连接起来，否则直接将以数组的形式提交值。"
69:      "description": "分割符"
73:      "description": "多选模式，值太多时是否避免折行"
77:      "description": "开启后将选中的选项 value 的值封装为数组，作为当前表单项的值。"
81:      "description": "是否可清除。"
85:      "description": "点清除按钮时，将表单项设置成当前配置的值。",
90:      "description": "懒加载字段"
101:      "description": "延时加载的 API，当选项中有 defer: true 的选项时，点开会通过此接口扩充。"
112:      "description": "添加时调用的接口"
119:      "description": "新增时的表单项。"
123:      "description": "控制新增弹框设置项"
127:      "description": "是否可以新增"
131:      "description": "新增文字"
135:      "description": "是否可以编辑"
146:      "description": "编辑时调用的 API"
153:      "description": "选项修改的表单项"
157:      "description": "控制编辑弹框设置项"
161:      "description": "是否可删除"
172:      "description": "选项删除 API"
176:      "description": "选项删除提示文字。"
187:      "description": "表单项大小"
199:      "description": "描述标题"
203:      "description": "描述标题"
210:      "description": "label自定义宽度，默认单位为px"
214:      "description": "配置 label className"
218:      "description": "字段名，表单提交时的 key，支持多层级，用.连接，如： a.b.c"
222:      "description": "额外的字段名，当为范围组件时可以用来将另外一个值打平出来"
226:      "description": "输入提示，聚焦的时候显示"
230:      "description": "当修改完的时候是否提交表单。"
234:      "description": "是否只读"
238:      "description": "只读条件"
242:      "description": "不设置时，当表单提交过后表单项每次修改都会触发重新验证， 如果设置了，则由此配置项来决定要不要每次修改都触发验证。"
246:      "description": "描述内容，支持 Html 片段。"
253:      "description": "配置描述上的 className"
262:      "description": "配置当前表单项展示模式"
266:      "description": "当配置为水平布局的时候，用来配置具体的左右分配。"
270:      "description": "表单 control 是否为 inline 模式。"
274:      "description": "配置 input className"
278:      "description": "占位符"
282:      "description": "是否为必填"
381:      "description": "验证失败的提示信息"
393:              "description": "是否是字母"
397:              "description": "是否为字母数字"
401:              "description": "是否为邮箱地址"
405:              "description": "是否为浮点型"
409:              "description": "是否为整型"
413:              "description": "是否为 json"
417:              "description": "长度等于指定值"
421:              "description": "是否为数字"
425:              "description": "是否为必填"
429:              "description": "是否为 URL 地址"
433:              "description": "内容命中指定正则"
437:              "description": "内容命中指定正则"
441:              "description": "内容命中指定正则"
445:              "description": "内容命中指定正则"
449:              "description": "内容命中指定正则"
453:              "description": "内容命中指定正则"
457:              "description": "最大长度为指定值"
461:              "description": "最大值为指定值"
465:              "description": "最小长度为指定值"
469:              "description": "最小值为指定值"
483:              "description": "和目标日期相同，支持指定粒度，默认到毫秒"
497:              "description": "早于目标日期，支持指定粒度，默认到毫秒"
511:              "description": "晚于目标日期，支持指定粒度，默认到毫秒"
525:              "description": "早于目标日期或和目标日期相同，支持指定粒度，默认到毫秒"
539:              "description": "晚于目标日期或和目标日期相同，支持指定粒度，默认到毫秒"
553:              "description": "日期处于目标日期范围，支持指定粒度和区间的开闭形式，默认到毫秒, 左右开区间"
567:              "description": "和目标时间相同，支持指定粒度，默认到毫秒"
581:              "description": "早于目标时间，支持指定粒度，默认到毫秒"
595:              "description": "晚于目标时间，支持指定粒度，默认到毫秒"
609:              "description": "早于目标时间或和目标时间相同，支持指定粒度，默认到毫秒"
623:              "description": "晚于目标时间或和目标时间相同，支持指定粒度，默认到毫秒"
637:              "description": "时间处于目标时间范围，支持指定粒度和区间的开闭形式，默认到毫秒, 左右开区间"
644:      "description": "默认值，切记只能是静态值，不支持取变量，跟数据关联是通过设置 name 属性来实现的。"
648:      "description": "表单项隐藏时，是否在当前 Form 中删除掉该表单项值。注意同名的未隐藏的表单项值也会删掉"
659:      "description": "远端校验表单项接口"
674:              "description": "是否为参照录入模式，参照录入会展示候选值供用户选择，而不是直接填充。"
677:              "description": "参照录入时，默认选中的值"
688:              "description": "自动填充 api"
692:              "description": "是否展示数据格式错误提示，默认为不展示",
697:              "description": "填充时的数据映射"
706:              "description": "触发条件，默认为 change"
715:              "description": "弹窗方式，当为参照录入时用可以配置"
719:              "description": "当参照录入为抽屉时可以配置弹出位置"
723:              "description": "当为参照录入时可以配置弹出容器的大小"
728:              "description": "参照录入展示的项"
731:              "description": "参照录入时的过滤条件"
737:      "description": "自动填充，当选项被选择的时候，将选项中的其他值同步设置到表单内。"
755:      "description": "组件唯一 id，主要用于页面设计器中定位 json 节点"
759:      "description": "容器 css 类名"
763:      "description": "配合 definitions 一起使用，可以实现无限循环的渲染器。"
767:      "description": "是否禁用"
771:      "description": "是否禁用表达式"
775:      "description": "是否隐藏"
779:      "description": "是否隐藏表达式"
783:      "description": "是否显示"
787:      "description": "是否显示表达式"
791:      "description": "组件唯一 id，主要用于日志采集"
819:      "description": "事件动作配置"
823:      "description": "是否静态展示"
827:      "description": "是否静态展示表达式"
831:      "description": "静态展示空值占位"
835:      "description": "静态展示表单项类名"
839:      "description": "静态展示表单项Label类名"
843:      "description": "静态展示表单项Value类名"
848:      "description": "组件样式"
855:          "description": "组件行为、用途，如 create、update、remove"
859:          "description": "组件名称，通常是业务名称方便定位"
862:          "description": "编辑器假数据，方便展示"
865:      "description": "编辑器配置，运行时可以忽略"
869:      "description": "可以组件级别用来关闭移动端样式"
876:      "description": "显示一个小图标, 鼠标放上去的时候显示提示内容"
880:      "description": "显示一个小图标, 鼠标放上去的时候显示提示内容, 这个小图标跟 label 在一起"
885:      "description": "表单项类型"
889:      "description": "是否显示剪头"
893:      "description": "可排序？"
904:      "description": "勾选展示模式"
908:      "description": "结果面板是否追踪显示"
915:      "description": "当 selectMode 为 associated 时用来定义左侧的选项"
923:      "description": "当 selectMode 为 associated 时用来定义左侧的选择模式"
933:      "description": "当 selectMode 为 associated 时用来定义右侧的选择模式"
943:      "description": "搜索结果展示模式"
948:      "description": "当 selectMode 为 table 时定义表格列信息。"
953:      "description": "当 searchResultMode 为 table 时定义表格列信息。"
957:      "description": "可搜索？"
961:      "description": "结果（右则）列表的检索功能，当设置为true时，可以通过输入检索模糊匹配检索内容"
965:      "description": "搜索 API"
969:      "description": "左侧的标题文字"
973:      "description": "右侧结果的标题文字"
977:      "description": "用来丰富选项展示"
981:      "description": "用来丰富值的展示"
985:      "description": "左侧列表搜索框提示"
989:      "description": "右侧列表搜索框提示"
993:      "description": "统计数字"
997:      "description": "单个选项的高度，主要用于虚拟渲染"
1001:      "description": "在选项数量达到多少时开启虚拟渲染"
1005:      "description": "当在value值未匹配到当前options中的选项时，是否value值对应文本飘红显示"
1009:      "description": "树形模式下，仅选中子节点"
1013:      "description": "是否默认都展开"
1017:      "description": "ui级联关系，true代表级联选中，false代表不级联，默认为true"
1035:          "description": "通过控制layout属性的顺序，调整分页结构 total,perPage,pager,go",
1040:          "description": "最多显示多少个分页按钮。",
1048:          "description": "指定每页可以显示多少条",
1058:          "description": "弹层挂载节点",
1063:          "description": "是否左侧选项分页，默认不开启"
1067:          "description": "分页组件CSS类名"
1071:          "description": "是否开启前端分页"
1077:      "description": "分页配置，selectMode为默认和table才会生效"
1084:  "description": "Transfer 文档：https://aisuda.bce.baidu.com/amis/zh-CN/components/form/transfer",
------------------------------------
⚠️  Chinese characters found in: output/TransferPickerControlSchema.json
18:      "description": "是否显示剪头"
22:      "description": "可排序？"
33:      "description": "勾选展示模式"
37:      "description": "结果面板是否追踪显示"
44:      "description": "当 selectMode 为 associated 时用来定义左侧的选项"
52:      "description": "当 selectMode 为 associated 时用来定义左侧的选择模式"
62:      "description": "当 selectMode 为 associated 时用来定义右侧的选择模式"
72:      "description": "搜索结果展示模式"
77:      "description": "当 selectMode 为 table 时定义表格列信息。"
82:      "description": "当 searchResultMode 为 table 时定义表格列信息。"
86:      "description": "可搜索？"
90:      "description": "结果（右则）列表的检索功能，当设置为true时，可以通过输入检索模糊匹配检索内容"
94:      "description": "搜索 API"
98:      "description": "左侧的标题文字"
102:      "description": "右侧结果的标题文字"
106:      "description": "用来丰富选项展示"
110:      "description": "用来丰富值的展示"
114:      "description": "左侧列表搜索框提示"
118:      "description": "右侧列表搜索框提示"
122:      "description": "统计数字"
126:      "description": "单个选项的高度，主要用于虚拟渲染"
130:      "description": "在选项数量达到多少时开启虚拟渲染"
134:      "description": "当在value值未匹配到当前options中的选项时，是否value值对应文本飘红显示"
138:      "description": "树形模式下，仅选中子节点"
142:      "description": "是否默认都展开"
146:      "description": "ui级联关系，true代表级联选中，false代表不级联，默认为true"
164:          "description": "通过控制layout属性的顺序，调整分页结构 total,perPage,pager,go",
169:          "description": "最多显示多少个分页按钮。",
177:          "description": "指定每页可以显示多少条",
187:          "description": "弹层挂载节点",
192:          "description": "是否左侧选项分页，默认不开启"
196:          "description": "分页组件CSS类名"
200:          "description": "是否开启前端分页"
206:      "description": "分页配置，selectMode为默认和table才会生效"
210:      "description": "显示一个小图标, 鼠标放上去的时候显示提示内容"
214:      "description": "显示一个小图标, 鼠标放上去的时候显示提示内容, 这个小图标跟 label 在一起"
225:      "description": "表单项大小"
237:      "description": "描述标题"
241:      "description": "描述标题"
248:      "description": "label自定义宽度，默认单位为px"
252:      "description": "配置 label className"
256:      "description": "字段名，表单提交时的 key，支持多层级，用.连接，如： a.b.c"
260:      "description": "额外的字段名，当为范围组件时可以用来将另外一个值打平出来"
264:      "description": "输入提示，聚焦的时候显示"
268:      "description": "当修改完的时候是否提交表单。"
272:      "description": "是否只读"
276:      "description": "只读条件"
280:      "description": "不设置时，当表单提交过后表单项每次修改都会触发重新验证， 如果设置了，则由此配置项来决定要不要每次修改都触发验证。"
284:      "description": "描述内容，支持 Html 片段。"
291:      "description": "配置描述上的 className"
300:      "description": "配置当前表单项展示模式"
304:      "description": "当配置为水平布局的时候，用来配置具体的左右分配。"
308:      "description": "表单 control 是否为 inline 模式。"
312:      "description": "配置 input className"
316:      "description": "占位符"
320:      "description": "是否为必填"
419:      "description": "验证失败的提示信息"
431:              "description": "是否是字母"
435:              "description": "是否为字母数字"
439:              "description": "是否为邮箱地址"
443:              "description": "是否为浮点型"
447:              "description": "是否为整型"
451:              "description": "是否为 json"
455:              "description": "长度等于指定值"
459:              "description": "是否为数字"
463:              "description": "是否为必填"
467:              "description": "是否为 URL 地址"
471:              "description": "内容命中指定正则"
475:              "description": "内容命中指定正则"
479:              "description": "内容命中指定正则"
483:              "description": "内容命中指定正则"
487:              "description": "内容命中指定正则"
491:              "description": "内容命中指定正则"
495:              "description": "最大长度为指定值"
499:              "description": "最大值为指定值"
503:              "description": "最小长度为指定值"
507:              "description": "最小值为指定值"
521:              "description": "和目标日期相同，支持指定粒度，默认到毫秒"
535:              "description": "早于目标日期，支持指定粒度，默认到毫秒"
549:              "description": "晚于目标日期，支持指定粒度，默认到毫秒"
563:              "description": "早于目标日期或和目标日期相同，支持指定粒度，默认到毫秒"
577:              "description": "晚于目标日期或和目标日期相同，支持指定粒度，默认到毫秒"
591:              "description": "日期处于目标日期范围，支持指定粒度和区间的开闭形式，默认到毫秒, 左右开区间"
605:              "description": "和目标时间相同，支持指定粒度，默认到毫秒"
619:              "description": "早于目标时间，支持指定粒度，默认到毫秒"
633:              "description": "晚于目标时间，支持指定粒度，默认到毫秒"
647:              "description": "早于目标时间或和目标时间相同，支持指定粒度，默认到毫秒"
661:              "description": "晚于目标时间或和目标时间相同，支持指定粒度，默认到毫秒"
675:              "description": "时间处于目标时间范围，支持指定粒度和区间的开闭形式，默认到毫秒, 左右开区间"
682:      "description": "默认值，切记只能是静态值，不支持取变量，跟数据关联是通过设置 name 属性来实现的。"
686:      "description": "表单项隐藏时，是否在当前 Form 中删除掉该表单项值。注意同名的未隐藏的表单项值也会删掉"
697:      "description": "远端校验表单项接口"
712:              "description": "是否为参照录入模式，参照录入会展示候选值供用户选择，而不是直接填充。"
715:              "description": "参照录入时，默认选中的值"
726:              "description": "自动填充 api"
730:              "description": "是否展示数据格式错误提示，默认为不展示",
735:              "description": "填充时的数据映射"
744:              "description": "触发条件，默认为 change"
753:              "description": "弹窗方式，当为参照录入时用可以配置"
757:              "description": "当参照录入为抽屉时可以配置弹出位置"
761:              "description": "当为参照录入时可以配置弹出容器的大小"
766:              "description": "参照录入展示的项"
769:              "description": "参照录入时的过滤条件"
775:      "description": "自动填充，当选项被选择的时候，将选项中的其他值同步设置到表单内。"
793:      "description": "组件唯一 id，主要用于页面设计器中定位 json 节点"
797:      "description": "容器 css 类名"
801:      "description": "配合 definitions 一起使用，可以实现无限循环的渲染器。"
805:      "description": "是否禁用"
809:      "description": "是否禁用表达式"
813:      "description": "是否隐藏"
817:      "description": "是否隐藏表达式"
821:      "description": "是否显示"
825:      "description": "是否显示表达式"
829:      "description": "组件唯一 id，主要用于日志采集"
857:      "description": "事件动作配置"
861:      "description": "是否静态展示"
865:      "description": "是否静态展示表达式"
869:      "description": "静态展示空值占位"
873:      "description": "静态展示表单项类名"
877:      "description": "静态展示表单项Label类名"
881:      "description": "静态展示表单项Value类名"
886:      "description": "组件样式"
893:          "description": "组件行为、用途，如 create、update、remove"
897:          "description": "组件名称，通常是业务名称方便定位"
900:          "description": "编辑器假数据，方便展示"
903:      "description": "编辑器配置，运行时可以忽略"
907:      "description": "可以组件级别用来关闭移动端样式"
930:      "description": "选项集合"
941:      "description": "可用来通过 API 拉取 options。"
945:      "description": "默认选择选项第一个值。"
949:      "description": "用表达式来配置 source 接口初始要不要拉取"
953:      "description": "配置 source 接口初始拉不拉取。"
957:      "description": "是否为多选模式"
961:      "description": "单选模式：当用户选中某个选项时，选项中的 value 将被作为该表单项的值提交，否则，整个选项对象都会作为该表单项的值提交。 多选模式：选中的多个选项的 `value` 会通过 `delimiter` 连接起来，否则直接将以数组的形式提交值。"
965:      "description": "分割符"
969:      "description": "多选模式，值太多时是否避免折行"
973:      "description": "开启后将选中的选项 value 的值封装为数组，作为当前表单项的值。"
977:      "description": "是否可清除。"
981:      "description": "点清除按钮时，将表单项设置成当前配置的值。",
986:      "description": "懒加载字段"
997:      "description": "延时加载的 API，当选项中有 defer: true 的选项时，点开会通过此接口扩充。"
1008:      "description": "添加时调用的接口"
1015:      "description": "新增时的表单项。"
1019:      "description": "控制新增弹框设置项"
1023:      "description": "是否可以新增"
1027:      "description": "新增文字"
1031:      "description": "是否可以编辑"
1042:      "description": "编辑时调用的 API"
1049:      "description": "选项修改的表单项"
1053:      "description": "控制编辑弹框设置项"
1057:      "description": "是否可删除"
1068:      "description": "选项删除 API"
1072:      "description": "选项删除提示文字。"
1085:      "description": "边框模式，全边框，还是半边框，或者没边框。"
1097:      "description": "弹窗大小"
1104:  "description": "TransferPicker 穿梭器的弹框形态 文档：https://aisuda.bce.baidu.com/amis/zh-CN/components/form/transfer-picker",
------------------------------------
⚠️  Chinese characters found in: output/TreeControlSchema.json
22:      "description": "选项集合"
33:      "description": "可用来通过 API 拉取 options。"
37:      "description": "默认选择选项第一个值。"
41:      "description": "用表达式来配置 source 接口初始要不要拉取"
45:      "description": "配置 source 接口初始拉不拉取。"
49:      "description": "是否为多选模式"
53:      "description": "单选模式：当用户选中某个选项时，选项中的 value 将被作为该表单项的值提交，否则，整个选项对象都会作为该表单项的值提交。 多选模式：选中的多个选项的 `value` 会通过 `delimiter` 连接起来，否则直接将以数组的形式提交值。"
57:      "description": "分割符"
61:      "description": "多选模式，值太多时是否避免折行"
65:      "description": "开启后将选中的选项 value 的值封装为数组，作为当前表单项的值。"
69:      "description": "是否可清除。"
73:      "description": "点清除按钮时，将表单项设置成当前配置的值。",
78:      "description": "懒加载字段"
82:      "description": "懒加载接口"
93:      "description": "添加时调用的接口"
100:      "description": "新增时的表单项。"
104:      "description": "控制新增弹框设置项"
108:      "description": "是否可以新增"
112:      "description": "新增文字"
116:      "description": "是否可以编辑"
127:      "description": "编辑时调用的 API"
134:      "description": "选项修改的表单项"
138:      "description": "控制编辑弹框设置项"
142:      "description": "是否可删除"
153:      "description": "选项删除 API"
157:      "description": "选项删除提示文字。"
168:      "description": "表单项大小"
180:      "description": "描述标题"
184:      "description": "描述标题"
191:      "description": "label自定义宽度，默认单位为px"
195:      "description": "配置 label className"
199:      "description": "字段名，表单提交时的 key，支持多层级，用.连接，如： a.b.c"
203:      "description": "额外的字段名，当为范围组件时可以用来将另外一个值打平出来"
207:      "description": "输入提示，聚焦的时候显示"
211:      "description": "当修改完的时候是否提交表单。"
215:      "description": "是否只读"
219:      "description": "只读条件"
223:      "description": "不设置时，当表单提交过后表单项每次修改都会触发重新验证， 如果设置了，则由此配置项来决定要不要每次修改都触发验证。"
227:      "description": "描述内容，支持 Html 片段。"
234:      "description": "配置描述上的 className"
243:      "description": "配置当前表单项展示模式"
247:      "description": "当配置为水平布局的时候，用来配置具体的左右分配。"
251:      "description": "表单 control 是否为 inline 模式。"
255:      "description": "配置 input className"
259:      "description": "占位符"
263:      "description": "是否为必填"
362:      "description": "验证失败的提示信息"
374:              "description": "是否是字母"
378:              "description": "是否为字母数字"
382:              "description": "是否为邮箱地址"
386:              "description": "是否为浮点型"
390:              "description": "是否为整型"
394:              "description": "是否为 json"
398:              "description": "长度等于指定值"
402:              "description": "是否为数字"
406:              "description": "是否为必填"
410:              "description": "是否为 URL 地址"
414:              "description": "内容命中指定正则"
418:              "description": "内容命中指定正则"
422:              "description": "内容命中指定正则"
426:              "description": "内容命中指定正则"
430:              "description": "内容命中指定正则"
434:              "description": "内容命中指定正则"
438:              "description": "最大长度为指定值"
442:              "description": "最大值为指定值"
446:              "description": "最小长度为指定值"
450:              "description": "最小值为指定值"
464:              "description": "和目标日期相同，支持指定粒度，默认到毫秒"
478:              "description": "早于目标日期，支持指定粒度，默认到毫秒"
492:              "description": "晚于目标日期，支持指定粒度，默认到毫秒"
506:              "description": "早于目标日期或和目标日期相同，支持指定粒度，默认到毫秒"
520:              "description": "晚于目标日期或和目标日期相同，支持指定粒度，默认到毫秒"
534:              "description": "日期处于目标日期范围，支持指定粒度和区间的开闭形式，默认到毫秒, 左右开区间"
548:              "description": "和目标时间相同，支持指定粒度，默认到毫秒"
562:              "description": "早于目标时间，支持指定粒度，默认到毫秒"
576:              "description": "晚于目标时间，支持指定粒度，默认到毫秒"
590:              "description": "早于目标时间或和目标时间相同，支持指定粒度，默认到毫秒"
604:              "description": "晚于目标时间或和目标时间相同，支持指定粒度，默认到毫秒"
618:              "description": "时间处于目标时间范围，支持指定粒度和区间的开闭形式，默认到毫秒, 左右开区间"
625:      "description": "默认值，切记只能是静态值，不支持取变量，跟数据关联是通过设置 name 属性来实现的。"
629:      "description": "表单项隐藏时，是否在当前 Form 中删除掉该表单项值。注意同名的未隐藏的表单项值也会删掉"
640:      "description": "远端校验表单项接口"
655:              "description": "是否为参照录入模式，参照录入会展示候选值供用户选择，而不是直接填充。"
658:              "description": "参照录入时，默认选中的值"
669:              "description": "自动填充 api"
673:              "description": "是否展示数据格式错误提示，默认为不展示",
678:              "description": "填充时的数据映射"
687:              "description": "触发条件，默认为 change"
696:              "description": "弹窗方式，当为参照录入时用可以配置"
700:              "description": "当参照录入为抽屉时可以配置弹出位置"
704:              "description": "当为参照录入时可以配置弹出容器的大小"
709:              "description": "参照录入展示的项"
712:              "description": "参照录入时的过滤条件"
718:      "description": "自动填充，当选项被选择的时候，将选项中的其他值同步设置到表单内。"
736:      "description": "组件唯一 id，主要用于页面设计器中定位 json 节点"
740:      "description": "容器 css 类名"
744:      "description": "配合 definitions 一起使用，可以实现无限循环的渲染器。"
748:      "description": "是否禁用"
752:      "description": "是否禁用表达式"
756:      "description": "是否隐藏"
760:      "description": "是否隐藏表达式"
764:      "description": "是否显示"
768:      "description": "是否显示表达式"
772:      "description": "组件唯一 id，主要用于日志采集"
800:      "description": "事件动作配置"
804:      "description": "是否静态展示"
808:      "description": "是否静态展示表达式"
812:      "description": "静态展示空值占位"
816:      "description": "静态展示表单项类名"
820:      "description": "静态展示表单项Label类名"
824:      "description": "静态展示表单项Value类名"
829:      "description": "组件样式"
836:          "description": "组件行为、用途，如 create、update、remove"
840:          "description": "组件名称，通常是业务名称方便定位"
843:          "description": "编辑器假数据，方便展示"
846:      "description": "编辑器配置，运行时可以忽略"
850:      "description": "可以组件级别用来关闭移动端样式"
857:      "description": "显示一个小图标, 鼠标放上去的时候显示提示内容"
861:      "description": "显示一个小图标, 鼠标放上去的时候显示提示内容, 这个小图标跟 label 在一起"
866:      "description": "表单项类型"
870:      "description": "是否隐藏顶级"
874:      "description": "顶级选项的名称"
877:      "description": "顶级选项的值"
881:      "description": "显示图标"
885:      "description": "ui级联关系，true代表级联选中，false代表不级联，默认为true"
889:      "description": "该属性代表数据级联关系，autoCheckChildren为true时生效，默认为false，具体数据级联关系如下： 1.casacde为false，ui行为为级联选中子节点，子节点禁用；值只包含父节点的值 2.cascade为false，withChildren为true，ui行为为级联选中子节点，子节点禁用；值包含父子节点的值 3.cascade为true，ui行为级联选中子节点，子节点可反选，值包含父子节点的值，此时withChildren属性失效 4.cascade不论为true还是false，onlyChildren为true，ui行为级联选中子节点，子节点可反选，值只包含子节点的值"
900:      "description": "节点行为配置，默认为选中"
904:      "description": "子节点取消时自动取消父节点的值，默认为false"
908:      "description": "选父级的时候是否把子节点的值也包含在内。"
912:      "description": "选父级的时候，是否只把子节点的值包含在内"
916:      "description": "单选时，只运行选择叶子节点"
920:      "description": "顶级节点是否可以创建子节点"
924:      "description": "是否开启节点路径模式"
928:      "description": "开启节点路径模式后，节点路径的分隔符"
932:      "description": "是否显示展开线"
936:      "description": "需要高亮的字符串"
940:      "description": "是否为选项添加默认的Icon，默认值为true"
944:      "description": "是否开启搜索"
948:      "description": "搜索 API"
952:      "description": "自定义节点操作栏区域"
959:          "description": "搜索框外层CSS样式类"
963:          "description": "占位符"
967:          "description": "是否为 Mini 样式。"
971:          "description": "是否为加强样式"
975:          "description": "是否可清除"
979:          "description": "是否立马搜索。"
983:          "description": "搜索框是否吸顶"
987:      "description": "搜索框的配置"
991:      "description": "高度自动增长？"
998:  "description": "Tree 下拉选择框。 文档：https://aisuda.bce.baidu.com/amis/zh-CN/components/form/tree",
------------------------------------
⚠️  Chinese characters found in: output/TreeSelectControlSchema.json
22:      "description": "选项集合"
33:      "description": "可用来通过 API 拉取 options。"
37:      "description": "默认选择选项第一个值。"
41:      "description": "用表达式来配置 source 接口初始要不要拉取"
45:      "description": "配置 source 接口初始拉不拉取。"
49:      "description": "是否为多选模式"
53:      "description": "单选模式：当用户选中某个选项时，选项中的 value 将被作为该表单项的值提交，否则，整个选项对象都会作为该表单项的值提交。 多选模式：选中的多个选项的 `value` 会通过 `delimiter` 连接起来，否则直接将以数组的形式提交值。"
57:      "description": "分割符"
61:      "description": "多选模式，值太多时是否避免折行"
65:      "description": "开启后将选中的选项 value 的值封装为数组，作为当前表单项的值。"
69:      "description": "是否可清除。"
73:      "description": "点清除按钮时，将表单项设置成当前配置的值。",
78:      "description": "懒加载字段"
82:      "description": "懒加载接口"
93:      "description": "添加时调用的接口"
100:      "description": "新增时的表单项。"
104:      "description": "控制新增弹框设置项"
108:      "description": "是否可以新增"
112:      "description": "新增文字"
116:      "description": "是否可以编辑"
127:      "description": "编辑时调用的 API"
134:      "description": "选项修改的表单项"
138:      "description": "控制编辑弹框设置项"
142:      "description": "是否可删除"
153:      "description": "选项删除 API"
157:      "description": "选项删除提示文字。"
168:      "description": "表单项大小"
180:      "description": "描述标题"
184:      "description": "描述标题"
191:      "description": "label自定义宽度，默认单位为px"
195:      "description": "配置 label className"
199:      "description": "字段名，表单提交时的 key，支持多层级，用.连接，如： a.b.c"
203:      "description": "额外的字段名，当为范围组件时可以用来将另外一个值打平出来"
207:      "description": "输入提示，聚焦的时候显示"
211:      "description": "当修改完的时候是否提交表单。"
215:      "description": "是否只读"
219:      "description": "只读条件"
223:      "description": "不设置时，当表单提交过后表单项每次修改都会触发重新验证， 如果设置了，则由此配置项来决定要不要每次修改都触发验证。"
227:      "description": "描述内容，支持 Html 片段。"
234:      "description": "配置描述上的 className"
243:      "description": "配置当前表单项展示模式"
247:      "description": "当配置为水平布局的时候，用来配置具体的左右分配。"
251:      "description": "表单 control 是否为 inline 模式。"
255:      "description": "配置 input className"
259:      "description": "占位符"
263:      "description": "是否为必填"
362:      "description": "验证失败的提示信息"
374:              "description": "是否是字母"
378:              "description": "是否为字母数字"
382:              "description": "是否为邮箱地址"
386:              "description": "是否为浮点型"
390:              "description": "是否为整型"
394:              "description": "是否为 json"
398:              "description": "长度等于指定值"
402:              "description": "是否为数字"
406:              "description": "是否为必填"
410:              "description": "是否为 URL 地址"
414:              "description": "内容命中指定正则"
418:              "description": "内容命中指定正则"
422:              "description": "内容命中指定正则"
426:              "description": "内容命中指定正则"
430:              "description": "内容命中指定正则"
434:              "description": "内容命中指定正则"
438:              "description": "最大长度为指定值"
442:              "description": "最大值为指定值"
446:              "description": "最小长度为指定值"
450:              "description": "最小值为指定值"
464:              "description": "和目标日期相同，支持指定粒度，默认到毫秒"
478:              "description": "早于目标日期，支持指定粒度，默认到毫秒"
492:              "description": "晚于目标日期，支持指定粒度，默认到毫秒"
506:              "description": "早于目标日期或和目标日期相同，支持指定粒度，默认到毫秒"
520:              "description": "晚于目标日期或和目标日期相同，支持指定粒度，默认到毫秒"
534:              "description": "日期处于目标日期范围，支持指定粒度和区间的开闭形式，默认到毫秒, 左右开区间"
548:              "description": "和目标时间相同，支持指定粒度，默认到毫秒"
562:              "description": "早于目标时间，支持指定粒度，默认到毫秒"
576:              "description": "晚于目标时间，支持指定粒度，默认到毫秒"
590:              "description": "早于目标时间或和目标时间相同，支持指定粒度，默认到毫秒"
604:              "description": "晚于目标时间或和目标时间相同，支持指定粒度，默认到毫秒"
618:              "description": "时间处于目标时间范围，支持指定粒度和区间的开闭形式，默认到毫秒, 左右开区间"
625:      "description": "默认值，切记只能是静态值，不支持取变量，跟数据关联是通过设置 name 属性来实现的。"
629:      "description": "表单项隐藏时，是否在当前 Form 中删除掉该表单项值。注意同名的未隐藏的表单项值也会删掉"
640:      "description": "远端校验表单项接口"
655:              "description": "是否为参照录入模式，参照录入会展示候选值供用户选择，而不是直接填充。"
658:              "description": "参照录入时，默认选中的值"
669:              "description": "自动填充 api"
673:              "description": "是否展示数据格式错误提示，默认为不展示",
678:              "description": "填充时的数据映射"
687:              "description": "触发条件，默认为 change"
696:              "description": "弹窗方式，当为参照录入时用可以配置"
700:              "description": "当参照录入为抽屉时可以配置弹出位置"
704:              "description": "当为参照录入时可以配置弹出容器的大小"
709:              "description": "参照录入展示的项"
712:              "description": "参照录入时的过滤条件"
718:      "description": "自动填充，当选项被选择的时候，将选项中的其他值同步设置到表单内。"
736:      "description": "组件唯一 id，主要用于页面设计器中定位 json 节点"
740:      "description": "容器 css 类名"
744:      "description": "配合 definitions 一起使用，可以实现无限循环的渲染器。"
748:      "description": "是否禁用"
752:      "description": "是否禁用表达式"
756:      "description": "是否隐藏"
760:      "description": "是否隐藏表达式"
764:      "description": "是否显示"
768:      "description": "是否显示表达式"
772:      "description": "组件唯一 id，主要用于日志采集"
800:      "description": "事件动作配置"
804:      "description": "是否静态展示"
808:      "description": "是否静态展示表达式"
812:      "description": "静态展示空值占位"
816:      "description": "静态展示表单项类名"
820:      "description": "静态展示表单项Label类名"
824:      "description": "静态展示表单项Value类名"
829:      "description": "组件样式"
836:          "description": "组件行为、用途，如 create、update、remove"
840:          "description": "组件名称，通常是业务名称方便定位"
843:          "description": "编辑器假数据，方便展示"
846:      "description": "编辑器配置，运行时可以忽略"
850:      "description": "可以组件级别用来关闭移动端样式"
857:      "description": "显示一个小图标, 鼠标放上去的时候显示提示内容"
861:      "description": "显示一个小图标, 鼠标放上去的时候显示提示内容, 这个小图标跟 label 在一起"
866:      "description": "表单项类型"
870:      "description": "是否隐藏顶级"
874:      "description": "顶级选项的名称"
877:      "description": "顶级选项的值"
881:      "description": "显示图标"
885:      "description": "父子之间是否完全独立。"
896:      "description": "节点行为配置，默认为选中"
900:      "description": "选父级的时候是否把子节点的值也包含在内。"
904:      "description": "选父级的时候，是否只把子节点的值包含在内"
908:      "description": "单选时，只运行选择叶子节点"
912:      "description": "顶级节点是否可以创建子节点"
916:      "description": "是否隐藏选择框中已选中节点的祖先节点的文本信息"
920:      "description": "是否开启节点路径模式"
924:      "description": "开启节点路径模式后，节点路径的分隔符"
928:      "description": "是否显示展开线"
932:      "description": "标签的最大展示数量，超出数量后以收纳浮层的方式展示，仅在多选模式开启后生效"
936:      "description": "收纳标签的Popover配置"
940:      "description": "自定义选项"
944:      "description": "子节点取消时自动取消父节点的值，默认为false"
948:      "description": "自定义节点操作栏区域"
952:      "description": "是否为选项添加默认的Icon，默认值为true"
959:  "description": "Tree 下拉选择框。 文档：https://aisuda.bce.baidu.com/amis/zh-CN/components/form/tree",
------------------------------------
⚠️  Chinese characters found in: output/UUIDControlSchema.json
6:      "description": "组件唯一 id，主要用于页面设计器中定位 json 节点"
10:      "description": "容器 css 类名"
14:      "description": "配合 definitions 一起使用，可以实现无限循环的渲染器。"
18:      "description": "是否禁用"
22:      "description": "是否禁用表达式"
26:      "description": "是否隐藏"
30:      "description": "是否隐藏表达式"
34:      "description": "是否显示"
38:      "description": "是否显示表达式"
42:      "description": "组件唯一 id，主要用于日志采集"
70:      "description": "事件动作配置"
74:      "description": "是否静态展示"
78:      "description": "是否静态展示表达式"
82:      "description": "静态展示空值占位"
86:      "description": "静态展示表单项类名"
90:      "description": "静态展示表单项Label类名"
94:      "description": "静态展示表单项Value类名"
99:      "description": "组件样式"
106:          "description": "组件行为、用途，如 create、update、remove"
110:          "description": "组件名称，通常是业务名称方便定位"
113:          "description": "编辑器假数据，方便展示"
116:      "description": "编辑器配置，运行时可以忽略"
120:      "description": "可以组件级别用来关闭移动端样式"
134:      "description": "表单项大小"
146:      "description": "描述标题"
150:      "description": "描述标题"
157:      "description": "label自定义宽度，默认单位为px"
161:      "description": "配置 label className"
165:      "description": "字段名，表单提交时的 key，支持多层级，用.连接，如： a.b.c"
169:      "description": "额外的字段名，当为范围组件时可以用来将另外一个值打平出来"
173:      "description": "显示一个小图标, 鼠标放上去的时候显示提示内容"
177:      "description": "显示一个小图标, 鼠标放上去的时候显示提示内容, 这个小图标跟 label 在一起"
181:      "description": "输入提示，聚焦的时候显示"
185:      "description": "当修改完的时候是否提交表单。"
189:      "description": "是否只读"
193:      "description": "只读条件"
197:      "description": "不设置时，当表单提交过后表单项每次修改都会触发重新验证， 如果设置了，则由此配置项来决定要不要每次修改都触发验证。"
201:      "description": "描述内容，支持 Html 片段。"
208:      "description": "配置描述上的 className"
217:      "description": "配置当前表单项展示模式"
221:      "description": "当配置为水平布局的时候，用来配置具体的左右分配。"
225:      "description": "表单 control 是否为 inline 模式。"
229:      "description": "配置 input className"
233:      "description": "占位符"
237:      "description": "是否为必填"
336:      "description": "验证失败的提示信息"
348:              "description": "是否是字母"
352:              "description": "是否为字母数字"
356:              "description": "是否为邮箱地址"
360:              "description": "是否为浮点型"
364:              "description": "是否为整型"
368:              "description": "是否为 json"
372:              "description": "长度等于指定值"
376:              "description": "是否为数字"
380:              "description": "是否为必填"
384:              "description": "是否为 URL 地址"
388:              "description": "内容命中指定正则"
392:              "description": "内容命中指定正则"
396:              "description": "内容命中指定正则"
400:              "description": "内容命中指定正则"
404:              "description": "内容命中指定正则"
408:              "description": "内容命中指定正则"
412:              "description": "最大长度为指定值"
416:              "description": "最大值为指定值"
420:              "description": "最小长度为指定值"
424:              "description": "最小值为指定值"
438:              "description": "和目标日期相同，支持指定粒度，默认到毫秒"
452:              "description": "早于目标日期，支持指定粒度，默认到毫秒"
466:              "description": "晚于目标日期，支持指定粒度，默认到毫秒"
480:              "description": "早于目标日期或和目标日期相同，支持指定粒度，默认到毫秒"
494:              "description": "晚于目标日期或和目标日期相同，支持指定粒度，默认到毫秒"
508:              "description": "日期处于目标日期范围，支持指定粒度和区间的开闭形式，默认到毫秒, 左右开区间"
522:              "description": "和目标时间相同，支持指定粒度，默认到毫秒"
536:              "description": "早于目标时间，支持指定粒度，默认到毫秒"
550:              "description": "晚于目标时间，支持指定粒度，默认到毫秒"
564:              "description": "早于目标时间或和目标时间相同，支持指定粒度，默认到毫秒"
578:              "description": "晚于目标时间或和目标时间相同，支持指定粒度，默认到毫秒"
592:              "description": "时间处于目标时间范围，支持指定粒度和区间的开闭形式，默认到毫秒, 左右开区间"
599:      "description": "默认值，切记只能是静态值，不支持取变量，跟数据关联是通过设置 name 属性来实现的。"
603:      "description": "表单项隐藏时，是否在当前 Form 中删除掉该表单项值。注意同名的未隐藏的表单项值也会删掉"
614:      "description": "远端校验表单项接口"
629:              "description": "是否为参照录入模式，参照录入会展示候选值供用户选择，而不是直接填充。"
632:              "description": "参照录入时，默认选中的值"
643:              "description": "自动填充 api"
647:              "description": "是否展示数据格式错误提示，默认为不展示",
652:              "description": "填充时的数据映射"
661:              "description": "触发条件，默认为 change"
670:              "description": "弹窗方式，当为参照录入时用可以配置"
674:              "description": "当参照录入为抽屉时可以配置弹出位置"
678:              "description": "当为参照录入时可以配置弹出容器的大小"
683:              "description": "参照录入展示的项"
686:              "description": "参照录入时的过滤条件"
692:      "description": "自动填充，当选项被选择的时候，将选项中的其他值同步设置到表单内。"
711:      "description": "表单项类型"
715:      "description": "长度，默认 uuid 的长度是 36，如果不需要那么长，可以设置这个来缩短"
722:  "description": "UUID 功能性组件 文档：https://aisuda.bce.baidu.com/amis/zh-CN/components/form/uuid",
------------------------------------
⚠️  Chinese characters found in: output/UnkownSchema.json
3:  "description": "不能识别渲染器类型，无法提供提示信息。",
------------------------------------
⚠️  Chinese characters found in: output/UrlActionSchema.json
6:      "description": "组件唯一 id，主要用于页面设计器中定位 json 节点"
10:      "description": "容器 css 类名"
14:      "description": "配合 definitions 一起使用，可以实现无限循环的渲染器。"
18:      "description": "是否禁用"
22:      "description": "是否禁用表达式"
26:      "description": "是否隐藏"
30:      "description": "是否隐藏表达式"
34:      "description": "是否显示"
38:      "description": "是否显示表达式"
42:      "description": "主要用于用户行为跟踪里区分是哪个按钮"
70:      "description": "事件动作配置"
74:      "description": "是否静态展示"
78:      "description": "是否静态展示表达式"
82:      "description": "静态展示空值占位"
86:      "description": "静态展示表单项类名"
90:      "description": "静态展示表单项Label类名"
94:      "description": "静态展示表单项Value类名"
99:      "description": "组件样式"
106:          "description": "组件行为、用途，如 create、update、remove"
110:          "description": "组件名称，通常是业务名称方便定位"
113:          "description": "编辑器假数据，方便展示"
116:      "description": "编辑器配置，运行时可以忽略"
120:      "description": "可以组件级别用来关闭移动端样式"
132:      "description": "指定按钮类型，支持 button、submit或者reset三种类型。"
139:      "description": "是否为块状展示，默认为内联。"
143:      "description": "禁用时的文案提示。"
147:      "description": "按钮图标， iconfont 的类名"
151:      "description": "icon 上的css 类名"
155:      "description": "右侧按钮图标， iconfont 的类名"
159:      "description": "右侧 icon 上的 css 类名"
163:      "description": "loading 上的css 类名"
167:      "description": "按钮文字"
182:      "description": "按钮样式"
195:      "description": "按钮大小"
211:      "description": "提示文字，配置了操作前会要求用户确认。"
218:      "description": "如果按钮在form中，配置此属性会要求用户把指定的字段通过验证后才会触发行为。"
222:      "description": "激活状态时的样式"
226:      "description": "激活状态时的类名"
233:      "description": "如果按钮在弹框中，可以配置这个动作完成后是否关闭弹窗，或者指定关闭目标弹框。"
237:      "description": "当按钮时批量操作按钮时，默认必须有勾选元素才能可点击，如果此属性配置成 false，则没有点选成员也能点击。"
241:      "description": "是否将弹框中数据 merge 到父级作用域。"
245:      "description": "可以指定让谁来触发这个动作。"
249:      "description": "点击后的禁止倒计时（秒）"
253:      "description": "倒计时文字自定义"
257:      "description": "角标"
261:      "description": "键盘快捷键"
265:      "description": "是否显示loading效果"
274:      "description": "自定义事件处理函数"
278:      "description": "子内容"
283:      "description": "指定为打开链接"
287:      "description": "是否新窗口打开"
291:      "description": "打开的目标地址"
------------------------------------
⚠️  Chinese characters found in: output/UserSelectControlSchema.json
22:      "description": "选项集合"
33:      "description": "可用来通过 API 拉取 options。"
37:      "description": "默认选择选项第一个值。"
41:      "description": "用表达式来配置 source 接口初始要不要拉取"
45:      "description": "配置 source 接口初始拉不拉取。"
49:      "description": "是否为多选模式"
53:      "description": "单选模式：当用户选中某个选项时，选项中的 value 将被作为该表单项的值提交，否则，整个选项对象都会作为该表单项的值提交。 多选模式：选中的多个选项的 `value` 会通过 `delimiter` 连接起来，否则直接将以数组的形式提交值。"
57:      "description": "分割符"
61:      "description": "多选模式，值太多时是否避免折行"
65:      "description": "开启后将选中的选项 value 的值封装为数组，作为当前表单项的值。"
69:      "description": "是否可清除。"
73:      "description": "点清除按钮时，将表单项设置成当前配置的值。",
78:      "description": "懒加载字段"
89:      "description": "延时加载的 API，当选项中有 defer: true 的选项时，点开会通过此接口扩充。"
100:      "description": "添加时调用的接口"
107:      "description": "新增时的表单项。"
111:      "description": "控制新增弹框设置项"
115:      "description": "是否可以新增"
119:      "description": "新增文字"
123:      "description": "是否可以编辑"
134:      "description": "编辑时调用的 API"
141:      "description": "选项修改的表单项"
145:      "description": "控制编辑弹框设置项"
149:      "description": "是否可删除"
160:      "description": "选项删除 API"
164:      "description": "选项删除提示文字。"
175:      "description": "表单项大小"
187:      "description": "描述标题"
191:      "description": "描述标题"
198:      "description": "label自定义宽度，默认单位为px"
202:      "description": "配置 label className"
206:      "description": "字段名，表单提交时的 key，支持多层级，用.连接，如： a.b.c"
210:      "description": "额外的字段名，当为范围组件时可以用来将另外一个值打平出来"
214:      "description": "输入提示，聚焦的时候显示"
218:      "description": "当修改完的时候是否提交表单。"
222:      "description": "是否只读"
226:      "description": "只读条件"
230:      "description": "不设置时，当表单提交过后表单项每次修改都会触发重新验证， 如果设置了，则由此配置项来决定要不要每次修改都触发验证。"
234:      "description": "描述内容，支持 Html 片段。"
241:      "description": "配置描述上的 className"
250:      "description": "配置当前表单项展示模式"
254:      "description": "当配置为水平布局的时候，用来配置具体的左右分配。"
258:      "description": "表单 control 是否为 inline 模式。"
262:      "description": "配置 input className"
266:      "description": "占位符"
270:      "description": "是否为必填"
369:      "description": "验证失败的提示信息"
381:              "description": "是否是字母"
385:              "description": "是否为字母数字"
389:              "description": "是否为邮箱地址"
393:              "description": "是否为浮点型"
397:              "description": "是否为整型"
401:              "description": "是否为 json"
405:              "description": "长度等于指定值"
409:              "description": "是否为数字"
413:              "description": "是否为必填"
417:              "description": "是否为 URL 地址"
421:              "description": "内容命中指定正则"
425:              "description": "内容命中指定正则"
429:              "description": "内容命中指定正则"
433:              "description": "内容命中指定正则"
437:              "description": "内容命中指定正则"
441:              "description": "内容命中指定正则"
445:              "description": "最大长度为指定值"
449:              "description": "最大值为指定值"
453:              "description": "最小长度为指定值"
457:              "description": "最小值为指定值"
471:              "description": "和目标日期相同，支持指定粒度，默认到毫秒"
485:              "description": "早于目标日期，支持指定粒度，默认到毫秒"
499:              "description": "晚于目标日期，支持指定粒度，默认到毫秒"
513:              "description": "早于目标日期或和目标日期相同，支持指定粒度，默认到毫秒"
527:              "description": "晚于目标日期或和目标日期相同，支持指定粒度，默认到毫秒"
541:              "description": "日期处于目标日期范围，支持指定粒度和区间的开闭形式，默认到毫秒, 左右开区间"
555:              "description": "和目标时间相同，支持指定粒度，默认到毫秒"
569:              "description": "早于目标时间，支持指定粒度，默认到毫秒"
583:              "description": "晚于目标时间，支持指定粒度，默认到毫秒"
597:              "description": "早于目标时间或和目标时间相同，支持指定粒度，默认到毫秒"
611:              "description": "晚于目标时间或和目标时间相同，支持指定粒度，默认到毫秒"
625:              "description": "时间处于目标时间范围，支持指定粒度和区间的开闭形式，默认到毫秒, 左右开区间"
632:      "description": "默认值，切记只能是静态值，不支持取变量，跟数据关联是通过设置 name 属性来实现的。"
636:      "description": "表单项隐藏时，是否在当前 Form 中删除掉该表单项值。注意同名的未隐藏的表单项值也会删掉"
647:      "description": "远端校验表单项接口"
662:              "description": "是否为参照录入模式，参照录入会展示候选值供用户选择，而不是直接填充。"
665:              "description": "参照录入时，默认选中的值"
676:              "description": "自动填充 api"
680:              "description": "是否展示数据格式错误提示，默认为不展示",
685:              "description": "填充时的数据映射"
694:              "description": "触发条件，默认为 change"
703:              "description": "弹窗方式，当为参照录入时用可以配置"
707:              "description": "当参照录入为抽屉时可以配置弹出位置"
711:              "description": "当为参照录入时可以配置弹出容器的大小"
716:              "description": "参照录入展示的项"
719:              "description": "参照录入时的过滤条件"
725:      "description": "自动填充，当选项被选择的时候，将选项中的其他值同步设置到表单内。"
743:      "description": "组件唯一 id，主要用于页面设计器中定位 json 节点"
747:      "description": "容器 css 类名"
751:      "description": "配合 definitions 一起使用，可以实现无限循环的渲染器。"
755:      "description": "是否禁用"
759:      "description": "是否禁用表达式"
763:      "description": "是否隐藏"
767:      "description": "是否隐藏表达式"
771:      "description": "是否显示"
775:      "description": "是否显示表达式"
779:      "description": "组件唯一 id，主要用于日志采集"
807:      "description": "事件动作配置"
811:      "description": "是否静态展示"
815:      "description": "是否静态展示表达式"
819:      "description": "静态展示空值占位"
823:      "description": "静态展示表单项类名"
827:      "description": "静态展示表单项Label类名"
831:      "description": "静态展示表单项Value类名"
836:      "description": "组件样式"
843:          "description": "组件行为、用途，如 create、update、remove"
847:          "description": "组件名称，通常是业务名称方便定位"
850:          "description": "编辑器假数据，方便展示"
853:      "description": "编辑器配置，运行时可以忽略"
857:      "description": "可以组件级别用来关闭移动端样式"
864:      "description": "显示一个小图标, 鼠标放上去的时候显示提示内容"
868:      "description": "显示一个小图标, 鼠标放上去的时候显示提示内容, 这个小图标跟 label 在一起"
873:      "description": "表单项类型"
880:  "description": "UserSelect 移动端人员选择。",
------------------------------------
⚠️  Chinese characters found in: output/VBoxSchema.json
6:      "description": "组件唯一 id，主要用于页面设计器中定位 json 节点"
10:      "description": "容器 css 类名"
14:      "description": "配合 definitions 一起使用，可以实现无限循环的渲染器。"
18:      "description": "是否禁用"
22:      "description": "是否禁用表达式"
26:      "description": "是否隐藏"
30:      "description": "是否隐藏表达式"
34:      "description": "是否显示"
38:      "description": "是否显示表达式"
42:      "description": "组件唯一 id，主要用于日志采集"
70:      "description": "事件动作配置"
74:      "description": "是否静态展示"
78:      "description": "是否静态展示表达式"
82:      "description": "静态展示空值占位"
86:      "description": "静态展示表单项类名"
90:      "description": "静态展示表单项Label类名"
94:      "description": "静态展示表单项Value类名"
99:      "description": "组件样式"
106:          "description": "组件行为、用途，如 create、update、remove"
110:          "description": "组件名称，通常是业务名称方便定位"
113:          "description": "编辑器假数据，方便展示"
116:      "description": "编辑器配置，运行时可以忽略"
120:      "description": "可以组件级别用来关闭移动端样式"
137:      "description": "行集合"
144:  "description": "垂直布局控件 文档：https://aisuda.bce.baidu.com/amis/zh-CN/components/vbox",
------------------------------------
⚠️  Chinese characters found in: output/Value.json
21:  "description": "Range 文档：https://aisuda.bce.baidu.com/amis/zh-CN/components/form/range",
------------------------------------
⚠️  Chinese characters found in: output/VanillaAction.json
6:      "description": "组件唯一 id，主要用于页面设计器中定位 json 节点"
10:      "description": "容器 css 类名"
14:      "description": "配合 definitions 一起使用，可以实现无限循环的渲染器。"
18:      "description": "是否禁用"
22:      "description": "是否禁用表达式"
26:      "description": "是否隐藏"
30:      "description": "是否隐藏表达式"
34:      "description": "是否显示"
38:      "description": "是否显示表达式"
42:      "description": "主要用于用户行为跟踪里区分是哪个按钮"
70:      "description": "事件动作配置"
74:      "description": "是否静态展示"
78:      "description": "是否静态展示表达式"
82:      "description": "静态展示空值占位"
86:      "description": "静态展示表单项类名"
90:      "description": "静态展示表单项Label类名"
94:      "description": "静态展示表单项Value类名"
99:      "description": "组件样式"
106:          "description": "组件行为、用途，如 create、update、remove"
110:          "description": "组件名称，通常是业务名称方便定位"
113:          "description": "编辑器假数据，方便展示"
116:      "description": "编辑器配置，运行时可以忽略"
120:      "description": "可以组件级别用来关闭移动端样式"
132:      "description": "指定按钮类型，支持 button、submit或者reset三种类型。"
139:      "description": "是否为块状展示，默认为内联。"
143:      "description": "禁用时的文案提示。"
147:      "description": "按钮图标， iconfont 的类名"
151:      "description": "icon 上的css 类名"
155:      "description": "右侧按钮图标， iconfont 的类名"
159:      "description": "右侧 icon 上的 css 类名"
163:      "description": "loading 上的css 类名"
167:      "description": "按钮文字"
182:      "description": "按钮样式"
195:      "description": "按钮大小"
211:      "description": "提示文字，配置了操作前会要求用户确认。"
218:      "description": "如果按钮在form中，配置此属性会要求用户把指定的字段通过验证后才会触发行为。"
222:      "description": "激活状态时的样式"
226:      "description": "激活状态时的类名"
233:      "description": "如果按钮在弹框中，可以配置这个动作完成后是否关闭弹窗，或者指定关闭目标弹框。"
237:      "description": "当按钮时批量操作按钮时，默认必须有勾选元素才能可点击，如果此属性配置成 false，则没有点选成员也能点击。"
241:      "description": "是否将弹框中数据 merge 到父级作用域。"
245:      "description": "可以指定让谁来触发这个动作。"
249:      "description": "点击后的禁止倒计时（秒）"
253:      "description": "倒计时文字自定义"
257:      "description": "角标"
261:      "description": "键盘快捷键"
265:      "description": "是否显示loading效果"
274:      "description": "自定义事件处理函数"
278:      "description": "子内容"
------------------------------------
⚠️  Chinese characters found in: output/VideoSchema.json
6:      "description": "组件唯一 id，主要用于页面设计器中定位 json 节点"
10:      "description": "容器 css 类名"
14:      "description": "配合 definitions 一起使用，可以实现无限循环的渲染器。"
18:      "description": "是否禁用"
22:      "description": "是否禁用表达式"
26:      "description": "是否隐藏"
30:      "description": "是否隐藏表达式"
34:      "description": "是否显示"
38:      "description": "是否显示表达式"
42:      "description": "组件唯一 id，主要用于日志采集"
70:      "description": "事件动作配置"
74:      "description": "是否静态展示"
78:      "description": "是否静态展示表达式"
82:      "description": "静态展示空值占位"
86:      "description": "静态展示表单项类名"
90:      "description": "静态展示表单项Label类名"
94:      "description": "静态展示表单项Value类名"
99:      "description": "组件样式"
106:          "description": "组件行为、用途，如 create、update、remove"
110:          "description": "组件名称，通常是业务名称方便定位"
113:          "description": "编辑器假数据，方便展示"
116:      "description": "编辑器配置，运行时可以忽略"
120:      "description": "可以组件级别用来关闭移动端样式"
128:      "description": "指定为视频类型"
135:      "description": "是否自动播放"
139:      "description": "如果显示切帧，通过此配置项可以控制每行显示多少帧"
146:      "description": "设置后，可以显示切帧.点击帧的时候会将视频跳到对应时间。\n\nframes: {  '01:22': 'http://domain/xxx.jpg' }"
150:      "description": "配置帧列表容器className"
154:      "description": "如果是实时的，请标记一下"
158:      "description": "点击帧画面时是否跳转视频对应的点",
163:      "description": "是否初始静音"
167:      "description": "是否循环播放"
171:      "description": "配置播放器 className"
175:      "description": "视频封面地址"
179:      "description": "是否将视频和封面分开显示"
183:      "description": "视频播放地址"
187:      "description": "视频类型如： video/x-flv"
196:      "description": "视频比率"
203:      "description": "视频速率"
207:      "description": "跳转到帧时，往前多少秒。"
211:      "description": "默认播放的时候到了下一帧会继续播放，同时高亮下一帧。 如果配置这个则会停止播放，等待用户选择新的区间再播放。"
218:  "description": "视频播放器 文档：https://aisuda.bce.baidu.com/amis/zh-CN/components/video",
------------------------------------
⚠️  Chinese characters found in: output/WizardSchema.json
18:      "description": "组件唯一 id，主要用于页面设计器中定位 json 节点"
22:      "description": "容器 css 类名"
26:      "description": "配合 definitions 一起使用，可以实现无限循环的渲染器。"
30:      "description": "是否禁用"
34:      "description": "是否禁用表达式"
38:      "description": "是否隐藏"
42:      "description": "是否隐藏表达式"
46:      "description": "是否显示"
50:      "description": "是否显示表达式"
54:      "description": "组件唯一 id，主要用于日志采集"
82:      "description": "事件动作配置"
86:      "description": "是否静态展示"
90:      "description": "是否静态展示表达式"
94:      "description": "静态展示空值占位"
98:      "description": "静态展示表单项类名"
102:      "description": "静态展示表单项Label类名"
106:      "description": "静态展示表单项Value类名"
111:      "description": "组件样式"
118:          "description": "组件行为、用途，如 create、update、remove"
122:          "description": "组件名称，通常是业务名称方便定位"
125:          "description": "编辑器假数据，方便展示"
128:      "description": "编辑器配置，运行时可以忽略"
132:      "description": "可以组件级别用来关闭移动端样式"
140:      "description": "指定为表单向导"
147:      "description": "配置按钮 className"
151:      "description": "完成按钮的文字描述"
155:      "description": "下一步按钮的文字描述"
159:      "description": "下一步并且保存按钮的文字描述"
163:      "description": "上一步按钮的文字描述"
167:      "description": "Wizard 用来保存数据的 api。 [详情](https://baidu.github.io/amis/docs/api#wizard)"
171:      "description": "是否合并后再提交"
175:      "description": "Wizard 用来获取初始数据的 api。"
183:      "description": "展示模式"
190:      "description": "是否为只读模式。"
194:      "description": "保存完后，可以指定跳转地址，支持相对路径和组内绝对路径，同时可以通过 $xxx 使用变量"
201:      "description": "默认表单提交自己会通过发送 api 保存数据，但是也可以设定另外一个 form 的 name 值，或者另外一个 `CRUD` 模型的 name 值。 如果 target 目标是一个 `Form` ，则目标 `Form` 会重新触发 `initApi` 和 `schemaApi`，api 可以拿到当前 form 数据。如果目标是一个 `CRUD` 模型，则目标模型会重新触发搜索，参数为当前 Form 数据。"
213:      "description": "是否将底部按钮固定在底部。"
226:      "description": "步骤条区域css类"
230:      "description": "表单区域css类"
234:      "description": "step + body区域css类"
238:      "description": "底部操作栏的css类"
242:      "description": "是否用panel包裹"
250:  "description": "表单向导 文档：https://aisuda.bce.baidu.com/amis/zh-CN/components/wizard",
------------------------------------
⚠️  Chinese characters found in: output/WizardStepSchema.json
14:      "description": "Form 用来保存数据的 api。\n\n详情：https://aisuda.bce.baidu.com/amis/zh-CN/components/form/index#%E8%A1%A8%E5%8D%95%E6%8F%90%E4%BA%A4"
25:      "description": "设置此属性后，表单提交发送保存接口后，还会继续轮询请求该接口，直到返回 finished 属性为 true 才 结束。"
36:      "description": "用来初始化表单数据"
40:      "description": "是否可直接跳转到该步骤，一般编辑模式需要可直接跳转查看。"
44:      "description": "通过 JS 表达式来配置当前步骤可否被直接跳转到。"
48:      "description": "表单标题"
58:      "description": "按钮集合，会固定在底部显示。"
68:      "description": "默认表单提交自己会通过发送 api 保存数据，但是也可以设定另外一个 form 的 name 值，或者另外一个 `CRUD` 模型的 name 值。 如果 target 目标是一个 `Form` ，则目标 `Form` 会重新触发 `initApi` 和 `schemaApi`，api 可以拿到当前 form 数据。如果目标是一个 `CRUD` 模型，则目标模型会重新触发搜索，参数为当前 Form 数据。"
75:      "description": "组件唯一 id，主要用于页面设计器中定位 json 节点"
79:      "description": "容器 css 类名"
83:      "description": "配合 definitions 一起使用，可以实现无限循环的渲染器。"
87:      "description": "是否禁用"
91:      "description": "是否禁用表达式"
95:      "description": "是否隐藏"
99:      "description": "是否隐藏表达式"
103:      "description": "是否显示"
107:      "description": "是否显示表达式"
111:      "description": "组件唯一 id，主要用于日志采集"
139:      "description": "事件动作配置"
143:      "description": "展示态时的className"
150:      "description": "静态展示空值占位"
157:      "description": "静态展示表单项Label类名"
161:      "description": "静态展示表单项Value类名"
166:      "description": "组件样式"
173:          "description": "组件行为、用途，如 create、update、remove"
177:          "description": "组件名称，通常是业务名称方便定位"
180:          "description": "编辑器假数据，方便展示"
183:      "description": "编辑器配置，运行时可以忽略"
187:      "description": "可以组件级别用来关闭移动端样式"
201:      "description": "子标题"
205:      "description": "图标"
222:      "description": "描述"
226:      "description": "表单项集合"
233:      "description": "是否开启调试，开启后会在顶部实时显示表单项数据。"
240:          "description": "默认展开的级别"
244:          "description": "是否可复制"
253:          "description": "图标风格"
257:          "description": "是否显示键的引号"
261:          "description": "是否为键排序"
273:          "description": "设置字符串的最大展示长度，超出长度阈值的字符串将被截断，点击value可切换字符串展示方式，默认为120"
277:      "description": "Debug面板配置"
288:      "description": "Form 用来获取初始数据的 api,与initApi不同的是，会一直轮询请求该接口，直到返回 finished 属性为 true 才 结束。"
292:      "description": "设置了initAsyncApi后，默认会从返回数据的data.finished来判断是否完成，也可以设置成其他的xxx，就会从data.xxx中获取"
296:      "description": "设置了initAsyncApi以后，默认拉取的时间间隔"
300:      "description": "是否初始加载"
304:      "description": "建议改成 api 的 sendOn 属性。"
308:      "description": "设置后将轮询调用 initApi"
312:      "description": "是否静默拉取"
316:      "description": "配置停止轮询的条件"
320:      "description": "是否开启本地缓存"
327:      "description": "开启本地缓存后限制保存哪些 key"
331:      "description": "提交成功后清空本地缓存"
334:      "description": "Form 也可以配置 feedback。"
338:      "description": "轮询请求的时间间隔，默认为 3秒。设置 asyncApi 才有效"
342:      "description": "如果决定结束的字段名不是 `finished` 请设置此属性，比如 `is_success`"
346:      "description": "提交完后重置表单"
350:      "description": "提交后清空表单"
360:      "description": "配置表单项默认的展示方式。"
364:      "description": "表单项显示为几列"
368:      "description": "如果是水平排版，这个属性可以细化水平排版的左右宽度占比。"
372:      "description": "是否自动将第一个表单元素聚焦。"
379:          "description": "表单验证失败时的提示"
383:      "description": "消息文案配置，记住这个优先级是最低的，如果你的接口返回了 msg，接口返回的优先。"
390:      "description": "配置容器 panel className"
394:      "description": "设置主键 id, 当设置后，检测表单是否完成时（asyncApi），只会携带此数据。"
398:      "description": "修改的时候是否直接提交表单。"
402:      "description": "表单初始先提交一次，联动的时候有用"
406:      "description": "默认的提交按钮名称，如果设置成空，则可以把默认按钮去掉。"
410:      "description": "是否用 panel 包裹起来"
414:      "description": "是否固定底下的按钮在底部。"
418:      "description": "页面离开提示，为了防止页面不小心跳转而导致表单没有保存。"
422:      "description": "具体的提示信息，选填。"
455:      "description": "组合校验规则，选填"
459:      "description": "禁用回车提交"
463:      "description": "表单label的对齐方式"
470:      "description": "label自定义宽度，默认单位为px"
------------------------------------
⚠️  Chinese characters found in: output/WordsSchema.json
6:      "description": "组件唯一 id，主要用于页面设计器中定位 json 节点"
10:      "description": "容器 css 类名"
14:      "description": "配合 definitions 一起使用，可以实现无限循环的渲染器。"
18:      "description": "是否禁用"
22:      "description": "是否禁用表达式"
26:      "description": "是否隐藏"
30:      "description": "是否隐藏表达式"
34:      "description": "是否显示"
38:      "description": "是否显示表达式"
42:      "description": "组件唯一 id，主要用于日志采集"
70:      "description": "事件动作配置"
74:      "description": "是否静态展示"
78:      "description": "是否静态展示表达式"
82:      "description": "静态展示空值占位"
86:      "description": "静态展示表单项类名"
90:      "description": "静态展示表单项Label类名"
94:      "description": "静态展示表单项Value类名"
99:      "description": "组件样式"
106:          "description": "组件行为、用途，如 create、update、remove"
110:          "description": "组件名称，通常是业务名称方便定位"
113:          "description": "编辑器假数据，方便展示"
116:      "description": "编辑器配置，运行时可以忽略"
120:      "description": "可以组件级别用来关闭移动端样式"
134:      "description": "展示限制, 为0时也无限制"
138:      "description": "展示文字"
142:      "description": "展示文字"
146:      "description": "收起文字"
150:      "description": "展示文字"
164:      "description": "tags数据"
175:      "description": "useTag 当数据是数组时，是否使用tag的方式展示"
179:      "description": "分割符"
------------------------------------
⚠️  Chinese characters found in: output/WrapperSchema.json
6:      "description": "组件唯一 id，主要用于页面设计器中定位 json 节点"
10:      "description": "容器 css 类名"
14:      "description": "配合 definitions 一起使用，可以实现无限循环的渲染器。"
18:      "description": "是否禁用"
22:      "description": "是否禁用表达式"
26:      "description": "是否隐藏"
30:      "description": "是否隐藏表达式"
34:      "description": "是否显示"
38:      "description": "是否显示表达式"
42:      "description": "组件唯一 id，主要用于日志采集"
70:      "description": "事件动作配置"
74:      "description": "是否静态展示"
78:      "description": "是否静态展示表达式"
82:      "description": "静态展示空值占位"
86:      "description": "静态展示表单项类名"
90:      "description": "静态展示表单项Label类名"
94:      "description": "静态展示表单项Value类名"
99:      "description": "自定义样式"
106:          "description": "组件行为、用途，如 create、update、remove"
110:          "description": "组件名称，通常是业务名称方便定位"
113:          "description": "编辑器假数据，方便展示"
116:      "description": "编辑器配置，运行时可以忽略"
120:      "description": "可以组件级别用来关闭移动端样式"
128:      "description": "指定为 container 类型"
135:      "description": "内容"
156:  "description": "Wrapper 容器渲染器。 文档：https://aisuda.bce.baidu.com/amis/zh-CN/components/wrapper",
------------------------------------
⚠️  Chinese characters found in: output/YearControlSchema.json
6:      "description": "组件唯一 id，主要用于页面设计器中定位 json 节点"
10:      "description": "容器 css 类名"
14:      "description": "配合 definitions 一起使用，可以实现无限循环的渲染器。"
18:      "description": "是否禁用"
22:      "description": "是否禁用表达式"
26:      "description": "是否隐藏"
30:      "description": "是否隐藏表达式"
34:      "description": "是否显示"
38:      "description": "是否显示表达式"
42:      "description": "组件唯一 id，主要用于日志采集"
70:      "description": "事件动作配置"
74:      "description": "是否静态展示"
78:      "description": "是否静态展示表达式"
82:      "description": "静态展示空值占位"
86:      "description": "静态展示表单项类名"
90:      "description": "静态展示表单项Label类名"
94:      "description": "静态展示表单项Value类名"
99:      "description": "组件样式"
106:          "description": "组件行为、用途，如 create、update、remove"
110:          "description": "组件名称，通常是业务名称方便定位"
113:          "description": "编辑器假数据，方便展示"
116:      "description": "编辑器配置，运行时可以忽略"
120:      "description": "可以组件级别用来关闭移动端样式"
134:      "description": "表单项大小"
146:      "description": "描述标题"
150:      "description": "描述标题"
157:      "description": "label自定义宽度，默认单位为px"
161:      "description": "配置 label className"
165:      "description": "字段名，表单提交时的 key，支持多层级，用.连接，如： a.b.c"
169:      "description": "额外的字段名，当为范围组件时可以用来将另外一个值打平出来"
173:      "description": "显示一个小图标, 鼠标放上去的时候显示提示内容"
177:      "description": "显示一个小图标, 鼠标放上去的时候显示提示内容, 这个小图标跟 label 在一起"
181:      "description": "输入提示，聚焦的时候显示"
185:      "description": "当修改完的时候是否提交表单。"
189:      "description": "是否只读"
193:      "description": "只读条件"
197:      "description": "不设置时，当表单提交过后表单项每次修改都会触发重新验证， 如果设置了，则由此配置项来决定要不要每次修改都触发验证。"
201:      "description": "描述内容，支持 Html 片段。"
208:      "description": "配置描述上的 className"
217:      "description": "配置当前表单项展示模式"
221:      "description": "当配置为水平布局的时候，用来配置具体的左右分配。"
225:      "description": "表单 control 是否为 inline 模式。"
229:      "description": "配置 input className"
233:      "description": "占位符"
237:      "description": "是否为必填"
336:      "description": "验证失败的提示信息"
348:              "description": "是否是字母"
352:              "description": "是否为字母数字"
356:              "description": "是否为邮箱地址"
360:              "description": "是否为浮点型"
364:              "description": "是否为整型"
368:              "description": "是否为 json"
372:              "description": "长度等于指定值"
376:              "description": "是否为数字"
380:              "description": "是否为必填"
384:              "description": "是否为 URL 地址"
388:              "description": "内容命中指定正则"
392:              "description": "内容命中指定正则"
396:              "description": "内容命中指定正则"
400:              "description": "内容命中指定正则"
404:              "description": "内容命中指定正则"
408:              "description": "内容命中指定正则"
412:              "description": "最大长度为指定值"
416:              "description": "最大值为指定值"
420:              "description": "最小长度为指定值"
424:              "description": "最小值为指定值"
438:              "description": "和目标日期相同，支持指定粒度，默认到毫秒"
452:              "description": "早于目标日期，支持指定粒度，默认到毫秒"
466:              "description": "晚于目标日期，支持指定粒度，默认到毫秒"
480:              "description": "早于目标日期或和目标日期相同，支持指定粒度，默认到毫秒"
494:              "description": "晚于目标日期或和目标日期相同，支持指定粒度，默认到毫秒"
508:              "description": "日期处于目标日期范围，支持指定粒度和区间的开闭形式，默认到毫秒, 左右开区间"
522:              "description": "和目标时间相同，支持指定粒度，默认到毫秒"
536:              "description": "早于目标时间，支持指定粒度，默认到毫秒"
550:              "description": "晚于目标时间，支持指定粒度，默认到毫秒"
564:              "description": "早于目标时间或和目标时间相同，支持指定粒度，默认到毫秒"
578:              "description": "晚于目标时间或和目标时间相同，支持指定粒度，默认到毫秒"
592:              "description": "时间处于目标时间范围，支持指定粒度和区间的开闭形式，默认到毫秒, 左右开区间"
599:      "description": "默认值，切记只能是静态值，不支持取变量，跟数据关联是通过设置 name 属性来实现的。"
603:      "description": "表单项隐藏时，是否在当前 Form 中删除掉该表单项值。注意同名的未隐藏的表单项值也会删掉"
614:      "description": "远端校验表单项接口"
629:              "description": "是否为参照录入模式，参照录入会展示候选值供用户选择，而不是直接填充。"
632:              "description": "参照录入时，默认选中的值"
643:              "description": "自动填充 api"
647:              "description": "是否展示数据格式错误提示，默认为不展示",
652:              "description": "填充时的数据映射"
661:              "description": "触发条件，默认为 change"
670:              "description": "弹窗方式，当为参照录入时用可以配置"
674:              "description": "当参照录入为抽屉时可以配置弹出位置"
678:              "description": "当为参照录入时可以配置弹出容器的大小"
683:              "description": "参照录入展示的项"
686:              "description": "参照录入时的过滤条件"
692:      "description": "自动填充，当选项被选择的时候，将选项中的其他值同步设置到表单内。"
711:      "description": "指定为月份时间选择控件"
715:      "description": "是否显示清除按钮"
719:      "description": "月份存储格式"
723:      "description": "替代format"
727:      "description": "月份展示格式"
731:      "description": "日期展示格式(新：替代inputFormat)"
735:      "description": "设定是否存储 utc 时间。"
739:      "description": "是否为内联模式？"
748:      "description": "边框模式，全边框，还是半边框，或者没边框。"
762:      "description": "日期快捷键"
766:      "description": "字符串函数，用来决定是否禁用某个日期。\n\n(currentDate: moment.Moment, props: any) => boolean;"
776:  "description": "年份选择控件",
------------------------------------
